2025-04-10 23:09:03,886 [INFO] Activator:176 - 


2025-04-10 23:09:03,894 [INFO] Activator:177 - !SESSION log4j initialized
2025-04-10 23:09:11,439 [INFO] LogOutputStream:77 - [STDOUT_REDIRECT] 
2025-04-10 23:09:13,237 [INFO] ApplicationProperties:184 - Using Application install path: C:\ST\STM32CubeIDE_1.18.0\STM32CubeIDE\plugins\com.st.stm32cube.common.mx_6.14.0.202502271554
2025-04-10 23:09:13,255 [INFO] DbMcusXml:78 - Set database path to: C:\ST\STM32CubeIDE_1.18.0\STM32CubeIDE\plugins\com.st.stm32cube.common.mx_6.14.0.202502271554\\db\/mcu/
2025-04-10 23:09:13,256 [INFO] ApiDb:274 - Set plugin database path to: C:\ST\STM32CubeIDE_1.18.0\STM32CubeIDE\plugins\com.st.stm32cube.common.mx_6.14.0.202502271554\\db\/plugins/boardmanager/
2025-04-10 23:09:13,256 [WARN] ApiDb:259 - Overriding images path with different value:  => C:\ST\STM32CubeIDE_1.18.0\STM32CubeIDE\plugins\com.st.stm32cube.common.mx_6.14.0.202502271554\\db\/plugins/mcufinder/images/
2025-04-10 23:09:13,267 [INFO] ApiDb:250 - Set database path to: C:\Users\Damian\.stmcufinder\plugins\mcufinder//mcu/
2025-04-10 23:09:13,269 [INFO] DbMcusAds:125 - Set database path to: C:\Users\Damian\.stmcufinder\plugins\mcufinder//mcu/
2025-04-10 23:09:13,272 [INFO] CrossReferenceDbSqlite:203 - Set database path to: C:\Users\Damian\.stmcufinder\plugins\mcufinder//mcu/cs/
2025-04-10 23:09:13,400 [INFO] RulesReader:64 - Compatibility file has been processed (301 Rules)
2025-04-10 23:09:13,501 [INFO] DbMcusXml:78 - Set database path to: C:\ST\STM32CubeIDE_1.18.0\STM32CubeIDE\plugins\com.st.stm32cube.common.mx_6.14.0.202502271554\\db\/mcu/
2025-04-10 23:09:13,501 [INFO] ApiDb:274 - Set plugin database path to: C:\ST\STM32CubeIDE_1.18.0\STM32CubeIDE\plugins\com.st.stm32cube.common.mx_6.14.0.202502271554\\db\/plugins/boardmanager/
2025-04-10 23:09:13,501 [INFO] ApiDb:261 - Set plugin images path to: C:\ST\STM32CubeIDE_1.18.0\STM32CubeIDE\plugins\com.st.stm32cube.common.mx_6.14.0.202502271554\\db\/plugins/mcufinder/images/
2025-04-10 23:09:13,501 [WARN] DbFile:41 - Overriding database path with different value: C:\Users\Damian\.stmcufinder\plugins\mcufinder/ => C:\Users\Damian\.stmcufinder\plugins\mcufinder
2025-04-10 23:09:13,502 [INFO] ApiDb:250 - Set database path to: C:\Users\Damian\.stmcufinder\plugins\mcufinder//mcu/
2025-04-10 23:09:13,502 [WARN] DbFile:41 - Overriding database path with different value: C:\Users\Damian\.stmcufinder\plugins\mcufinder/ => C:\Users\Damian\.stmcufinder\plugins\mcufinder
2025-04-10 23:09:13,502 [INFO] DbMcusAds:125 - Set database path to: C:\Users\Damian\.stmcufinder\plugins\mcufinder//mcu/
2025-04-10 23:09:13,502 [WARN] DbFile:41 - Overriding database path with different value: C:\Users\Damian\.stmcufinder\plugins\mcufinder/ => C:\Users\Damian\.stmcufinder\plugins\mcufinder
2025-04-10 23:09:13,502 [WARN] DbFile:41 - Overriding database path with different value: C:\Users\Damian\.stmcufinder\plugins\mcufinder/ => C:\Users\Damian\.stmcufinder\plugins\mcufinder
2025-04-10 23:09:13,502 [INFO] CrossReferenceDbSqlite:203 - Set database path to: C:\Users\Damian\.stmcufinder\plugins\mcufinder//mcu/cs/
2025-04-10 23:09:13,594 [INFO] MainPanel:272 - HeapMemory: 268435456
2025-04-10 23:09:13,754 [INFO] DbMcusXml:78 - Set database path to: C:\ST\STM32CubeIDE_1.18.0\STM32CubeIDE\plugins\com.st.stm32cube.common.mx_6.14.0.202502271554\\db\/mcu/
2025-04-10 23:09:13,754 [INFO] ApiDb:274 - Set plugin database path to: C:\ST\STM32CubeIDE_1.18.0\STM32CubeIDE\plugins\com.st.stm32cube.common.mx_6.14.0.202502271554\\db\/plugins/boardmanager/
2025-04-10 23:09:13,754 [INFO] ApiDb:261 - Set plugin images path to: C:\ST\STM32CubeIDE_1.18.0\STM32CubeIDE\plugins\com.st.stm32cube.common.mx_6.14.0.202502271554\\db\/plugins/mcufinder/images/
2025-04-10 23:09:13,754 [WARN] DbFile:41 - Overriding database path with different value: C:\Users\Damian\.stmcufinder\plugins\mcufinder/ => C:\Users\Damian\.stmcufinder\plugins\mcufinder
2025-04-10 23:09:13,754 [INFO] ApiDb:250 - Set database path to: C:\Users\Damian\.stmcufinder\plugins\mcufinder//mcu/
2025-04-10 23:09:13,754 [WARN] DbFile:41 - Overriding database path with different value: C:\Users\Damian\.stmcufinder\plugins\mcufinder/ => C:\Users\Damian\.stmcufinder\plugins\mcufinder
2025-04-10 23:09:13,754 [INFO] DbMcusAds:125 - Set database path to: C:\Users\Damian\.stmcufinder\plugins\mcufinder//mcu/
2025-04-10 23:09:13,754 [WARN] DbFile:41 - Overriding database path with different value: C:\Users\Damian\.stmcufinder\plugins\mcufinder/ => C:\Users\Damian\.stmcufinder\plugins\mcufinder
2025-04-10 23:09:13,755 [WARN] DbFile:41 - Overriding database path with different value: C:\Users\Damian\.stmcufinder\plugins\mcufinder/ => C:\Users\Damian\.stmcufinder\plugins\mcufinder
2025-04-10 23:09:13,755 [INFO] CrossReferenceDbSqlite:203 - Set database path to: C:\Users\Damian\.stmcufinder\plugins\mcufinder//mcu/cs/
2025-04-10 23:09:13,775 [INFO] ApplicationProperties:184 - Using Application install path: C:\ST\STM32CubeIDE_1.18.0\STM32CubeIDE\plugins\com.st.stm32cube.common.mx_6.14.0.202502271554
2025-04-10 23:09:13,777 [INFO] PluginManage:196 - Search for loadable plugins [exclusion list=, ]
2025-04-10 23:09:13,778 [INFO] PluginManage:310 - Check plugin analytics
2025-04-10 23:09:14,013 [INFO] AnalyticsPlugin:253 - Accepted Software Licenses: 
2025-04-10 23:09:14,013 [INFO] AnalyticsPlugin:255 - Accepted CMSIS Pack Licenses: 
2025-04-10 23:09:14,013 [INFO] AnalyticsPlugin:257 - Accepted Firmware Licenses: FW.L4.1.18.0
2025-04-10 23:09:14,017 [INFO] PluginManage:359 - Loaded plugin analytics (category:tool,tabindex:-1)
2025-04-10 23:09:14,017 [INFO] PluginManage:310 - Check plugin cadmodel
2025-04-10 23:09:14,027 [INFO] CADModel:105 - Init CAD model plugin
2025-04-10 23:09:14,027 [INFO] PluginManage:359 - Loaded plugin cadmodel (category:power,tabindex:5)
2025-04-10 23:09:14,027 [INFO] PluginManage:310 - Check plugin clock
2025-04-10 23:09:14,040 [INFO] PluginManage:359 - Loaded plugin clock (category:base,tabindex:2)
2025-04-10 23:09:14,041 [INFO] PluginManage:310 - Check plugin ddr
2025-04-10 23:09:14,044 [INFO] PluginManage:359 - Loaded plugin ddr (category:tool,tabindex:6)
2025-04-10 23:09:14,044 [INFO] PluginManage:310 - Check plugin filemanager
2025-04-10 23:09:14,196 [INFO] PluginManage:359 - Loaded plugin filemanager (category:base,tabindex:10)
2025-04-10 23:09:14,196 [INFO] PluginManage:310 - Check plugin ipmanager
2025-04-10 23:09:14,205 [INFO] PluginManage:359 - Loaded plugin ipmanager (category:base,tabindex:5)
2025-04-10 23:09:14,206 [INFO] PluginManage:310 - Check plugin lpbam
2025-04-10 23:09:14,216 [INFO] PluginManage:359 - Loaded plugin lpbam (category:base,tabindex:0)
2025-04-10 23:09:14,216 [INFO] PluginManage:310 - Check plugin memorymap
2025-04-10 23:09:14,233 [INFO] PluginManage:359 - Loaded plugin memorymap (category:base,tabindex:4)
2025-04-10 23:09:14,233 [INFO] PluginManage:310 - Check plugin pinoutandconfiguration
2025-04-10 23:09:14,243 [INFO] PluginManage:359 - Loaded plugin pinoutandconfiguration (category:base,tabindex:1)
2025-04-10 23:09:14,244 [INFO] PluginManage:310 - Check plugin pinoutconfig
2025-04-10 23:09:14,346 [WARN] SupportedApi:132 - Cannot load RTOS API schema: s4s-elt-must-match.1: The content of 'definitions' must match (annotation?, (simpleType | complexType)?, (unique | key | keyref)*)). A problem was found starting at: attribute.
2025-04-10 23:09:14,508 [INFO] PluginManage:359 - Loaded plugin pinoutconfig (category:base,tabindex:0)
2025-04-10 23:09:14,509 [INFO] PluginManage:310 - Check plugin power
2025-04-10 23:09:14,529 [INFO] PluginManage:359 - Loaded plugin power (category:power,tabindex:4)
2025-04-10 23:09:14,530 [INFO] PluginManage:310 - Check plugin projectmanager
2025-04-10 23:09:14,548 [INFO] PluginManage:359 - Loaded plugin projectmanager (category:projectmanager,tabindex:4)
2025-04-10 23:09:14,549 [INFO] PluginManage:310 - Check plugin rif
2025-04-10 23:09:14,559 [INFO] PluginManage:359 - Loaded plugin rif (category:base,tabindex:3)
2025-04-10 23:09:14,559 [INFO] PluginManage:310 - Check plugin thirdparty
2025-04-10 23:09:14,717 [WARN] IntegrityCheckThread:84 - waiting for thirdparty lock release [integrity check]
2025-04-10 23:09:14,718 [INFO] IntegrityCheckThread:86 - entering critical section [integrity check]
2025-04-10 23:09:14,718 [INFO] ThirdPartyUpdaterWithRetryManager:70 - Updater plugin not ready yet. [1/15]
2025-04-10 23:09:14,718 [INFO] PluginManage:359 - Loaded plugin thirdparty (category:base,tabindex:-1)
2025-04-10 23:09:14,718 [INFO] PluginManage:310 - Check plugin tools
2025-04-10 23:09:14,723 [INFO] PluginManage:359 - Loaded plugin tools (category:base,tabindex:7)
2025-04-10 23:09:14,723 [INFO] PluginManage:310 - Check plugin tutovideos
2025-04-10 23:09:14,943 [INFO] PluginManage:359 - Loaded plugin tutovideos (category:base,tabindex:-1)
2025-04-10 23:09:14,943 [INFO] PluginManage:310 - Check plugin updater
2025-04-10 23:09:14,963 [INFO] PluginManage:359 - Loaded plugin updater (category:base,tabindex:12)
2025-04-10 23:09:14,964 [INFO] PluginManage:310 - Check plugin userauth
2025-04-10 23:09:14,969 [INFO] UserAuth:118 - Init User Auth plugin
2025-04-10 23:09:14,969 [INFO] PluginManage:359 - Loaded plugin userauth (category:base,tabindex:14)
2025-04-10 23:09:14,970 [INFO] PluginManage:283 - PluginManage : Loaded plugins [18]
2025-04-10 23:09:15,198 [INFO] PinOutPanel:1589 - setPackage(No Configuration,No Configuration)
2025-04-10 23:09:15,289 [INFO] CADModel:165 - CPN selected for project level
2025-04-10 23:09:15,289 [INFO] CADModel:114 - Register for checkConnection events
2025-04-10 23:09:15,314 [INFO] IPUIPlugin:80 - create IPUIPlugin
2025-04-10 23:09:15,314 [INFO] PluginManager:220 - loadIPPluginJar : add adc
2025-04-10 23:09:15,318 [INFO] IPUIPlugin:80 - create IPUIPlugin
2025-04-10 23:09:15,318 [INFO] PluginManager:220 - loadIPPluginJar : add aes
2025-04-10 23:09:15,322 [INFO] IPUIPlugin:80 - create IPUIPlugin
2025-04-10 23:09:15,322 [INFO] PluginManager:220 - loadIPPluginJar : add can
2025-04-10 23:09:15,324 [INFO] IPUIPlugin:80 - create IPUIPlugin
2025-04-10 23:09:15,324 [INFO] PluginManager:220 - loadIPPluginJar : add comp
2025-04-10 23:09:15,328 [INFO] IPUIPlugin:80 - create IPUIPlugin
2025-04-10 23:09:15,328 [INFO] PluginManager:220 - loadIPPluginJar : add cryp
2025-04-10 23:09:15,333 [INFO] IPUIPlugin:80 - create IPUIPlugin
2025-04-10 23:09:15,333 [INFO] PluginManager:220 - loadIPPluginJar : add ddr_ctrl_phy
2025-04-10 23:09:15,336 [INFO] IPUIPlugin:80 - create IPUIPlugin
2025-04-10 23:09:15,336 [INFO] PluginManager:220 - loadIPPluginJar : add dfsdm
2025-04-10 23:09:15,344 [INFO] IPUIPlugin:80 - create IPUIPlugin
2025-04-10 23:09:15,344 [INFO] PluginManager:220 - loadIPPluginJar : add dma
2025-04-10 23:09:15,348 [INFO] IPUIPlugin:80 - create IPUIPlugin
2025-04-10 23:09:15,349 [INFO] PluginManager:220 - loadIPPluginJar : add dma3
2025-04-10 23:09:15,352 [INFO] IPUIPlugin:80 - create IPUIPlugin
2025-04-10 23:09:15,352 [INFO] PluginManager:220 - loadIPPluginJar : add extmemmanager
2025-04-10 23:09:15,354 [INFO] IPUIPlugin:80 - create IPUIPlugin
2025-04-10 23:09:15,354 [INFO] PluginManager:220 - loadIPPluginJar : add fatfs
2025-04-10 23:09:15,359 [INFO] IPUIPlugin:80 - create IPUIPlugin
2025-04-10 23:09:15,360 [INFO] PluginManager:220 - loadIPPluginJar : add fmc
2025-04-10 23:09:15,368 [INFO] IPUIPlugin:80 - create IPUIPlugin
2025-04-10 23:09:15,368 [INFO] PluginManager:220 - loadIPPluginJar : add freertos
2025-04-10 23:09:15,370 [INFO] IPUIPlugin:80 - create IPUIPlugin
2025-04-10 23:09:15,371 [INFO] PluginManager:220 - loadIPPluginJar : add genericplugin
2025-04-10 23:09:15,374 [INFO] IPUIPlugin:80 - create IPUIPlugin
2025-04-10 23:09:15,374 [INFO] PluginManager:220 - loadIPPluginJar : add gfxmmu
2025-04-10 23:09:15,379 [INFO] IPUIPlugin:80 - create IPUIPlugin
2025-04-10 23:09:15,379 [INFO] PluginManager:220 - loadIPPluginJar : add gic
2025-04-10 23:09:15,384 [INFO] IPUIPlugin:80 - create IPUIPlugin
2025-04-10 23:09:15,385 [INFO] PluginManager:220 - loadIPPluginJar : add gpio
2025-04-10 23:09:15,390 [INFO] IPUIPlugin:80 - create IPUIPlugin
2025-04-10 23:09:15,390 [INFO] PluginManager:220 - loadIPPluginJar : add gtzc
2025-04-10 23:09:15,394 [INFO] IPUIPlugin:80 - create IPUIPlugin
2025-04-10 23:09:15,394 [INFO] PluginManager:220 - loadIPPluginJar : add hash
2025-04-10 23:09:15,399 [INFO] IPUIPlugin:80 - create IPUIPlugin
2025-04-10 23:09:15,400 [INFO] PluginManager:220 - loadIPPluginJar : add i2c
2025-04-10 23:09:15,403 [INFO] IPUIPlugin:80 - create IPUIPlugin
2025-04-10 23:09:15,404 [INFO] PluginManager:220 - loadIPPluginJar : add i2s
2025-04-10 23:09:15,407 [INFO] IPUIPlugin:80 - create IPUIPlugin
2025-04-10 23:09:15,408 [INFO] PluginManager:220 - loadIPPluginJar : add i3c
2025-04-10 23:09:15,412 [INFO] IPUIPlugin:80 - create IPUIPlugin
2025-04-10 23:09:15,412 [INFO] PluginManager:220 - loadIPPluginJar : add ipddr
2025-04-10 23:09:15,423 [INFO] IPUIPlugin:80 - create IPUIPlugin
2025-04-10 23:09:15,423 [INFO] PluginManager:220 - loadIPPluginJar : add linkedlist
2025-04-10 23:09:15,427 [INFO] IPUIPlugin:80 - create IPUIPlugin
2025-04-10 23:09:15,427 [INFO] PluginManager:220 - loadIPPluginJar : add lorawan
2025-04-10 23:09:15,430 [INFO] IPUIPlugin:80 - create IPUIPlugin
2025-04-10 23:09:15,431 [INFO] PluginManager:220 - loadIPPluginJar : add ltdc
2025-04-10 23:09:15,438 [INFO] IPUIPlugin:80 - create IPUIPlugin
2025-04-10 23:09:15,439 [INFO] PluginManager:220 - loadIPPluginJar : add mdma
2025-04-10 23:09:15,445 [INFO] IPUIPlugin:80 - create IPUIPlugin
2025-04-10 23:09:15,446 [INFO] PluginManager:220 - loadIPPluginJar : add nvic
2025-04-10 23:09:15,450 [INFO] IPUIPlugin:80 - create IPUIPlugin
2025-04-10 23:09:15,451 [INFO] PluginManager:220 - loadIPPluginJar : add opamp
2025-04-10 23:09:15,455 [INFO] IPUIPlugin:80 - create IPUIPlugin
2025-04-10 23:09:15,455 [INFO] PluginManager:220 - loadIPPluginJar : add openamp
2025-04-10 23:09:15,460 [INFO] IPUIPlugin:80 - create IPUIPlugin
2025-04-10 23:09:15,460 [INFO] PluginManager:220 - loadIPPluginJar : add pdm2pcm
2025-04-10 23:09:15,469 [INFO] IPUIPlugin:80 - create IPUIPlugin
2025-04-10 23:09:15,471 [INFO] PluginManager:220 - loadIPPluginJar : add plateformsettings
2025-04-10 23:09:15,473 [INFO] IPUIPlugin:80 - create IPUIPlugin
2025-04-10 23:09:15,474 [INFO] PluginManager:220 - loadIPPluginJar : add quadspi
2025-04-10 23:09:15,476 [INFO] IPUIPlugin:80 - create IPUIPlugin
2025-04-10 23:09:15,477 [INFO] PluginManager:220 - loadIPPluginJar : add radio
2025-04-10 23:09:15,483 [INFO] IPUIPlugin:80 - create IPUIPlugin
2025-04-10 23:09:15,483 [INFO] PluginManager:220 - loadIPPluginJar : add resmgrutility
2025-04-10 23:09:15,488 [INFO] IPUIPlugin:80 - create IPUIPlugin
2025-04-10 23:09:15,488 [INFO] PluginManager:220 - loadIPPluginJar : add sai
2025-04-10 23:09:15,492 [INFO] IPUIPlugin:80 - create IPUIPlugin
2025-04-10 23:09:15,492 [INFO] PluginManager:220 - loadIPPluginJar : add spi
2025-04-10 23:09:15,500 [INFO] IPUIPlugin:80 - create IPUIPlugin
2025-04-10 23:09:15,500 [INFO] PluginManager:220 - loadIPPluginJar : add stm32_wpan
2025-04-10 23:09:15,502 [INFO] IPUIPlugin:80 - create IPUIPlugin
2025-04-10 23:09:15,503 [INFO] PluginManager:220 - loadIPPluginJar : add tim
2025-04-10 23:09:15,507 [INFO] IPUIPlugin:80 - create IPUIPlugin
2025-04-10 23:09:15,507 [INFO] PluginManager:220 - loadIPPluginJar : add touchsensing
2025-04-10 23:09:15,510 [INFO] IPUIPlugin:80 - create IPUIPlugin
2025-04-10 23:09:15,510 [INFO] PluginManager:220 - loadIPPluginJar : add tracer_emb
2025-04-10 23:09:15,514 [INFO] IPUIPlugin:80 - create IPUIPlugin
2025-04-10 23:09:15,514 [INFO] PluginManager:220 - loadIPPluginJar : add ts
2025-04-10 23:09:15,516 [INFO] IPUIPlugin:80 - create IPUIPlugin
2025-04-10 23:09:15,516 [INFO] PluginManager:220 - loadIPPluginJar : add tsc
2025-04-10 23:09:15,520 [INFO] IPUIPlugin:80 - create IPUIPlugin
2025-04-10 23:09:15,521 [INFO] PluginManager:220 - loadIPPluginJar : add ucpd
2025-04-10 23:09:15,524 [INFO] IPUIPlugin:80 - create IPUIPlugin
2025-04-10 23:09:15,524 [INFO] PluginManager:220 - loadIPPluginJar : add usart
2025-04-10 23:09:15,530 [INFO] IPUIPlugin:80 - create IPUIPlugin
2025-04-10 23:09:15,530 [INFO] PluginManager:220 - loadIPPluginJar : add usbx
2025-04-10 23:09:15,674 [FATAL] Updater:351 - Updater called before beeing initialized
2025-04-10 23:09:15,698 [INFO] RulesReader:64 - Compatibility file has been processed (301 Rules)
2025-04-10 23:09:15,710 [INFO] RulesReader:64 - Compatibility file has been processed (301 Rules)
2025-04-10 23:09:15,726 [INFO] CADModel:165 - CPN selected for project level
2025-04-10 23:09:15,726 [INFO] CADModel:114 - Register for checkConnection events
2025-04-10 23:09:15,727 [FATAL] Updater:351 - Updater called before beeing initialized
2025-04-10 23:09:15,727 [ERROR] CADModel:125 - Updater not yet initialized, retry later 
2025-04-10 23:09:15,911 [FATAL] Updater:351 - Updater called before beeing initialized
2025-04-10 23:09:15,914 [INFO] CADModel:165 - CPN selected for project level
2025-04-10 23:09:15,914 [INFO] CADModel:114 - Register for checkConnection events
2025-04-10 23:09:15,914 [FATAL] Updater:351 - Updater called before beeing initialized
2025-04-10 23:09:15,914 [ERROR] CADModel:125 - Updater not yet initialized, retry later 
2025-04-10 23:09:15,917 [FATAL] Updater:351 - Updater called before beeing initialized
2025-04-10 23:09:16,076 [FATAL] Updater:351 - Updater called before beeing initialized
2025-04-10 23:09:16,082 [INFO] DbMcusAds:53 - JSON generation date=Thu Mar 06 15:54:21 CET 2025 (1741272861825)
2025-04-10 23:09:16,083 [FATAL] Updater:351 - Updater called before beeing initialized
2025-04-10 23:09:16,134 [WARN] DetailPanel:346 - Failed to get advertising image, set to default
2025-04-10 23:09:16,407 [FATAL] Updater:351 - Updater called before beeing initialized
2025-04-10 23:09:16,410 [FATAL] Updater:351 - Updater called before beeing initialized
2025-04-10 23:09:16,410 [FATAL] Updater:351 - Updater called before beeing initialized
2025-04-10 23:09:16,410 [WARN] DetailPanel:346 - Failed to get advertising image, set to default
2025-04-10 23:09:16,411 [FATAL] Updater:351 - Updater called before beeing initialized
2025-04-10 23:09:16,467 [ERROR] Updater:1198 - MainUpdater not yet initialized. External WinMGr cannot be set.
2025-04-10 23:09:16,470 [INFO] Updater:1134 - Updater Version found : 6.14.0
2025-04-10 23:09:16,491 [INFO] ApplicationProperties:184 - Using Application install path: C:\ST\STM32CubeIDE_1.18.0\STM32CubeIDE\plugins\com.st.stm32cube.common.mx_6.14.0.202502271554
2025-04-10 23:09:17,718 [INFO] ThirdPartyUpdaterWithRetryManager:70 - Updater plugin not ready yet. [2/15]
2025-04-10 23:09:18,064 [ERROR] LogOutputStream:75 - [STDERR_REDIRECT] Apr 10, 2025 11:09:18 PM java.util.prefs.WindowsPreferences <init>
2025-04-10 23:09:18,066 [ERROR] LogOutputStream:75 - [STDERR_REDIRECT] WARNING: Could not open/create prefs root node Software\JavaSoft\Prefs at root 0xffffffff80000002. Windows RegCreateKeyEx(...) returned error code 5.
2025-04-10 23:09:18,066 [ERROR] LogOutputStream:75 - [STDERR_REDIRECT] 
2025-04-10 23:09:18,475 [INFO] MainUpdater:2872 - connection check result : 10
2025-04-10 23:09:18,476 [INFO] MainUpdater:3566 - Updater definition file requires update
2025-04-10 23:09:18,477 [INFO] MainUpdater:289 - Updater Check For Update Now.
2025-04-10 23:09:18,477 [INFO] MicroXplorer:498 - Change Database Version : DB.6.0.140
2025-04-10 23:09:18,482 [INFO] McuFinderGlobals:63 - Set McuFinder mode to 2 (CubeIDE integrated)
2025-04-10 23:09:18,483 [INFO] UserAuth:486 - Internet connection configuration mode: 1
2025-04-10 23:09:18,506 [INFO] JxBrowserEngine:152 - Initiate JxBrowser Engine with user profile folder
2025-04-10 23:09:18,534 [INFO] ServerAccessManage:473 - Download File updaters.zip
2025-04-10 23:09:18,693 [INFO] FileExtend:242 - Unzip File : updaters.zip
2025-04-10 23:09:18,693 [INFO] FileExtend:257 - Standard Zip Deflate
2025-04-10 23:09:19,264 [INFO] ServerAccessManage:473 - Download File PacksControlFlags.xml
2025-04-10 23:09:19,487 [INFO] ServerAccessManage:473 - Download File cubemx.pidx
2025-04-10 23:09:20,719 [WARN] MainUpdater:1193 - Updater busy. Cannot search thirdparties
2025-04-10 23:09:20,719 [INFO] ThirdPartyUpdaterWithRetryManager:96 - Updater plugin is busy. [1/15]
2025-04-10 23:09:21,707 [INFO] ServerAccessManage:473 - Download File STMicroelectronics.X-CUBE-DPOWER.pdsc
2025-04-10 23:09:21,754 [INFO] WebApp:169 - Instantiating new browser for Auth
2025-04-10 23:09:22,132 [ERROR] ServerAccessManage:1089 - Problem, file not found on Server
2025-04-10 23:09:22,355 [ERROR] ServerAccessManage:1089 - Problem, file not found on Server
2025-04-10 23:09:22,548 [ERROR] ServerAccessManage:1089 - Problem, file not found on Server
2025-04-10 23:09:22,709 [INFO] WebApp:463 - Apply proxy settings
2025-04-10 23:09:22,709 [INFO] WebApp:548 - Chromium requires no authentication
2025-04-10 23:09:22,718 [INFO] WebApp:491 - Direct internet connection detected
2025-04-10 23:09:22,745 [INFO] WebApp:894 - Register for checkConnection events
2025-04-10 23:09:22,745 [INFO] WebApp:463 - Apply proxy settings
2025-04-10 23:09:22,745 [INFO] WebApp:548 - Chromium requires no authentication
2025-04-10 23:09:22,746 [ERROR] ServerAccessManage:1089 - Problem, file not found on Server
2025-04-10 23:09:22,746 [INFO] WebApp:491 - Direct internet connection detected
2025-04-10 23:09:22,914 [INFO] WebApp:191 - Connection restablished
2025-04-10 23:09:22,938 [ERROR] ServerAccessManage:1089 - Problem, file not found on Server
2025-04-10 23:09:23,006 [INFO] WebApp:225 - Starting web application
2025-04-10 23:09:23,006 [INFO] WebApp:593 - Web application path used C:\ST\STM32CubeIDE_1.18.0\STM32CubeIDE\plugins\com.st.stm32cube.common.mx_6.14.0.202502271554\db\plugins\mcufinder\reactClient1\index.html
2025-04-10 23:09:23,096 [ERROR] ServerAccessManage:1089 - Problem, file not found on Server
2025-04-10 23:09:23,241 [INFO] UserAuth:486 - Internet connection configuration mode: 1
2025-04-10 23:09:23,290 [ERROR] ServerAccessManage:1089 - Problem, file not found on Server
2025-04-10 23:09:23,496 [ERROR] ServerAccessManage:1089 - Problem, file not found on Server
2025-04-10 23:09:23,706 [ERROR] ServerAccessManage:1089 - Problem, file not found on Server
2025-04-10 23:09:23,721 [WARN] MainUpdater:1193 - Updater busy. Cannot search thirdparties
2025-04-10 23:09:23,721 [INFO] ThirdPartyUpdaterWithRetryManager:96 - Updater plugin is busy. [2/15]
2025-04-10 23:09:23,920 [ERROR] ServerAccessManage:1089 - Problem, file not found on Server
2025-04-10 23:09:24,106 [ERROR] ServerAccessManage:1089 - Problem, file not found on Server
2025-04-10 23:09:25,275 [INFO] ServerAccessManage:473 - Download File Avnet-IotConnect.X-CUBE-IoTC-DA16k-PMOD.pdsc
2025-04-10 23:09:25,687 [WARN] PackLoader:240 - Cannot read IP mode file for STMicroelectronics.X-CUBE-DPower.1.3.0
2025-04-10 23:09:25,697 [WARN] PackLoader:240 - Cannot read IP mode file for Avnet-IotConnect.X-CUBE-IoTC-DA16k-PMOD.1.0.0
2025-04-10 23:09:25,698 [INFO] PopulateThirdPartyThread:66 - Ending populate Thread
2025-04-10 23:09:25,700 [INFO] ThirdParty:1030 - CMSIS Pack Vendor :STMicroelectronics X-CUBE-DPower 1.3.0
2025-04-10 23:09:25,701 [INFO] ThirdParty:1030 - CMSIS Pack Vendor :Avnet-IotConnect X-CUBE-IoTC-DA16k-PMOD 1.0.0
2025-04-10 23:09:25,701 [INFO] LoadServerUpdatesThread:375 - End of LoadServerUpdate Thread
2025-04-10 23:09:25,775 [INFO] CheckServerUpdateThread:120 - End of CheckServer Thread
2025-04-10 23:09:27,017 [WARN] PackLoader:240 - Cannot read IP mode file for STMicroelectronics.FP-SNS-MOTENVWB1.1.4.0
2025-04-10 23:09:27,024 [WARN] PackLoader:240 - Cannot read IP mode file for STMicroelectronics.FP-ATR-ASTRA1.2.0.2
2025-04-10 23:09:27,032 [WARN] PackLoader:240 - Cannot read IP mode file for STMicroelectronics.X-CUBE-SMBUS.2.1.0
2025-04-10 23:09:27,042 [WARN] PackLoader:240 - Cannot read IP mode file for STMicroelectronics.X-CUBE-WB05N.1.1.0
2025-04-10 23:09:27,073 [WARN] PackLoader:240 - Cannot read IP mode file for STMicroelectronics.X-CUBE-AZRTOS-F7.1.1.0
2025-04-10 23:09:27,117 [WARN] PackLoader:240 - Cannot read IP mode file for Infineon.AIROC-Wi-Fi-Bluetooth-STM32.1.7.0
2025-04-10 23:09:27,134 [WARN] PackLoader:240 - Cannot read IP mode file for STMicroelectronics.X-CUBE-DISPLAY.3.0.0
2025-04-10 23:09:27,149 [WARN] PackLoader:240 - Cannot read IP mode file for STMicroelectronics.X-CUBE-NFC10.1.0.0
2025-04-10 23:09:27,164 [WARN] PackLoader:240 - Cannot read IP mode file for STMicroelectronics.X-CUBE-BLEMGR.4.0.0
2025-04-10 23:09:27,177 [WARN] PackLoader:240 - Cannot read IP mode file for emotas.I-CUBE-CANOPEN.1.3.0
2025-04-10 23:09:27,184 [WARN] ConditionMgr:438 - getConditionDescription Invalid condition id : Cortex-A Device cause : null
2025-04-10 23:09:27,196 [WARN] ConditionMgr:1044 - genDependencies : Invalid condition id : Cortex-A Device cause : null
2025-04-10 23:09:27,196 [WARN] ConditionMgr:1044 - genDependencies : Invalid condition id : Cortex-A Device cause : null
2025-04-10 23:09:27,196 [WARN] ConditionMgr:1044 - genDependencies : Invalid condition id : Cortex-A Device cause : null
2025-04-10 23:09:27,202 [WARN] PackLoader:240 - Cannot read IP mode file for STMicroelectronics.X-CUBE-AI.10.0.0
2025-04-10 23:09:27,209 [WARN] PackLoader:240 - Cannot read IP mode file for STMicroelectronics.FP-SNS-SMARTAG2.1.2.0
2025-04-10 23:09:27,216 [WARN] PackLoader:240 - Cannot read IP mode file for STMicroelectronics.FP-SNS-FLIGHT1.5.1.0
2025-04-10 23:09:27,309 [WARN] PackLoader:240 - Cannot read IP mode file for STMicroelectronics.X-CUBE-MEMS1.11.1.0
2025-04-10 23:09:27,518 [INFO] LogOutputStream:77 - [STDOUT_REDIRECT] 1 : Invalid condition id : UX_CORESTACK_Condition cause : null
2025-04-10 23:09:27,519 [INFO] LogOutputStream:77 - [STDOUT_REDIRECT] 1 : Invalid condition id : UX_CORESTACK_Condition cause : null
2025-04-10 23:09:27,522 [INFO] LogOutputStream:77 - [STDOUT_REDIRECT] 1 : Invalid condition id : UX_CORESTACK_Condition cause : null
2025-04-10 23:09:27,525 [INFO] LogOutputStream:77 - [STDOUT_REDIRECT] 1 : Invalid condition id : UX_CORESTACK_Condition cause : null
2025-04-10 23:09:27,526 [INFO] LogOutputStream:77 - [STDOUT_REDIRECT] 1 : Invalid condition id : UX_CORESTACK_Condition cause : null
2025-04-10 23:09:27,531 [WARN] PackLoader:240 - Cannot read IP mode file for STMicroelectronics.X-CUBE-AZRTOS-WL.2.0.0
2025-04-10 23:09:27,541 [WARN] PackLoader:240 - Cannot read IP mode file for STMicroelectronics.FP-SNS-MOTENV1.5.0.0
2025-04-10 23:09:27,552 [WARN] PackLoader:240 - Cannot read IP mode file for WES.I-CUBE-Cesium.1.3.0
2025-04-10 23:09:27,559 [WARN] PackLoader:240 - Cannot read IP mode file for STMicroelectronics.X-CUBE-BLE2.3.3.0
2025-04-10 23:09:27,568 [WARN] PackLoader:240 - Cannot read IP mode file for STMicroelectronics.X-CUBE-NFC9.1.0.0
2025-04-10 23:09:27,577 [WARN] PackLoader:240 - Cannot read IP mode file for STMicroelectronics.X-CUBE-BLE1.7.1.0
2025-04-10 23:09:27,583 [WARN] PackLoader:240 - Cannot read IP mode file for wolfSSL.I-CUBE-wolfMQTT.1.19.2
2025-04-10 23:09:27,604 [WARN] PackLoader:240 - Cannot read IP mode file for STMicroelectronics.X-CUBE-AZRTOS-G0.1.1.0
2025-04-10 23:09:27,616 [WARN] PackLoader:240 - Cannot read IP mode file for STMicroelectronics.X-CUBE-SAFEA1.1.2.2
2025-04-10 23:09:27,625 [WARN] PackLoader:240 - Cannot read IP mode file for STMicroelectronics.X-CUBE-NFC4.3.0.0
2025-04-10 23:09:27,638 [WARN] PackLoader:240 - Cannot read IP mode file for EmbeddedOffice.I-CUBE-FS-RTOS.1.0.1
2025-04-10 23:09:27,644 [WARN] PackLoader:240 - Cannot read IP mode file for wolfSSL.I-CUBE-wolfTPM.3.8.0
2025-04-10 23:09:27,651 [WARN] PackLoader:240 - Cannot read IP mode file for STMicroelectronics.X-CUBE-TCPP.4.2.0
2025-04-10 23:09:27,658 [WARN] PackLoader:240 - Cannot read IP mode file for RealThread.X-CUBE-RT-Thread_Nano.4.1.1
2025-04-10 23:09:27,664 [WARN] PackLoader:240 - Cannot read IP mode file for STMicroelectronics.FP-ATR-SIGFOX1.3.2.0
2025-04-10 23:09:27,672 [WARN] PackLoader:240 - Cannot read IP mode file for STMicroelectronics.X-CUBE-EEPRMA1.5.1.0
2025-04-10 23:09:27,681 [WARN] PackLoader:240 - Cannot read IP mode file for wolfSSL.I-CUBE-wolfSSL.5.7.6
2025-04-10 23:09:27,690 [WARN] PackLoader:240 - Cannot read IP mode file for ITTIA_DB.I-CUBE-ITTIADB.8.9.0
2025-04-10 23:09:27,721 [WARN] PackLoader:240 - Cannot read IP mode file for SEGGER.I-CUBE-embOS.1.3.1
2025-04-10 23:09:27,780 [WARN] PackLoader:240 - Cannot read IP mode file for STMicroelectronics.X-CUBE-ALGOBUILD.1.4.0
2025-04-10 23:09:27,803 [WARN] PackLoader:240 - Cannot read IP mode file for STMicroelectronics.X-CUBE-AZRTOS-F4.1.1.0
2025-04-10 23:09:27,812 [WARN] PackLoader:240 - Cannot read IP mode file for Avnet-IotConnect.X-CUBE-IoTC-DA16k-PMOD.1.0.0
2025-04-10 23:09:27,818 [WARN] PackLoader:240 - Cannot read IP mode file for STMicroelectronics.X-CUBE-ISPU.2.1.0
2025-04-10 23:09:27,839 [WARN] PackLoader:240 - Cannot read IP mode file for STMicroelectronics.X-CUBE-AZRTOS-L5.2.0.0
2025-04-10 23:09:27,852 [WARN] PackLoader:240 - Cannot read IP mode file for STMicroelectronics.X-CUBE-NFC6.3.1.0
2025-04-10 23:09:27,862 [WARN] PackLoader:240 - Cannot read IP mode file for STMicroelectronics.X-CUBE-DPower.1.2.0
2025-04-10 23:09:27,869 [WARN] PackLoader:240 - Cannot read IP mode file for STMicroelectronics.X-CUBE-FREERTOS.1.3.0
2025-04-10 23:09:27,876 [WARN] PackLoader:240 - Cannot read IP mode file for STMicroelectronics.X-CUBE-NFC7.1.0.1
2025-04-10 23:09:27,882 [WARN] PackLoader:240 - Cannot read IP mode file for STMicroelectronics.X-CUBE-DPower.1.3.0
2025-04-10 23:09:27,913 [WARN] ConditionMgr:438 - getConditionDescription Invalid condition id : LAN8742 Phy interface Condition cause : null
2025-04-10 23:09:27,914 [WARN] PackLoader:240 - Cannot read IP mode file for STMicroelectronics.X-CUBE-AZRTOS-L4.2.0.0
2025-04-10 23:09:27,914 [WARN] ConditionMgr:1044 - genDependencies : Invalid condition id : LAN8742 Phy interface Condition cause : null
2025-04-10 23:09:27,915 [WARN] ConditionMgr:1044 - genDependencies : Invalid condition id : LAN8742 Phy interface Condition cause : null
2025-04-10 23:09:27,916 [WARN] ConditionMgr:1044 - genDependencies : Invalid condition id : LAN8742 Phy interface Condition cause : null
2025-04-10 23:09:27,928 [WARN] PackLoader:240 - Cannot read IP mode file for STMicroelectronics.X-CUBE-SFXS2LP1.4.0.0
2025-04-10 23:09:27,956 [WARN] PackLoader:240 - Cannot read IP mode file for STMicroelectronics.X-CUBE-AZRTOS-H7.3.3.0
2025-04-10 23:09:27,979 [WARN] ConditionMgr:438 - getConditionDescription Invalid condition id : UX DEVICE CLASS RTOS Condition cause : null
2025-04-10 23:09:27,980 [WARN] ConditionMgr:438 - getConditionDescription Invalid condition id : UX DEVICE CLASS RTOS Condition cause : null
2025-04-10 23:09:27,983 [WARN] PackLoader:240 - Cannot read IP mode file for STMicroelectronics.X-CUBE-AZRTOS-WB.2.0.0
2025-04-10 23:09:27,984 [WARN] ConditionMgr:1044 - genDependencies : Invalid condition id : UX DEVICE CLASS RTOS Condition cause : null
2025-04-10 23:09:27,984 [WARN] ConditionMgr:1044 - genDependencies : Invalid condition id : UX DEVICE CLASS RTOS Condition cause : null
2025-04-10 23:09:27,984 [WARN] ConditionMgr:1044 - genDependencies : Invalid condition id : UX DEVICE CLASS RTOS Condition cause : null
2025-04-10 23:09:27,984 [WARN] ConditionMgr:1044 - genDependencies : Invalid condition id : UX DEVICE CLASS RTOS Condition cause : null
2025-04-10 23:09:27,985 [WARN] ConditionMgr:1044 - genDependencies : Invalid condition id : UX DEVICE CLASS RTOS Condition cause : null
2025-04-10 23:09:27,994 [WARN] PackLoader:240 - Cannot read IP mode file for STMicroelectronics.X-CUBE-GNSS1.7.0.1
2025-04-10 23:09:28,003 [WARN] PackLoader:240 - Cannot read IP mode file for STMicroelectronics.X-CUBE-TOUCHGFX.4.25.0
2025-04-10 23:09:28,014 [WARN] PackLoader:240 - Cannot read IP mode file for STMicroelectronics.FP-SNS-STBOX1.2.0.0
2025-04-10 23:09:28,033 [WARN] PackLoader:240 - Cannot read IP mode file for STMicroelectronics.X-CUBE-SUBG2.5.0.0
2025-04-10 23:09:28,061 [WARN] PackLoader:240 - Cannot read IP mode file for STMicroelectronics.X-CUBE-AZRTOS-H7RS.1.1.0
2025-04-10 23:09:28,070 [WARN] PackLoader:240 - Cannot read IP mode file for Cesanta.I-CUBE-Mongoose.7.13.0
2025-04-10 23:09:28,087 [WARN] PackLoader:240 - Cannot read IP mode file for STMicroelectronics.X-CUBE-AZRTOS-G4.2.0.0
2025-04-10 23:09:28,095 [WARN] PackLoader:240 - Cannot read IP mode file for wolfSSL.I-CUBE-wolfSSH.1.4.20
2025-04-10 23:09:28,110 [WARN] PackLoader:240 - Cannot read IP mode file for STMicroelectronics.X-CUBE-IPS.3.1.0
2025-04-10 23:09:28,122 [WARN] PackLoader:240 - Cannot read IP mode file for STMicroelectronics.X-CUBE-ALS.1.0.2
2025-04-10 23:09:28,131 [WARN] PackLoader:240 - Cannot read IP mode file for portGmbH.I-Cube-SoM-uGOAL.1.1.0
2025-04-10 23:09:28,149 [WARN] PackLoader:240 - Cannot read IP mode file for STMicroelectronics.X-CUBE-AZRTOS-H7RS.1.0.0
2025-04-10 23:09:28,163 [WARN] PackLoader:240 - Cannot read IP mode file for STMicroelectronics.X-CUBE-TOF1.3.4.2
2025-04-10 23:09:28,174 [INFO] ThirdParty:978 - Integrity check success = true
2025-04-10 23:09:28,174 [INFO] IntegrityCheckThread:100 - exiting critical section [integrity check]
2025-04-10 23:09:28,175 [INFO] IntegrityCheckThread:103 - End integrity checks thread
2025-04-10 23:09:34,040 [INFO] McuFinderGlobals:63 - Set McuFinder mode to 2 (CubeIDE integrated)
2025-04-10 23:09:34,044 [INFO] MainUpdater:2872 - connection check result : 10
2025-04-10 23:09:34,047 [INFO] McuFinderGlobals:76 - Set McuFinderConnectedMode to true
2025-04-10 23:09:34,228 [INFO] ServerAccessManage:473 - Download File mcusAds.json._tmp_
2025-04-10 23:09:34,342 [INFO] LoadUrlFilesThread:156 - End of LoadUrlFiles Thread
2025-04-10 23:09:34,833 [INFO] ServerAccessManage:473 - Download File cube-finder-db.zip
2025-04-10 23:09:36,461 [INFO] FileExtend:242 - Unzip File : cube-finder-db.zip
2025-04-10 23:09:36,462 [INFO] FileExtend:257 - Standard Zip Deflate
2025-04-10 23:09:37,184 [INFO] LoadUrlFilesThread:156 - End of LoadUrlFiles Thread
2025-04-10 23:09:37,545 [INFO] ServerAccessManage:473 - Download File crdb.zip
2025-04-10 23:09:37,742 [INFO] FileExtend:242 - Unzip File : crdb.zip
2025-04-10 23:09:37,743 [INFO] FileExtend:257 - Standard Zip Deflate
2025-04-10 23:09:37,878 [INFO] LoadUrlFilesThread:156 - End of LoadUrlFiles Thread
2025-04-10 23:09:38,051 [INFO] ServerAccessManage:473 - Download File tutoVideoDB.zip
2025-04-10 23:09:38,055 [INFO] FileExtend:242 - Unzip File : tutoVideoDB.zip
2025-04-10 23:09:38,056 [INFO] FileExtend:257 - Standard Zip Deflate
2025-04-10 23:09:38,169 [INFO] LoadUrlFilesThread:156 - End of LoadUrlFiles Thread
2025-04-10 23:09:38,173 [WARN] DbFile:41 - Overriding database path with different value: C:\Users\Damian\.stmcufinder\plugins\mcufinder/ => C:\Users\Damian\.stmcufinder\plugins\mcufinder
2025-04-10 23:09:38,338 [INFO] ServerAccessManage:473 - Download File api_config.json
2025-04-10 23:09:38,451 [INFO] LoadUrlFilesThread:156 - End of LoadUrlFiles Thread
2025-04-10 23:09:38,454 [INFO] DbMcusAds:53 - JSON generation date=Thu Mar 06 15:54:22 CET 2025 (1741272862204)
2025-04-10 23:09:38,479 [INFO] LoadUrlFilesThread:185 - End of LoadServerUrlFiles without Thread
2025-04-10 23:09:38,479 [INFO] TargetSelectorAdapter:259 - Refresh data is successful
2025-04-10 23:09:38,670 [INFO] ApiDb:581 - Connected to CubeFinder SQLite database (C:\Users\Damian\.stmcufinder\plugins\mcufinder\mcu\cube-finder-db.db)
2025-04-10 23:09:38,750 [INFO] ApiDb:668 - CubeFinder database Data Model version=2.1
2025-04-10 23:09:38,750 [INFO] ApiDb:669 - CubeFinder database Configuration version=3.0.39
2025-04-10 23:09:38,750 [INFO] ApiDb:670 - CubeFinder database generation date=2025-03-24 (1742811287)
2025-04-10 23:09:38,750 [INFO] ApiDb:671 - CubeFinder database FW Pack versions=[FP-ATR-ASTRA1_V2.0.0, FP-SNS-FLIGHT1_V5.0.2, FP-SNS-MOTENV1_V5.0.0, FP-SNS-MOTENVWB1_V1.4.0, FP-SNS-SMARTAG2_V1.2.0, FP-SNS-STBOX1_V2.0.0, STM32Cube_FW_C0_V1.4.0, STM32Cube_FW_F4_V1.28.1, STM32Cube_FW_F7_V1.17.2, STM32Cube_FW_G0_V1.6.2, STM32Cube_FW_G4_V1.6.1, STM32Cube_FW_H5_V1.5.0, STM32Cube_FW_H7RS_V1.2.0, STM32Cube_FW_H7_V1.12.1, STM32Cube_FW_L0_V1.12.2, STM32Cube_FW_L4_V1.18.1, STM32Cube_FW_L5_V1.5.1, STM32Cube_FW_N6_V1.1.0, STM32Cube_FW_U0_V1.2.0, STM32Cube_FW_U3_V1.1.0, STM32Cube_FW_U5_V1.7.0, STM32Cube_FW_WB0_V1.2.0, STM32Cube_FW_WBA_V1.6.0, STM32Cube_FW_WB_V1.22.0, STM32Cube_FW_WL3_V1.1.0, STM32Cube_FW_WL_V1.3.1, X-CUBE-ALGOBUILD_V1.4.0, X-CUBE-ALS_V1.0.2, X-CUBE-AZRTOS-F4_V1.1.0, X-CUBE-AZRTOS-F7_V1.1.0, X-CUBE-AZRTOS-G0_V1.1.0, X-CUBE-AZRTOS-G4_V2.0.0, X-CUBE-AZRTOS-H7RS_V1.0.0, X-CUBE-AZRTOS-H7_V3.3.0, X-CUBE-AZRTOS-L4_V2.0.0, X-CUBE-AZRTOS-L5_V2.0.0, X-CUBE-AZRTOS-WB_V2.0.0, X-CUBE-AZRTOS-WL_V2.0.0, X-CUBE-BLE1_V7.1.0, X-CUBE-BLE2_V3.3.0, X-CUBE-BLEMGR_V4.0.0, X-CUBE-EEPRMA1_V5.1.0, X-CUBE-FREERTOS_V1.3.0, X-CUBE-GNSS1_V6.0.0, X-CUBE-MEMS1_V11.1.0, X-CUBE-NFC4_V3.0.0, X-CUBE-NFC7_V1.0.1, X-CUBE-SFXS2LP1_V4.0.0, X-CUBE-SUBG2_V5.0.0, X-CUBE-TOF1_V3.4.2]
2025-04-10 23:09:40,681 [INFO] ApiDb:240 - Found 895 in-development CPN: [B-G473E-ZEST1S, B-WB1M-WPAN1, B-WBA5M-WPAN, B-WL5M-SUBG1, NUCLEO-C031C6, NUCLEO-C051C8, NUCLEO-C071RB, NUCLEO-C092RC, NUCLEO-H503RB, NUCLEO-H533RE, NUCLEO-H563ZI, NUCLEO-H7S3L8, NUCLEO-N657X0-Q, NUCLEO-U031R8, NUCLEO-U083RC, NUCLEO-U385RG-Q, NUCLEO-U545RE-Q, NUCLEO-U5A5ZJ-Q, NUCLEO-WB05KZ, NUCLEO-WB07CC, NUCLEO-WB09KE, NUCLEO-WBA52CG, NUCLEO-WBA55CG, NUCLEO-WBA65RI, NUCLEO-WL33CC1, NUCLEO-WL33CC2, STEVAL-PROTEUS1, STEVAL-SMARTAG2, STEVAL-STWINBX1, STM320518-EVAL, STM32C0116-DK, STM32C011D6Y3TR, STM32C011D6Y6TR, STM32C011F4P3, STM32C011F4P6, STM32C011F4U3, STM32C011F4U6TR, STM32C011F6P3, STM32C011F6P6, STM32C011F6U3, STM32C011F6U6TR, STM32C011J4M3, STM32C011J4M6, STM32C011J6M3, STM32C011J6M6, STM32C0316-DK, STM32C031C4T3, STM32C031C4T6, STM32C031C4U3, STM32C031C4U6, STM32C031C6T3, STM32C031C6T6, STM32C031C6U3, STM32C031C6U6, STM32C031F4P3, STM32C031F4P6, STM32C031F6P3, STM32C031F6P6, STM32C031G4U3, STM32C031G4U6, STM32C031G6U3, STM32C031G6U6, STM32C031K4T3, STM32C031K4T6, STM32C031K4U3, STM32C031K4U6, STM32C031K6T3, STM32C031K6T6, STM32C031K6U3, STM32C031K6U6, STM32C051C6T6, STM32C051C6U6, STM32C051C8T6, STM32C051C8U6, STM32C051D8Y6TR, STM32C051F6P6, STM32C051F8P6, STM32C051G6U6, STM32C051G8U6, STM32C051K6T6, STM32C051K6U6, STM32C051K8T6, STM32C071C8T6, STM32C071C8T6N, STM32C071C8U6, STM32C071C8U6N, STM32C071CBT6, STM32C071CBT6N, STM32C071CBU6, STM32C071CBU6N, STM32C071F8P6, STM32C071F8P6N, STM32C071FBP6, STM32C071FBP6N, STM32C071FBY6TR, STM32C071G8U6, STM32C071G8U6N, STM32C071GBU6, STM32C071GBU6N, STM32C071K8T6, STM32C071K8T6N, STM32C071K8U6, STM32C071K8U6N, STM32C071KBT6, STM32C071KBT6N, STM32C071KBU6, STM32C071KBU6N, STM32C071R8T6, STM32C071R8T6N, STM32C071RBI6N, STM32C071RBT6, STM32C071RBT6N, STM32C091CBT6, STM32C091CBU6, STM32C091CCT6, STM32C091CCU6, STM32C091ECY6TR, STM32C091FBP6, STM32C091FCP6, STM32C091GBU6, STM32C091GCU6, STM32C091KBT6, STM32C091KBU6, STM32C091KCT6, STM32C091KCU6, STM32C091RBT6, STM32C091RCI6, STM32C091RCT6, STM32C092CBT6, STM32C092CBU6, STM32C092CCT6, STM32C092CCU6, STM32C092ECY6TR, STM32C092FBP6, STM32C092FCP6, STM32C092GBU6, STM32C092GCU6, STM32C092KBT6, STM32C092KBU6, STM32C092KCT6, STM32C092KCU6, STM32C092RBT6, STM32C092RCI6, STM32C092RCT6, STM32G071K8TXN, STM32G071K8UXN, STM32G081GBU6N, STM32G081KBT6N, STM32G081KBUXN, STM32G0B1CCT6N, STM32G0B1KCT6, STM32G0B1NEY6TR, STM32G0B1RCT6N, STM32G0C1CCT6, STM32G0C1CCT6N, STM32G0C1CCU6N, STM32G0C1CET6N, STM32G0C1CEU6N, STM32G0C1KCT6, STM32G0C1NEY6TR, STM32G0C1RCI6N, STM32G0C1RCT6N, STM32G0C1REI6N, STM32G0C1RET6N, STM32G0C1VCI6, STM32G0C1VEI6, STM32G411C6T3, STM32G411C6T6, STM32G411C6U3, STM32G411C6U6, STM32G411C8T3, STM32G411C8T6, STM32G411C8U3, STM32G411C8U6, STM32G411CBT3, STM32G411CBT6, STM32G411CBU3, STM32G411CBU6, STM32G411CCT3, STM32G411CCT6, STM32G411CCU3, STM32G411CCU6, STM32G411K6T3, STM32G411K6T6, STM32G411K6U3, STM32G411K6U6, STM32G411K8T3, STM32G411K8T6, STM32G411K8U3, STM32G411K8U6, STM32G411KBT3, STM32G411KBT6, STM32G411KBU3, STM32G411KBU6, STM32G411M6T3, STM32G411M6T6, STM32G411M8T3, STM32G411M8T6, STM32G411MBT3, STM32G411MBT6, STM32G411MCT3, STM32G411MCT6, STM32G411R6T3, STM32G411R6T6, STM32G411R8T3, STM32G411R8T6, STM32G411RBT3, STM32G411RBT6, STM32G411RCT3, STM32G411RCT6, STM32G414CBT3, STM32G414CBT6, STM32G414CBU3, STM32G414CBU6, STM32G414CCT3, STM32G414CCT6, STM32G414CCU3, STM32G414CCU6, STM32G414MBT3, STM32G414MBT6, STM32G414MCT3, STM32G414MCT6, STM32G414RBT3, STM32G414RBT6, STM32G414RCT3, STM32G414RCT6, STM32G414VBT3, STM32G414VBT6, STM32G414VCT3, STM32G414VCT6, STM32G431CBT3Z, STM32G431RBT3Z, STM32G471CCT6, STM32G471CCU6, STM32G471CET3, STM32G471CET6, STM32G471CEU3, STM32G471CEU6, STM32G471MCT6, STM32G471MET3, STM32G471MET6, STM32G471MEY6TR, STM32G471QCT6, STM32G471QET3, STM32G471RCT6, STM32G471RET3, STM32G471RET6, STM32G471VCH6, STM32G471VCI6, STM32G471VCT6, STM32G471VEH3, STM32G471VEH6, STM32G471VEI3, STM32G471VEI6, STM32G471VET3, STM32G471VET6, STM32G473QET3Z, STM32G473RET3Z, STM32G474CCT6, STM32G491RET3Z, STM32H503CBT6, STM32H503CBU6, STM32H503EBY6TR, STM32H503KBU6, STM32H503RBT6, STM32H523CCT6, STM32H523CCU6, STM32H523CET6, STM32H523CEU6, STM32H523HEY6TR, STM32H523RCT6, STM32H523RET6, STM32H523VCI6, STM32H523VCT6, STM32H523VEI6, STM32H523VET6, STM32H523ZCJ6, STM32H523ZCT6, STM32H523ZEJ6, STM32H523ZET6, STM32H533CET6, STM32H533CEU6, STM32H533HEY6TR, STM32H533RET6, STM32H533VEI6, STM32H533VET6, STM32H533ZEJ6, STM32H533ZET6, STM32H562AGI6, STM32H562AII6, STM32H562IGK6, STM32H562IGT6, STM32H562IIK6, STM32H562IIT6, STM32H562RGT6, STM32H562RGV6, STM32H562RIT6, STM32H562RIV6, STM32H562VGT6, STM32H562VIT6, STM32H562ZGT6, STM32H562ZIT6, STM32H563AGI6, STM32H563AII3Q, STM32H563AII6, STM32H563IGK6, STM32H563IGT6, STM32H563IIK3Q, STM32H563IIK6, STM32H563IIT3Q, STM32H563IIT6, STM32H563MIY3QTR, STM32H563RGT6, STM32H563RGV6, STM32H563RIT6, STM32H563RIV6, STM32H563VGT6, STM32H563VIT3Q, STM32H563VIT6, STM32H563ZGT6, STM32H563ZIT3Q, STM32H563ZIT6, STM32H573AII3Q, STM32H573AII6, STM32H573I-DK, STM32H573IIK3Q, STM32H573IIK6, STM32H573IIT3Q, STM32H573IIT6, STM32H573MIY3QTR, STM32H573RIT6, STM32H573RIV6, STM32H573VIT3Q, STM32H573VIT6, STM32H573ZIT3Q, STM32H573ZIT6, STM32H7R3A8I6, STM32H7R3I8K6, STM32H7R3I8T6, STM32H7R3L8H6, STM32H7R3L8H6H, STM32H7R3R8V6, STM32H7R3V8H6, STM32H7R3V8T6, STM32H7R3V8Y6TR, STM32H7R3Z8J6, STM32H7R3Z8T6, STM32H7R7A8I6, STM32H7R7I8K6, STM32H7R7I8T6, STM32H7R7L8H6, STM32H7R7L8H6H, STM32H7R7Z8J6, STM32H7S3A8I6, STM32H7S3I8K6, STM32H7S3I8T6, STM32H7S3L8H6, STM32H7S3L8H6H, STM32H7S3R8V6, STM32H7S3V8H6, STM32H7S3V8T6, STM32H7S3V8Y6TR, STM32H7S3Z8J6, STM32H7S3Z8T6, STM32H7S78-DK, STM32H7S7A8I6, STM32H7S7I8K6, STM32H7S7I8T6, STM32H7S7L8H6, STM32H7S7L8H6H, STM32H7S7Z8J6, STM32L4R5QGI6STR, STM32MP131AAE3, STM32MP131AAF3, STM32MP131AAG3, STM32MP131CAE3, STM32MP131CAF3, STM32MP131CAG3, STM32MP131DAE7, STM32MP131DAF7, STM32MP131DAG7, STM32MP131FAE7, STM32MP131FAF7, STM32MP131FAG7, STM32MP133AAE3, STM32MP133AAF3, STM32MP133AAG3, STM32MP133CAE3, STM32MP133CAF3, STM32MP133CAG3, STM32MP133DAE7, STM32MP133DAF7, STM32MP133DAG7, STM32MP133FAE7, STM32MP133FAF7, STM32MP133FAG7, STM32MP135AAE3, STM32MP135AAF3, STM32MP135AAG3, STM32MP135CAE3, STM32MP135CAF3, STM32MP135CAG3, STM32MP135DAE7, STM32MP135DAF7, STM32MP135DAG7, STM32MP135F-DK, STM32MP135FAE7, STM32MP135FAF7, STM32MP135FAF7T, STM32MP135FAF7U, STM32MP135FAG7, STM32MP231AAJ3, STM32MP231AAK3, STM32MP231AAL3, STM32MP231CAJ3, STM32MP231CAK3, STM32MP231CAL3, STM32MP231DAJ3, STM32MP231DAK3, STM32MP231DAL3, STM32MP231FAJ3, STM32MP231FAK3, STM32MP231FAL3, STM32MP233AAJ3, STM32MP233AAK3, STM32MP233AAL3, STM32MP233CAJ3, STM32MP233CAK3, STM32MP233CAL3, STM32MP233DAJ3, STM32MP233DAK3, STM32MP233DAL3, STM32MP233FAJ3, STM32MP233FAK3, STM32MP233FAL3, STM32MP235AAJ3, STM32MP235AAK3, STM32MP235AAL3, STM32MP235CAJ3, STM32MP235CAK3, STM32MP235CAL3, STM32MP235DAJ3, STM32MP235DAK3, STM32MP235DAL3, STM32MP235FAJ3, STM32MP235FAK3, STM32MP235FAL3, STM32MP251AAI3, STM32MP251AAJ3, STM32MP251AAK3, STM32MP251AAL3, STM32MP251CAI3, STM32MP251CAJ3, STM32MP251CAK3, STM32MP251CAL3, STM32MP251DAI3, STM32MP251DAJ3, STM32MP251DAK3, STM32MP251DAL3, STM32MP251FAI3, STM32MP251FAJ3, STM32MP251FAK3, STM32MP251FAL3, STM32MP253AAI3, STM32MP253AAJ3, STM32MP253AAK3, STM32MP253AAL3, STM32MP253CAI3, STM32MP253CAJ3, STM32MP253CAK3, STM32MP253CAL3, STM32MP253DAI3, STM32MP253DAJ3, STM32MP253DAK3, STM32MP253DAL3, STM32MP253FAI3, STM32MP253FAJ3, STM32MP253FAK3, STM32MP253FAL3, STM32MP255AAI3, STM32MP255AAJ3, STM32MP255AAK3, STM32MP255AAL3, STM32MP255CAI3, STM32MP255CAJ3, STM32MP255CAK3, STM32MP255CAL3, STM32MP255DAI3, STM32MP255DAJ3, STM32MP255DAK3, STM32MP255DAL3, STM32MP255FAI3, STM32MP255FAJ3, STM32MP255FAK3, STM32MP255FAL3, STM32MP257AAI3, STM32MP257AAJ3, STM32MP257AAK3, STM32MP257AAL3, STM32MP257CAI3, STM32MP257CAJ3, STM32MP257CAK3, STM32MP257CAL3, STM32MP257DAI3, STM32MP257DAJ3, STM32MP257DAK3, STM32MP257DAL3, STM32MP257F-DK, STM32MP257F-EV1, STM32MP257FAI3, STM32MP257FAJ3, STM32MP257FAK3, STM32MP257FAL3, STM32N645A0H3Q, STM32N645B0H3Q, STM32N645I0H3Q, STM32N645L0H3Q, STM32N645X0H3Q, STM32N645Z0H3Q, STM32N647A0H3Q, STM32N647B0H3Q, STM32N647I0H3Q, STM32N647L0H3Q, STM32N647X0H3Q, STM32N647Z0H3Q, STM32N655A0H3Q, STM32N655B0H3Q, STM32N655I0H3Q, STM32N655L0H3Q, STM32N655X0H3Q, STM32N655Z0H3Q, STM32N6570-DK, STM32N657A0H3Q, STM32N657B0H3Q, STM32N657I0H3Q, STM32N657L0H3Q, STM32N657X0H3Q, STM32N657Z0H3Q, STM32U031C6T6, STM32U031C6U6, STM32U031C8T6, STM32U031C8U6, STM32U031F4P6, STM32U031F6P6, STM32U031F8P6, STM32U031G6Y6TR, STM32U031G8Y6TR, STM32U031K4U6, STM32U031K6U6, STM32U031K8U6, STM32U031R6I6, STM32U031R6T6, STM32U031R8I6, STM32U031R8T6, STM32U073C8T6, STM32U073C8U6, STM32U073CBT6, STM32U073CBU6, STM32U073CCT6, STM32U073CCU6, STM32U073H8Y6TR, STM32U073HBY6TR, STM32U073HCY6TR, STM32U073K8U6, STM32U073KBU6, STM32U073KCU6, STM32U073M8I6, STM32U073M8T6, STM32U073MBI6, STM32U073MBT6, STM32U073MCI6, STM32U073MCT6, STM32U073R8I6, STM32U073R8T6, STM32U073RBI6, STM32U073RBT6, STM32U073RCI6, STM32U073RCT6, STM32U083C-DK, STM32U083CCT6, STM32U083CCU6, STM32U083HCY6TR, STM32U083KCU6, STM32U083MCI6, STM32U083MCT6, STM32U083RCI6, STM32U083RCT6, STM32U375CET6, STM32U375CET6Q, STM32U375CEU6, STM32U375CEU6Q, STM32U375CEY6QTR, STM32U375CGT6, STM32U375CGT6Q, STM32U375CGU6, STM32U375CGU6Q, STM32U375CGY6QTR, STM32U375KEU6, STM32U375KGU6, STM32U375REI6, STM32U375REI6Q, STM32U375RET6, STM32U375RET6Q, STM32U375REY6GTR, STM32U375REY6QTR, STM32U375RGI6, STM32U375RGI6Q, STM32U375RGT6, STM32U375RGT6Q, STM32U375RGY6GTR, STM32U375RGY6QTR, STM32U375VEI6, STM32U375VEI6Q, STM32U375VET6, STM32U375VET6Q, STM32U375VGI6, STM32U375VGI6Q, STM32U375VGT6, STM32U375VGT6Q, STM32U385CGT6, STM32U385CGT6Q, STM32U385CGU6, STM32U385CGU6Q, STM32U385CGY6QTR, STM32U385KGU6, STM32U385RGI6, STM32U385RGI6Q, STM32U385RGT6, STM32U385RGT6Q, STM32U385RGY6GTR, STM32U385RGY6QTR, STM32U385VGI6, STM32U385VGI6Q, STM32U385VGT6, STM32U385VGT6Q, STM32U535CBT6, STM32U535CBT6Q, STM32U535CBU6, STM32U535CBU6Q, STM32U535CCT6, STM32U535CCT6Q, STM32U535CCU6, STM32U535CCU6Q, STM32U535CET6, STM32U535CET6Q, STM32U535CEU6, STM32U535CEU6Q, STM32U535JEY6QTR, STM32U535NCY6QTR, STM32U535NEY6QTR, STM32U535RBI6, STM32U535RBI6Q, STM32U535RBT6, STM32U535RBT6Q, STM32U535RCI6, STM32U535RCI6Q, STM32U535RCT6, STM32U535RCT6Q, STM32U535REI6, STM32U535REI6Q, STM32U535RET6, STM32U535RET6Q, STM32U535VCI6, STM32U535VCI6Q, STM32U535VCT6, STM32U535VCT6Q, STM32U535VEI6, STM32U535VEI6Q, STM32U535VET6, STM32U535VET6Q, STM32U545CET6, STM32U545CET6Q, STM32U545CEU6, STM32U545CEU6Q, STM32U545JEY6QTR, STM32U545NEY6QTR, STM32U545REI6, STM32U545REI6Q, STM32U545RET6, STM32U545RET6Q, STM32U545VEI6, STM32U545VEI6Q, STM32U545VET6, STM32U545VET6Q, STM32U595AIH6, STM32U595AIH6Q, STM32U595AJH6, STM32U595AJH6Q, STM32U595QII6, STM32U595QII6Q, STM32U595QJI6, STM32U595QJI6Q, STM32U595RIT6, STM32U595RIT6Q, STM32U595RJT6, STM32U595RJT6Q, STM32U595VIT6, STM32U595VIT6Q, STM32U595VJT6, STM32U595VJT6Q, STM32U595ZIT6, STM32U595ZIT6Q, STM32U595ZIY6QTR, STM32U595ZJT6, STM32U595ZJT6Q, STM32U595ZJY6QTR, STM32U599BJY6QTR, STM32U599NIH6Q, STM32U599NJH6Q, STM32U599VIT6Q, STM32U599VJT6, STM32U599VJT6Q, STM32U599ZIT6Q, STM32U599ZIY6QTR, STM32U599ZJT6Q, STM32U599ZJY6QTR, STM32U5A5AJH6, STM32U5A5AJH6Q, STM32U5A5QII3Q , STM32U5A5QJI6, STM32U5A5QJI6Q, STM32U5A5RJT6, STM32U5A5RJT6Q, STM32U5A5VJT6, STM32U5A5VJT6Q, STM32U5A5ZJT6, STM32U5A5ZJT6Q, STM32U5A5ZJY6QTR, STM32U5A9BJY6QTR, STM32U5A9J-DK, STM32U5A9NJH6Q, STM32U5A9VJT6Q, STM32U5A9ZJT6Q, STM32U5A9ZJY6QTR, STM32U5F7VIT6, STM32U5F7VIT6Q, STM32U5F7VJT6, STM32U5F7VJT6Q, STM32U5F9BJY6QTR, STM32U5F9NJH6Q, STM32U5F9VIT6Q, STM32U5F9VJT6Q, STM32U5F9ZIJ6QTR, STM32U5F9ZIT6Q, STM32U5F9ZJJ6QTR, STM32U5F9ZJT6Q, STM32U5G7VJT6, STM32U5G7VJT6Q, STM32U5G9BJY6QTR, STM32U5G9J-DK1, STM32U5G9J-DK2, STM32U5G9NJH6Q, STM32U5G9VJT6Q, STM32U5G9ZJJ6QTR, STM32U5G9ZJT6Q, STM32WB05KZV6TR, STM32WB05KZV7TR, STM32WB05TZF6TR, STM32WB05TZF7TR, STM32WB06CCF6TR, STM32WB06CCF7TR, STM32WB06CCV6TR, STM32WB06CCV7TR, STM32WB06KCV6TR, STM32WB06KCV7TR, STM32WB07CCF6TR, STM32WB07CCF7TR, STM32WB07CCV6TR, STM32WB07CCV7TR, STM32WB07KCV6TR, STM32WB07KCV7TR, STM32WB09KEV6TR, STM32WB09KEV7TR, STM32WB09TEF6TR, STM32WB09TEF7TR, STM32WB1MMCH6, STM32WBA50KGU6, STM32WBA50KGU6TR, STM32WBA52CEU6, STM32WBA52CEU6TR, STM32WBA52CEU7, STM32WBA52CEU7TR, STM32WBA52CGU6, STM32WBA52CGU6TR, STM32WBA52CGU6U, STM32WBA52CGU7, STM32WBA52CGU7TR, STM32WBA52KEU6, STM32WBA52KEU6TR, STM32WBA52KGU6, STM32WBA52KGU6TR, STM32WBA54CEU6, STM32WBA54CEU6TR, STM32WBA54CEU7, STM32WBA54CEU7TR, STM32WBA54CGU6, STM32WBA54CGU6TR, STM32WBA54CGU7, STM32WBA54CGU7TR, STM32WBA54KEU6, STM32WBA54KEU6TR, STM32WBA54KEU7, STM32WBA54KEU7TR, STM32WBA54KGU6, STM32WBA54KGU6TR, STM32WBA54KGU7, STM32WBA54KGU7TR, STM32WBA55CEU6, STM32WBA55CEU6TR, STM32WBA55CEU7, STM32WBA55CEU7TR, STM32WBA55CGU6, STM32WBA55CGU6TR, STM32WBA55CGU6U, STM32WBA55CGU7, STM32WBA55CGU7TR, STM32WBA55G-DK1, STM32WBA55HEF6, STM32WBA55HEF7, STM32WBA55HGF6, STM32WBA55HGF7, STM32WBA55UEI6, STM32WBA55UEI6TR, STM32WBA55UEI7, STM32WBA55UEI7TR, STM32WBA55UGI6, STM32WBA55UGI6TR, STM32WBA55UGI7, STM32WBA55UGI7TR, STM32WBA5MJGH6TR, STM32WBA62CGU6, STM32WBA62CIU6, STM32WBA62MGF6, STM32WBA62MIF6, STM32WBA62PGI6, STM32WBA62PII6, STM32WBA63CGU6, STM32WBA63CGU7, STM32WBA63CIU6, STM32WBA63CIU7, STM32WBA64CGU6, STM32WBA64CGU7, STM32WBA64CIU6, STM32WBA64CIU7, STM32WBA65CGU6, STM32WBA65CGU7, STM32WBA65CIU6, STM32WBA65CIU7, STM32WBA65I-DK1, STM32WBA65MGF6, STM32WBA65MGF7, STM32WBA65MIF6, STM32WBA65MIF7, STM32WBA65PGI6, STM32WBA65PGI7, STM32WBA65PII6, STM32WBA65PII7, STM32WBA65RGV6, STM32WBA65RGV7, STM32WBA65RIV6, STM32WBA65RIV7, STM32WL30K8V6, STM32WL30KBV6, STM32WL31C8V6, STM32WL31CBV6, STM32WL31K8V6, STM32WL31KBV6, STM32WL33C8V6, STM32WL33C8V6TR, STM32WL33C8V7, STM32WL33C8V7TR, STM32WL33CBV6, STM32WL33CBV6TR, STM32WL33CBV7, STM32WL33CBV7TR, STM32WL33CCV6, STM32WL33CCV6TR, STM32WL33CCV7, STM32WL33CCV7A, STM32WL33CCV7ATR, STM32WL33CCV7TR, STM32WL33K8V6, STM32WL33K8V6TR, STM32WL33K8V7, STM32WL33K8V7TR, STM32WL33KBV6, STM32WL33KBV6TR, STM32WL33KBV7, STM32WL33KBV7TR, STM32WL33KCV6, STM32WL33KCV6TR, STM32WL33KCV7, STM32WL33KCV7TR, STM32WL5MOCH6, STM32WL5MOCH6TR]
2025-04-10 23:09:40,690 [INFO] DbMcus:218 - Found 4686 MCUs, 4686 are supported
2025-04-10 23:09:40,692 [INFO] ApiDb:423 - Load user favorites file C:\Users\Damian/.stm32cubeide/favorites.mcus.txt: 1 item(s)
2025-04-10 23:09:40,693 [INFO] ApiDb:427 - User favorites MCUs=[STM32L496ZGT6]
2025-04-10 23:09:40,693 [INFO] DbMcus:224 - Set 1 / 1 favorites MCUs
2025-04-10 23:09:41,207 [INFO] ApiDb:668 - CubeFinder database Data Model version=2.1
2025-04-10 23:09:41,207 [INFO] ApiDb:669 - CubeFinder database Configuration version=3.0.39
2025-04-10 23:09:41,208 [INFO] ApiDb:670 - CubeFinder database generation date=2025-03-24 (1742811287)
2025-04-10 23:09:41,208 [INFO] ApiDb:671 - CubeFinder database FW Pack versions=[FP-ATR-ASTRA1_V2.0.0, FP-SNS-FLIGHT1_V5.0.2, FP-SNS-MOTENV1_V5.0.0, FP-SNS-MOTENVWB1_V1.4.0, FP-SNS-SMARTAG2_V1.2.0, FP-SNS-STBOX1_V2.0.0, STM32Cube_FW_C0_V1.4.0, STM32Cube_FW_F4_V1.28.1, STM32Cube_FW_F7_V1.17.2, STM32Cube_FW_G0_V1.6.2, STM32Cube_FW_G4_V1.6.1, STM32Cube_FW_H5_V1.5.0, STM32Cube_FW_H7RS_V1.2.0, STM32Cube_FW_H7_V1.12.1, STM32Cube_FW_L0_V1.12.2, STM32Cube_FW_L4_V1.18.1, STM32Cube_FW_L5_V1.5.1, STM32Cube_FW_N6_V1.1.0, STM32Cube_FW_U0_V1.2.0, STM32Cube_FW_U3_V1.1.0, STM32Cube_FW_U5_V1.7.0, STM32Cube_FW_WB0_V1.2.0, STM32Cube_FW_WBA_V1.6.0, STM32Cube_FW_WB_V1.22.0, STM32Cube_FW_WL3_V1.1.0, STM32Cube_FW_WL_V1.3.1, X-CUBE-ALGOBUILD_V1.4.0, X-CUBE-ALS_V1.0.2, X-CUBE-AZRTOS-F4_V1.1.0, X-CUBE-AZRTOS-F7_V1.1.0, X-CUBE-AZRTOS-G0_V1.1.0, X-CUBE-AZRTOS-G4_V2.0.0, X-CUBE-AZRTOS-H7RS_V1.0.0, X-CUBE-AZRTOS-H7_V3.3.0, X-CUBE-AZRTOS-L4_V2.0.0, X-CUBE-AZRTOS-L5_V2.0.0, X-CUBE-AZRTOS-WB_V2.0.0, X-CUBE-AZRTOS-WL_V2.0.0, X-CUBE-BLE1_V7.1.0, X-CUBE-BLE2_V3.3.0, X-CUBE-BLEMGR_V4.0.0, X-CUBE-EEPRMA1_V5.1.0, X-CUBE-FREERTOS_V1.3.0, X-CUBE-GNSS1_V6.0.0, X-CUBE-MEMS1_V11.1.0, X-CUBE-NFC4_V3.0.0, X-CUBE-NFC7_V1.0.1, X-CUBE-SFXS2LP1_V4.0.0, X-CUBE-SUBG2_V5.0.0, X-CUBE-TOF1_V3.4.2]
2025-04-10 23:09:41,262 [INFO] DbBoardsSqlite:226 - include board P-NUCLEO-WB55-NUCLEO as a kit item of type 'Nucleo-64'
2025-04-10 23:09:41,262 [INFO] DbBoardsSqlite:226 - include board P-NUCLEO-WB55-USBDONGLE as a kit item of type 'Nucleo USB Dongle'
2025-04-10 23:09:41,262 [INFO] DbBoardsSqlite:226 - include board STEVAL-IDP005V1 as a kit item of type 'Evaluation Board'
2025-04-10 23:09:41,262 [INFO] DbBoardsSqlite:226 - include board STEVAL-IDP005V2 as a kit item of type 'Evaluation Board'
2025-04-10 23:09:41,342 [INFO] ApiDb:240 - Found 895 in-development CPN: [B-G473E-ZEST1S, B-WB1M-WPAN1, B-WBA5M-WPAN, B-WL5M-SUBG1, NUCLEO-C031C6, NUCLEO-C051C8, NUCLEO-C071RB, NUCLEO-C092RC, NUCLEO-H503RB, NUCLEO-H533RE, NUCLEO-H563ZI, NUCLEO-H7S3L8, NUCLEO-N657X0-Q, NUCLEO-U031R8, NUCLEO-U083RC, NUCLEO-U385RG-Q, NUCLEO-U545RE-Q, NUCLEO-U5A5ZJ-Q, NUCLEO-WB05KZ, NUCLEO-WB07CC, NUCLEO-WB09KE, NUCLEO-WBA52CG, NUCLEO-WBA55CG, NUCLEO-WBA65RI, NUCLEO-WL33CC1, NUCLEO-WL33CC2, STEVAL-PROTEUS1, STEVAL-SMARTAG2, STEVAL-STWINBX1, STM320518-EVAL, STM32C0116-DK, STM32C011D6Y3TR, STM32C011D6Y6TR, STM32C011F4P3, STM32C011F4P6, STM32C011F4U3, STM32C011F4U6TR, STM32C011F6P3, STM32C011F6P6, STM32C011F6U3, STM32C011F6U6TR, STM32C011J4M3, STM32C011J4M6, STM32C011J6M3, STM32C011J6M6, STM32C0316-DK, STM32C031C4T3, STM32C031C4T6, STM32C031C4U3, STM32C031C4U6, STM32C031C6T3, STM32C031C6T6, STM32C031C6U3, STM32C031C6U6, STM32C031F4P3, STM32C031F4P6, STM32C031F6P3, STM32C031F6P6, STM32C031G4U3, STM32C031G4U6, STM32C031G6U3, STM32C031G6U6, STM32C031K4T3, STM32C031K4T6, STM32C031K4U3, STM32C031K4U6, STM32C031K6T3, STM32C031K6T6, STM32C031K6U3, STM32C031K6U6, STM32C051C6T6, STM32C051C6U6, STM32C051C8T6, STM32C051C8U6, STM32C051D8Y6TR, STM32C051F6P6, STM32C051F8P6, STM32C051G6U6, STM32C051G8U6, STM32C051K6T6, STM32C051K6U6, STM32C051K8T6, STM32C071C8T6, STM32C071C8T6N, STM32C071C8U6, STM32C071C8U6N, STM32C071CBT6, STM32C071CBT6N, STM32C071CBU6, STM32C071CBU6N, STM32C071F8P6, STM32C071F8P6N, STM32C071FBP6, STM32C071FBP6N, STM32C071FBY6TR, STM32C071G8U6, STM32C071G8U6N, STM32C071GBU6, STM32C071GBU6N, STM32C071K8T6, STM32C071K8T6N, STM32C071K8U6, STM32C071K8U6N, STM32C071KBT6, STM32C071KBT6N, STM32C071KBU6, STM32C071KBU6N, STM32C071R8T6, STM32C071R8T6N, STM32C071RBI6N, STM32C071RBT6, STM32C071RBT6N, STM32C091CBT6, STM32C091CBU6, STM32C091CCT6, STM32C091CCU6, STM32C091ECY6TR, STM32C091FBP6, STM32C091FCP6, STM32C091GBU6, STM32C091GCU6, STM32C091KBT6, STM32C091KBU6, STM32C091KCT6, STM32C091KCU6, STM32C091RBT6, STM32C091RCI6, STM32C091RCT6, STM32C092CBT6, STM32C092CBU6, STM32C092CCT6, STM32C092CCU6, STM32C092ECY6TR, STM32C092FBP6, STM32C092FCP6, STM32C092GBU6, STM32C092GCU6, STM32C092KBT6, STM32C092KBU6, STM32C092KCT6, STM32C092KCU6, STM32C092RBT6, STM32C092RCI6, STM32C092RCT6, STM32G071K8TXN, STM32G071K8UXN, STM32G081GBU6N, STM32G081KBT6N, STM32G081KBUXN, STM32G0B1CCT6N, STM32G0B1KCT6, STM32G0B1NEY6TR, STM32G0B1RCT6N, STM32G0C1CCT6, STM32G0C1CCT6N, STM32G0C1CCU6N, STM32G0C1CET6N, STM32G0C1CEU6N, STM32G0C1KCT6, STM32G0C1NEY6TR, STM32G0C1RCI6N, STM32G0C1RCT6N, STM32G0C1REI6N, STM32G0C1RET6N, STM32G0C1VCI6, STM32G0C1VEI6, STM32G411C6T3, STM32G411C6T6, STM32G411C6U3, STM32G411C6U6, STM32G411C8T3, STM32G411C8T6, STM32G411C8U3, STM32G411C8U6, STM32G411CBT3, STM32G411CBT6, STM32G411CBU3, STM32G411CBU6, STM32G411CCT3, STM32G411CCT6, STM32G411CCU3, STM32G411CCU6, STM32G411K6T3, STM32G411K6T6, STM32G411K6U3, STM32G411K6U6, STM32G411K8T3, STM32G411K8T6, STM32G411K8U3, STM32G411K8U6, STM32G411KBT3, STM32G411KBT6, STM32G411KBU3, STM32G411KBU6, STM32G411M6T3, STM32G411M6T6, STM32G411M8T3, STM32G411M8T6, STM32G411MBT3, STM32G411MBT6, STM32G411MCT3, STM32G411MCT6, STM32G411R6T3, STM32G411R6T6, STM32G411R8T3, STM32G411R8T6, STM32G411RBT3, STM32G411RBT6, STM32G411RCT3, STM32G411RCT6, STM32G414CBT3, STM32G414CBT6, STM32G414CBU3, STM32G414CBU6, STM32G414CCT3, STM32G414CCT6, STM32G414CCU3, STM32G414CCU6, STM32G414MBT3, STM32G414MBT6, STM32G414MCT3, STM32G414MCT6, STM32G414RBT3, STM32G414RBT6, STM32G414RCT3, STM32G414RCT6, STM32G414VBT3, STM32G414VBT6, STM32G414VCT3, STM32G414VCT6, STM32G431CBT3Z, STM32G431RBT3Z, STM32G471CCT6, STM32G471CCU6, STM32G471CET3, STM32G471CET6, STM32G471CEU3, STM32G471CEU6, STM32G471MCT6, STM32G471MET3, STM32G471MET6, STM32G471MEY6TR, STM32G471QCT6, STM32G471QET3, STM32G471RCT6, STM32G471RET3, STM32G471RET6, STM32G471VCH6, STM32G471VCI6, STM32G471VCT6, STM32G471VEH3, STM32G471VEH6, STM32G471VEI3, STM32G471VEI6, STM32G471VET3, STM32G471VET6, STM32G473QET3Z, STM32G473RET3Z, STM32G474CCT6, STM32G491RET3Z, STM32H503CBT6, STM32H503CBU6, STM32H503EBY6TR, STM32H503KBU6, STM32H503RBT6, STM32H523CCT6, STM32H523CCU6, STM32H523CET6, STM32H523CEU6, STM32H523HEY6TR, STM32H523RCT6, STM32H523RET6, STM32H523VCI6, STM32H523VCT6, STM32H523VEI6, STM32H523VET6, STM32H523ZCJ6, STM32H523ZCT6, STM32H523ZEJ6, STM32H523ZET6, STM32H533CET6, STM32H533CEU6, STM32H533HEY6TR, STM32H533RET6, STM32H533VEI6, STM32H533VET6, STM32H533ZEJ6, STM32H533ZET6, STM32H562AGI6, STM32H562AII6, STM32H562IGK6, STM32H562IGT6, STM32H562IIK6, STM32H562IIT6, STM32H562RGT6, STM32H562RGV6, STM32H562RIT6, STM32H562RIV6, STM32H562VGT6, STM32H562VIT6, STM32H562ZGT6, STM32H562ZIT6, STM32H563AGI6, STM32H563AII3Q, STM32H563AII6, STM32H563IGK6, STM32H563IGT6, STM32H563IIK3Q, STM32H563IIK6, STM32H563IIT3Q, STM32H563IIT6, STM32H563MIY3QTR, STM32H563RGT6, STM32H563RGV6, STM32H563RIT6, STM32H563RIV6, STM32H563VGT6, STM32H563VIT3Q, STM32H563VIT6, STM32H563ZGT6, STM32H563ZIT3Q, STM32H563ZIT6, STM32H573AII3Q, STM32H573AII6, STM32H573I-DK, STM32H573IIK3Q, STM32H573IIK6, STM32H573IIT3Q, STM32H573IIT6, STM32H573MIY3QTR, STM32H573RIT6, STM32H573RIV6, STM32H573VIT3Q, STM32H573VIT6, STM32H573ZIT3Q, STM32H573ZIT6, STM32H7R3A8I6, STM32H7R3I8K6, STM32H7R3I8T6, STM32H7R3L8H6, STM32H7R3L8H6H, STM32H7R3R8V6, STM32H7R3V8H6, STM32H7R3V8T6, STM32H7R3V8Y6TR, STM32H7R3Z8J6, STM32H7R3Z8T6, STM32H7R7A8I6, STM32H7R7I8K6, STM32H7R7I8T6, STM32H7R7L8H6, STM32H7R7L8H6H, STM32H7R7Z8J6, STM32H7S3A8I6, STM32H7S3I8K6, STM32H7S3I8T6, STM32H7S3L8H6, STM32H7S3L8H6H, STM32H7S3R8V6, STM32H7S3V8H6, STM32H7S3V8T6, STM32H7S3V8Y6TR, STM32H7S3Z8J6, STM32H7S3Z8T6, STM32H7S78-DK, STM32H7S7A8I6, STM32H7S7I8K6, STM32H7S7I8T6, STM32H7S7L8H6, STM32H7S7L8H6H, STM32H7S7Z8J6, STM32L4R5QGI6STR, STM32MP131AAE3, STM32MP131AAF3, STM32MP131AAG3, STM32MP131CAE3, STM32MP131CAF3, STM32MP131CAG3, STM32MP131DAE7, STM32MP131DAF7, STM32MP131DAG7, STM32MP131FAE7, STM32MP131FAF7, STM32MP131FAG7, STM32MP133AAE3, STM32MP133AAF3, STM32MP133AAG3, STM32MP133CAE3, STM32MP133CAF3, STM32MP133CAG3, STM32MP133DAE7, STM32MP133DAF7, STM32MP133DAG7, STM32MP133FAE7, STM32MP133FAF7, STM32MP133FAG7, STM32MP135AAE3, STM32MP135AAF3, STM32MP135AAG3, STM32MP135CAE3, STM32MP135CAF3, STM32MP135CAG3, STM32MP135DAE7, STM32MP135DAF7, STM32MP135DAG7, STM32MP135F-DK, STM32MP135FAE7, STM32MP135FAF7, STM32MP135FAF7T, STM32MP135FAF7U, STM32MP135FAG7, STM32MP231AAJ3, STM32MP231AAK3, STM32MP231AAL3, STM32MP231CAJ3, STM32MP231CAK3, STM32MP231CAL3, STM32MP231DAJ3, STM32MP231DAK3, STM32MP231DAL3, STM32MP231FAJ3, STM32MP231FAK3, STM32MP231FAL3, STM32MP233AAJ3, STM32MP233AAK3, STM32MP233AAL3, STM32MP233CAJ3, STM32MP233CAK3, STM32MP233CAL3, STM32MP233DAJ3, STM32MP233DAK3, STM32MP233DAL3, STM32MP233FAJ3, STM32MP233FAK3, STM32MP233FAL3, STM32MP235AAJ3, STM32MP235AAK3, STM32MP235AAL3, STM32MP235CAJ3, STM32MP235CAK3, STM32MP235CAL3, STM32MP235DAJ3, STM32MP235DAK3, STM32MP235DAL3, STM32MP235FAJ3, STM32MP235FAK3, STM32MP235FAL3, STM32MP251AAI3, STM32MP251AAJ3, STM32MP251AAK3, STM32MP251AAL3, STM32MP251CAI3, STM32MP251CAJ3, STM32MP251CAK3, STM32MP251CAL3, STM32MP251DAI3, STM32MP251DAJ3, STM32MP251DAK3, STM32MP251DAL3, STM32MP251FAI3, STM32MP251FAJ3, STM32MP251FAK3, STM32MP251FAL3, STM32MP253AAI3, STM32MP253AAJ3, STM32MP253AAK3, STM32MP253AAL3, STM32MP253CAI3, STM32MP253CAJ3, STM32MP253CAK3, STM32MP253CAL3, STM32MP253DAI3, STM32MP253DAJ3, STM32MP253DAK3, STM32MP253DAL3, STM32MP253FAI3, STM32MP253FAJ3, STM32MP253FAK3, STM32MP253FAL3, STM32MP255AAI3, STM32MP255AAJ3, STM32MP255AAK3, STM32MP255AAL3, STM32MP255CAI3, STM32MP255CAJ3, STM32MP255CAK3, STM32MP255CAL3, STM32MP255DAI3, STM32MP255DAJ3, STM32MP255DAK3, STM32MP255DAL3, STM32MP255FAI3, STM32MP255FAJ3, STM32MP255FAK3, STM32MP255FAL3, STM32MP257AAI3, STM32MP257AAJ3, STM32MP257AAK3, STM32MP257AAL3, STM32MP257CAI3, STM32MP257CAJ3, STM32MP257CAK3, STM32MP257CAL3, STM32MP257DAI3, STM32MP257DAJ3, STM32MP257DAK3, STM32MP257DAL3, STM32MP257F-DK, STM32MP257F-EV1, STM32MP257FAI3, STM32MP257FAJ3, STM32MP257FAK3, STM32MP257FAL3, STM32N645A0H3Q, STM32N645B0H3Q, STM32N645I0H3Q, STM32N645L0H3Q, STM32N645X0H3Q, STM32N645Z0H3Q, STM32N647A0H3Q, STM32N647B0H3Q, STM32N647I0H3Q, STM32N647L0H3Q, STM32N647X0H3Q, STM32N647Z0H3Q, STM32N655A0H3Q, STM32N655B0H3Q, STM32N655I0H3Q, STM32N655L0H3Q, STM32N655X0H3Q, STM32N655Z0H3Q, STM32N6570-DK, STM32N657A0H3Q, STM32N657B0H3Q, STM32N657I0H3Q, STM32N657L0H3Q, STM32N657X0H3Q, STM32N657Z0H3Q, STM32U031C6T6, STM32U031C6U6, STM32U031C8T6, STM32U031C8U6, STM32U031F4P6, STM32U031F6P6, STM32U031F8P6, STM32U031G6Y6TR, STM32U031G8Y6TR, STM32U031K4U6, STM32U031K6U6, STM32U031K8U6, STM32U031R6I6, STM32U031R6T6, STM32U031R8I6, STM32U031R8T6, STM32U073C8T6, STM32U073C8U6, STM32U073CBT6, STM32U073CBU6, STM32U073CCT6, STM32U073CCU6, STM32U073H8Y6TR, STM32U073HBY6TR, STM32U073HCY6TR, STM32U073K8U6, STM32U073KBU6, STM32U073KCU6, STM32U073M8I6, STM32U073M8T6, STM32U073MBI6, STM32U073MBT6, STM32U073MCI6, STM32U073MCT6, STM32U073R8I6, STM32U073R8T6, STM32U073RBI6, STM32U073RBT6, STM32U073RCI6, STM32U073RCT6, STM32U083C-DK, STM32U083CCT6, STM32U083CCU6, STM32U083HCY6TR, STM32U083KCU6, STM32U083MCI6, STM32U083MCT6, STM32U083RCI6, STM32U083RCT6, STM32U375CET6, STM32U375CET6Q, STM32U375CEU6, STM32U375CEU6Q, STM32U375CEY6QTR, STM32U375CGT6, STM32U375CGT6Q, STM32U375CGU6, STM32U375CGU6Q, STM32U375CGY6QTR, STM32U375KEU6, STM32U375KGU6, STM32U375REI6, STM32U375REI6Q, STM32U375RET6, STM32U375RET6Q, STM32U375REY6GTR, STM32U375REY6QTR, STM32U375RGI6, STM32U375RGI6Q, STM32U375RGT6, STM32U375RGT6Q, STM32U375RGY6GTR, STM32U375RGY6QTR, STM32U375VEI6, STM32U375VEI6Q, STM32U375VET6, STM32U375VET6Q, STM32U375VGI6, STM32U375VGI6Q, STM32U375VGT6, STM32U375VGT6Q, STM32U385CGT6, STM32U385CGT6Q, STM32U385CGU6, STM32U385CGU6Q, STM32U385CGY6QTR, STM32U385KGU6, STM32U385RGI6, STM32U385RGI6Q, STM32U385RGT6, STM32U385RGT6Q, STM32U385RGY6GTR, STM32U385RGY6QTR, STM32U385VGI6, STM32U385VGI6Q, STM32U385VGT6, STM32U385VGT6Q, STM32U535CBT6, STM32U535CBT6Q, STM32U535CBU6, STM32U535CBU6Q, STM32U535CCT6, STM32U535CCT6Q, STM32U535CCU6, STM32U535CCU6Q, STM32U535CET6, STM32U535CET6Q, STM32U535CEU6, STM32U535CEU6Q, STM32U535JEY6QTR, STM32U535NCY6QTR, STM32U535NEY6QTR, STM32U535RBI6, STM32U535RBI6Q, STM32U535RBT6, STM32U535RBT6Q, STM32U535RCI6, STM32U535RCI6Q, STM32U535RCT6, STM32U535RCT6Q, STM32U535REI6, STM32U535REI6Q, STM32U535RET6, STM32U535RET6Q, STM32U535VCI6, STM32U535VCI6Q, STM32U535VCT6, STM32U535VCT6Q, STM32U535VEI6, STM32U535VEI6Q, STM32U535VET6, STM32U535VET6Q, STM32U545CET6, STM32U545CET6Q, STM32U545CEU6, STM32U545CEU6Q, STM32U545JEY6QTR, STM32U545NEY6QTR, STM32U545REI6, STM32U545REI6Q, STM32U545RET6, STM32U545RET6Q, STM32U545VEI6, STM32U545VEI6Q, STM32U545VET6, STM32U545VET6Q, STM32U595AIH6, STM32U595AIH6Q, STM32U595AJH6, STM32U595AJH6Q, STM32U595QII6, STM32U595QII6Q, STM32U595QJI6, STM32U595QJI6Q, STM32U595RIT6, STM32U595RIT6Q, STM32U595RJT6, STM32U595RJT6Q, STM32U595VIT6, STM32U595VIT6Q, STM32U595VJT6, STM32U595VJT6Q, STM32U595ZIT6, STM32U595ZIT6Q, STM32U595ZIY6QTR, STM32U595ZJT6, STM32U595ZJT6Q, STM32U595ZJY6QTR, STM32U599BJY6QTR, STM32U599NIH6Q, STM32U599NJH6Q, STM32U599VIT6Q, STM32U599VJT6, STM32U599VJT6Q, STM32U599ZIT6Q, STM32U599ZIY6QTR, STM32U599ZJT6Q, STM32U599ZJY6QTR, STM32U5A5AJH6, STM32U5A5AJH6Q, STM32U5A5QII3Q , STM32U5A5QJI6, STM32U5A5QJI6Q, STM32U5A5RJT6, STM32U5A5RJT6Q, STM32U5A5VJT6, STM32U5A5VJT6Q, STM32U5A5ZJT6, STM32U5A5ZJT6Q, STM32U5A5ZJY6QTR, STM32U5A9BJY6QTR, STM32U5A9J-DK, STM32U5A9NJH6Q, STM32U5A9VJT6Q, STM32U5A9ZJT6Q, STM32U5A9ZJY6QTR, STM32U5F7VIT6, STM32U5F7VIT6Q, STM32U5F7VJT6, STM32U5F7VJT6Q, STM32U5F9BJY6QTR, STM32U5F9NJH6Q, STM32U5F9VIT6Q, STM32U5F9VJT6Q, STM32U5F9ZIJ6QTR, STM32U5F9ZIT6Q, STM32U5F9ZJJ6QTR, STM32U5F9ZJT6Q, STM32U5G7VJT6, STM32U5G7VJT6Q, STM32U5G9BJY6QTR, STM32U5G9J-DK1, STM32U5G9J-DK2, STM32U5G9NJH6Q, STM32U5G9VJT6Q, STM32U5G9ZJJ6QTR, STM32U5G9ZJT6Q, STM32WB05KZV6TR, STM32WB05KZV7TR, STM32WB05TZF6TR, STM32WB05TZF7TR, STM32WB06CCF6TR, STM32WB06CCF7TR, STM32WB06CCV6TR, STM32WB06CCV7TR, STM32WB06KCV6TR, STM32WB06KCV7TR, STM32WB07CCF6TR, STM32WB07CCF7TR, STM32WB07CCV6TR, STM32WB07CCV7TR, STM32WB07KCV6TR, STM32WB07KCV7TR, STM32WB09KEV6TR, STM32WB09KEV7TR, STM32WB09TEF6TR, STM32WB09TEF7TR, STM32WB1MMCH6, STM32WBA50KGU6, STM32WBA50KGU6TR, STM32WBA52CEU6, STM32WBA52CEU6TR, STM32WBA52CEU7, STM32WBA52CEU7TR, STM32WBA52CGU6, STM32WBA52CGU6TR, STM32WBA52CGU6U, STM32WBA52CGU7, STM32WBA52CGU7TR, STM32WBA52KEU6, STM32WBA52KEU6TR, STM32WBA52KGU6, STM32WBA52KGU6TR, STM32WBA54CEU6, STM32WBA54CEU6TR, STM32WBA54CEU7, STM32WBA54CEU7TR, STM32WBA54CGU6, STM32WBA54CGU6TR, STM32WBA54CGU7, STM32WBA54CGU7TR, STM32WBA54KEU6, STM32WBA54KEU6TR, STM32WBA54KEU7, STM32WBA54KEU7TR, STM32WBA54KGU6, STM32WBA54KGU6TR, STM32WBA54KGU7, STM32WBA54KGU7TR, STM32WBA55CEU6, STM32WBA55CEU6TR, STM32WBA55CEU7, STM32WBA55CEU7TR, STM32WBA55CGU6, STM32WBA55CGU6TR, STM32WBA55CGU6U, STM32WBA55CGU7, STM32WBA55CGU7TR, STM32WBA55G-DK1, STM32WBA55HEF6, STM32WBA55HEF7, STM32WBA55HGF6, STM32WBA55HGF7, STM32WBA55UEI6, STM32WBA55UEI6TR, STM32WBA55UEI7, STM32WBA55UEI7TR, STM32WBA55UGI6, STM32WBA55UGI6TR, STM32WBA55UGI7, STM32WBA55UGI7TR, STM32WBA5MJGH6TR, STM32WBA62CGU6, STM32WBA62CIU6, STM32WBA62MGF6, STM32WBA62MIF6, STM32WBA62PGI6, STM32WBA62PII6, STM32WBA63CGU6, STM32WBA63CGU7, STM32WBA63CIU6, STM32WBA63CIU7, STM32WBA64CGU6, STM32WBA64CGU7, STM32WBA64CIU6, STM32WBA64CIU7, STM32WBA65CGU6, STM32WBA65CGU7, STM32WBA65CIU6, STM32WBA65CIU7, STM32WBA65I-DK1, STM32WBA65MGF6, STM32WBA65MGF7, STM32WBA65MIF6, STM32WBA65MIF7, STM32WBA65PGI6, STM32WBA65PGI7, STM32WBA65PII6, STM32WBA65PII7, STM32WBA65RGV6, STM32WBA65RGV7, STM32WBA65RIV6, STM32WBA65RIV7, STM32WL30K8V6, STM32WL30KBV6, STM32WL31C8V6, STM32WL31CBV6, STM32WL31K8V6, STM32WL31KBV6, STM32WL33C8V6, STM32WL33C8V6TR, STM32WL33C8V7, STM32WL33C8V7TR, STM32WL33CBV6, STM32WL33CBV6TR, STM32WL33CBV7, STM32WL33CBV7TR, STM32WL33CCV6, STM32WL33CCV6TR, STM32WL33CCV7, STM32WL33CCV7A, STM32WL33CCV7ATR, STM32WL33CCV7TR, STM32WL33K8V6, STM32WL33K8V6TR, STM32WL33K8V7, STM32WL33K8V7TR, STM32WL33KBV6, STM32WL33KBV6TR, STM32WL33KBV7, STM32WL33KBV7TR, STM32WL33KCV6, STM32WL33KCV6TR, STM32WL33KCV7, STM32WL33KCV7TR, STM32WL5MOCH6, STM32WL5MOCH6TR]
2025-04-10 23:09:41,763 [INFO] BoardInfo:889 - No configuration file found for board P-NUCLEO-WB55
2025-04-10 23:09:41,765 [INFO] DbBoards:161 - Kit is not supported: P-NUCLEO-WB55
2025-04-10 23:09:41,776 [INFO] BoardInfo:889 - No configuration file found for board STEVAL-BFA001V1B
2025-04-10 23:09:41,778 [INFO] DbBoards:161 - Kit is not supported: STEVAL-BFA001V1B
2025-04-10 23:09:41,779 [INFO] BoardInfo:889 - No configuration file found for board STEVAL-BFA001V2B
2025-04-10 23:09:41,781 [INFO] DbBoards:161 - Kit is not supported: STEVAL-BFA001V2B
2025-04-10 23:09:42,141 [INFO] DbBoards:168 - Found 211 boards, 208 are supported
2025-04-10 23:09:42,141 [INFO] DbBoards:169 - Found 211 boards, 43 of them is supported for  Bsp
2025-04-10 23:09:42,143 [INFO] ApiDb:414 - User favorites file not found: C:\Users\Damian/.stm32cubeide/favorites.boards.txt
2025-04-10 23:09:42,144 [INFO] DbBoards:198 - Set 0 / 0 favorites Boards
2025-04-10 23:09:42,146 [INFO] ApiDb:668 - CubeFinder database Data Model version=2.1
2025-04-10 23:09:42,146 [INFO] ApiDb:669 - CubeFinder database Configuration version=3.0.39
2025-04-10 23:09:42,146 [INFO] ApiDb:670 - CubeFinder database generation date=2025-03-24 (1742811287)
2025-04-10 23:09:42,147 [INFO] ApiDb:671 - CubeFinder database FW Pack versions=[FP-ATR-ASTRA1_V2.0.0, FP-SNS-FLIGHT1_V5.0.2, FP-SNS-MOTENV1_V5.0.0, FP-SNS-MOTENVWB1_V1.4.0, FP-SNS-SMARTAG2_V1.2.0, FP-SNS-STBOX1_V2.0.0, STM32Cube_FW_C0_V1.4.0, STM32Cube_FW_F4_V1.28.1, STM32Cube_FW_F7_V1.17.2, STM32Cube_FW_G0_V1.6.2, STM32Cube_FW_G4_V1.6.1, STM32Cube_FW_H5_V1.5.0, STM32Cube_FW_H7RS_V1.2.0, STM32Cube_FW_H7_V1.12.1, STM32Cube_FW_L0_V1.12.2, STM32Cube_FW_L4_V1.18.1, STM32Cube_FW_L5_V1.5.1, STM32Cube_FW_N6_V1.1.0, STM32Cube_FW_U0_V1.2.0, STM32Cube_FW_U3_V1.1.0, STM32Cube_FW_U5_V1.7.0, STM32Cube_FW_WB0_V1.2.0, STM32Cube_FW_WBA_V1.6.0, STM32Cube_FW_WB_V1.22.0, STM32Cube_FW_WL3_V1.1.0, STM32Cube_FW_WL_V1.3.1, X-CUBE-ALGOBUILD_V1.4.0, X-CUBE-ALS_V1.0.2, X-CUBE-AZRTOS-F4_V1.1.0, X-CUBE-AZRTOS-F7_V1.1.0, X-CUBE-AZRTOS-G0_V1.1.0, X-CUBE-AZRTOS-G4_V2.0.0, X-CUBE-AZRTOS-H7RS_V1.0.0, X-CUBE-AZRTOS-H7_V3.3.0, X-CUBE-AZRTOS-L4_V2.0.0, X-CUBE-AZRTOS-L5_V2.0.0, X-CUBE-AZRTOS-WB_V2.0.0, X-CUBE-AZRTOS-WL_V2.0.0, X-CUBE-BLE1_V7.1.0, X-CUBE-BLE2_V3.3.0, X-CUBE-BLEMGR_V4.0.0, X-CUBE-EEPRMA1_V5.1.0, X-CUBE-FREERTOS_V1.3.0, X-CUBE-GNSS1_V6.0.0, X-CUBE-MEMS1_V11.1.0, X-CUBE-NFC4_V3.0.0, X-CUBE-NFC7_V1.0.1, X-CUBE-SFXS2LP1_V4.0.0, X-CUBE-SUBG2_V5.0.0, X-CUBE-TOF1_V3.4.2]
2025-04-10 23:09:42,884 [ERROR] DbExamplesSqlite:437 - Missing JSON key: board_cpn
2025-04-10 23:09:42,884 [ERROR] DbExamplesSqlite:437 - Missing JSON key: board_cpn
2025-04-10 23:09:42,884 [ERROR] DbExamplesSqlite:437 - Missing JSON key: board_cpn
2025-04-10 23:09:42,884 [ERROR] DbExamplesSqlite:437 - Missing JSON key: board_cpn
2025-04-10 23:09:43,069 [ERROR] DbExamplesSqlite:437 - Missing JSON key: board_cpn
2025-04-10 23:09:43,069 [ERROR] DbExamplesSqlite:437 - Missing JSON key: board_cpn
2025-04-10 23:09:43,069 [ERROR] DbExamplesSqlite:437 - Missing JSON key: board_cpn
2025-04-10 23:09:43,069 [ERROR] DbExamplesSqlite:437 - Missing JSON key: board_cpn
2025-04-10 23:09:43,070 [ERROR] DbExamplesSqlite:437 - Missing JSON key: board_cpn
2025-04-10 23:09:43,070 [ERROR] DbExamplesSqlite:437 - Missing JSON key: board_cpn
2025-04-10 23:09:43,070 [ERROR] DbExamplesSqlite:437 - Missing JSON key: board_cpn
2025-04-10 23:09:43,070 [ERROR] DbExamplesSqlite:437 - Missing JSON key: board_cpn
2025-04-10 23:09:43,070 [ERROR] DbExamplesSqlite:437 - Missing JSON key: board_cpn
2025-04-10 23:09:43,226 [ERROR] DbExamplesSqlite:437 - Missing JSON key: board_cpn
2025-04-10 23:09:43,234 [INFO] DbExamplesSqlite:395 - Ignored 46 examples not supported by CubeIDE
2025-04-10 23:09:43,234 [INFO] DbExamplesSqlite:396 - Found 10814 examples active
2025-04-10 23:09:43,234 [INFO] DbExamplesSqlite:397 - Found 0 examples obsolete
2025-04-10 23:09:43,235 [INFO] DbExamplesSqlite:398 - Found 0 examples under development
2025-04-10 23:09:43,235 [INFO] DbExamplesSqlite:399 - Found 79 examples not building
2025-04-10 23:09:43,237 [INFO] DbExamples:125 - Found 10847 examples
2025-04-10 23:09:43,259 [ERROR] DbExamples:208 - Found 3 examples with invalid data (board or MCU)
2025-04-10 23:09:43,259 [INFO] DbExamples:222 - Found 134 boards with related examples
2025-04-10 23:09:43,261 [INFO] DbExamples:235 - Found 110 MCUs with related examples
2025-04-10 23:09:43,292 [INFO] ApiDb:414 - User favorites file not found: C:\Users\Damian/.stm32cubeide/favorites.examples.txt
2025-04-10 23:09:43,292 [INFO] DbExamples:250 - Set 0 / 0 favorites Examples
2025-04-10 23:09:43,525 [INFO] McuFinderGlobals:76 - Set McuFinderConnectedMode to true
2025-04-10 23:09:43,536 [INFO] MultiScanPanel:200 - Auto-refresh data requested => check proxy status ongoing
2025-04-10 23:09:43,540 [INFO] FinderPluginLoader:95 - Searching for filters in installed packs
2025-04-10 23:09:45,313 [INFO] LoadUrlFilesThread:185 - End of LoadServerUrlFiles without Thread
2025-04-10 23:09:45,361 [INFO] DetailPanel:341 - Set advertising image to C:/Users/Damian/STM32Cube/Repository/\en.prom-stm32u3-mcu-finder.jpg
2025-04-10 23:10:07,498 [INFO] MainUpdater:2872 - connection check result : 10
2025-04-10 23:10:26,464 [ERROR] LogOutputStream:75 - [STDERR_REDIRECT] Exception in thread "AWT-EventQueue-0" java.lang.NullPointerException: Cannot invoke "com.st.stm32cube.common.mx.targetselector.IdeMcuFinder.getBoard()" because "this.mcuFinder" is null
2025-04-10 23:10:26,468 [ERROR] LogOutputStream:75 - [STDERR_REDIRECT] 	at com.st.stm32cube.common.mx.targetselector.TargetSelectorAdapter.getBoard(TargetSelectorAdapter.java:372)
2025-04-10 23:10:26,472 [ERROR] LogOutputStream:75 - [STDERR_REDIRECT] 	at com.st.stm32cube.common.projectcreation.ui.wizard.TargetSetupPageAbstract.getSelectedTargetName(TargetSetupPageAbstract.java:462)
2025-04-10 23:10:26,474 [ERROR] LogOutputStream:75 - [STDERR_REDIRECT] 	at com.st.stm32cube.common.projectcreation.ui.wizard.TargetSetupPageAbstract$1.targetSelected(TargetSetupPageAbstract.java:110)
2025-04-10 23:10:26,480 [ERROR] LogOutputStream:75 - [STDERR_REDIRECT] 	at com.st.stm32cube.common.mx.targetselector.TargetSelectorAdapter.doOnTargetSelectionUpdate(TargetSelectorAdapter.java:156)
2025-04-10 23:10:26,486 [ERROR] LogOutputStream:75 - [STDERR_REDIRECT] 	at com.st.stm32cube.common.mx.targetselector.TargetSelectorAdapter$6$1$1.doOnTargetSelectionUpdate(TargetSelectorAdapter.java:305)
2025-04-10 23:10:26,489 [ERROR] LogOutputStream:75 - [STDERR_REDIRECT] 	at com.st.stm32cube.common.mx.targetselector.IdeMcuFinder.doOnMcuTableEvent(IdeMcuFinder.java:664)
2025-04-10 23:10:26,493 [ERROR] LogOutputStream:75 - [STDERR_REDIRECT] 	at com.st.stm32cube.common.mx.targetselector.IdeMcuFinder$1.valueChanged(IdeMcuFinder.java:246)
2025-04-10 23:10:26,495 [ERROR] LogOutputStream:75 - [STDERR_REDIRECT] 	at java.desktop/javax.swing.DefaultListSelectionModel.fireValueChanged(DefaultListSelectionModel.java:231)
2025-04-10 23:10:26,497 [ERROR] LogOutputStream:75 - [STDERR_REDIRECT] 	at java.desktop/javax.swing.DefaultListSelectionModel.fireValueChanged(DefaultListSelectionModel.java:206)
2025-04-10 23:10:26,499 [ERROR] LogOutputStream:75 - [STDERR_REDIRECT] 	at java.desktop/javax.swing.DefaultListSelectionModel.fireValueChanged(DefaultListSelectionModel.java:258)
2025-04-10 23:10:26,502 [ERROR] LogOutputStream:75 - [STDERR_REDIRECT] 	at java.desktop/javax.swing.DefaultListSelectionModel.changeSelection(DefaultListSelectionModel.java:459)
2025-04-10 23:10:26,504 [ERROR] LogOutputStream:75 - [STDERR_REDIRECT] 	at java.desktop/javax.swing.DefaultListSelectionModel.changeSelection(DefaultListSelectionModel.java:469)
2025-04-10 23:10:26,507 [ERROR] LogOutputStream:75 - [STDERR_REDIRECT] 	at java.desktop/javax.swing.DefaultListSelectionModel.setSelectionInterval(DefaultListSelectionModel.java:513)
2025-04-10 23:10:26,509 [ERROR] LogOutputStream:75 - [STDERR_REDIRECT] 	at java.desktop/javax.swing.JTable.changeSelectionModel(JTable.java:2441)
2025-04-10 23:10:26,522 [ERROR] LogOutputStream:75 - [STDERR_REDIRECT] 	at java.desktop/javax.swing.JTable.changeSelection(JTable.java:2510)
2025-04-10 23:10:26,526 [ERROR] LogOutputStream:75 - [STDERR_REDIRECT] 	at java.desktop/javax.swing.plaf.basic.BasicTableUI$Handler.adjustSelection(BasicTableUI.java:1145)
2025-04-10 23:10:26,530 [ERROR] LogOutputStream:75 - [STDERR_REDIRECT] 	at java.desktop/javax.swing.plaf.basic.BasicTableUI$Handler.mousePressed(BasicTableUI.java:1068)
2025-04-10 23:10:26,534 [ERROR] LogOutputStream:75 - [STDERR_REDIRECT] 	at java.desktop/java.awt.AWTEventMulticaster.mousePressed(AWTEventMulticaster.java:288)
2025-04-10 23:10:26,537 [ERROR] LogOutputStream:75 - [STDERR_REDIRECT] 	at java.desktop/java.awt.AWTEventMulticaster.mousePressed(AWTEventMulticaster.java:287)
2025-04-10 23:10:26,539 [ERROR] LogOutputStream:75 - [STDERR_REDIRECT] 	at java.desktop/java.awt.Component.processMouseEvent(Component.java:6618)
2025-04-10 23:10:26,542 [ERROR] LogOutputStream:75 - [STDERR_REDIRECT] 	at java.desktop/javax.swing.JComponent.processMouseEvent(JComponent.java:3398)
2025-04-10 23:10:26,544 [ERROR] LogOutputStream:75 - [STDERR_REDIRECT] 	at java.desktop/java.awt.Component.processEvent(Component.java:6386)
2025-04-10 23:10:26,546 [ERROR] LogOutputStream:75 - [STDERR_REDIRECT] 	at java.desktop/java.awt.Container.processEvent(Container.java:2266)
2025-04-10 23:10:26,548 [ERROR] LogOutputStream:75 - [STDERR_REDIRECT] 	at java.desktop/java.awt.Component.dispatchEventImpl(Component.java:4996)
2025-04-10 23:10:26,550 [ERROR] LogOutputStream:75 - [STDERR_REDIRECT] 	at java.desktop/java.awt.Container.dispatchEventImpl(Container.java:2324)
2025-04-10 23:10:26,553 [ERROR] LogOutputStream:75 - [STDERR_REDIRECT] 	at java.desktop/java.awt.Component.dispatchEvent(Component.java:4828)
2025-04-10 23:10:26,555 [ERROR] LogOutputStream:75 - [STDERR_REDIRECT] 	at java.desktop/java.awt.LightweightDispatcher.retargetMouseEvent(Container.java:4948)
2025-04-10 23:10:26,557 [ERROR] LogOutputStream:75 - [STDERR_REDIRECT] 	at java.desktop/java.awt.LightweightDispatcher.processMouseEvent(Container.java:4572)
2025-04-10 23:10:26,564 [ERROR] LogOutputStream:75 - [STDERR_REDIRECT] 	at java.desktop/java.awt.LightweightDispatcher.dispatchEvent(Container.java:4516)
2025-04-10 23:10:26,566 [ERROR] LogOutputStream:75 - [STDERR_REDIRECT] 	at java.desktop/java.awt.Container.dispatchEventImpl(Container.java:2310)
2025-04-10 23:10:26,568 [ERROR] LogOutputStream:75 - [STDERR_REDIRECT] 	at java.desktop/java.awt.Component.dispatchEvent(Component.java:4828)
2025-04-10 23:10:26,570 [ERROR] LogOutputStream:75 - [STDERR_REDIRECT] 	at java.desktop/java.awt.EventQueue.dispatchEventImpl(EventQueue.java:775)
2025-04-10 23:10:26,571 [ERROR] LogOutputStream:75 - [STDERR_REDIRECT] 	at java.desktop/java.awt.EventQueue$4.run(EventQueue.java:720)
2025-04-10 23:10:26,573 [ERROR] LogOutputStream:75 - [STDERR_REDIRECT] 	at java.desktop/java.awt.EventQueue$4.run(EventQueue.java:714)
2025-04-10 23:10:26,574 [ERROR] LogOutputStream:75 - [STDERR_REDIRECT] 	at java.base/java.security.AccessController.doPrivileged(AccessController.java:400)
2025-04-10 23:10:26,578 [ERROR] LogOutputStream:75 - [STDERR_REDIRECT] 	at java.base/java.security.ProtectionDomain$JavaSecurityAccessImpl.doIntersectionPrivilege(ProtectionDomain.java:87)
2025-04-10 23:10:26,582 [ERROR] LogOutputStream:75 - [STDERR_REDIRECT] 	at java.base/java.security.ProtectionDomain$JavaSecurityAccessImpl.doIntersectionPrivilege(ProtectionDomain.java:98)
2025-04-10 23:10:26,583 [ERROR] LogOutputStream:75 - [STDERR_REDIRECT] 	at java.desktop/java.awt.EventQueue$5.run(EventQueue.java:747)
2025-04-10 23:10:26,584 [ERROR] LogOutputStream:75 - [STDERR_REDIRECT] 	at java.desktop/java.awt.EventQueue$5.run(EventQueue.java:745)
2025-04-10 23:10:26,586 [ERROR] LogOutputStream:75 - [STDERR_REDIRECT] 	at java.base/java.security.AccessController.doPrivileged(AccessController.java:400)
2025-04-10 23:10:26,588 [ERROR] LogOutputStream:75 - [STDERR_REDIRECT] 	at java.base/java.security.ProtectionDomain$JavaSecurityAccessImpl.doIntersectionPrivilege(ProtectionDomain.java:87)
2025-04-10 23:10:26,589 [ERROR] LogOutputStream:75 - [STDERR_REDIRECT] 	at java.desktop/java.awt.EventQueue.dispatchEvent(EventQueue.java:744)
2025-04-10 23:10:26,590 [ERROR] LogOutputStream:75 - [STDERR_REDIRECT] 	at java.desktop/java.awt.EventDispatchThread.pumpOneEventForFilters(EventDispatchThread.java:203)
2025-04-10 23:10:26,591 [ERROR] LogOutputStream:75 - [STDERR_REDIRECT] 	at java.desktop/java.awt.EventDispatchThread.pumpEventsForFilter(EventDispatchThread.java:124)
2025-04-10 23:10:26,592 [ERROR] LogOutputStream:75 - [STDERR_REDIRECT] 	at java.desktop/java.awt.EventDispatchThread.pumpEventsForHierarchy(EventDispatchThread.java:113)
2025-04-10 23:10:26,593 [ERROR] LogOutputStream:75 - [STDERR_REDIRECT] 	at java.desktop/java.awt.EventDispatchThread.pumpEvents(EventDispatchThread.java:109)
2025-04-10 23:10:26,596 [ERROR] LogOutputStream:75 - [STDERR_REDIRECT] 	at java.desktop/java.awt.EventDispatchThread.pumpEvents(EventDispatchThread.java:101)
2025-04-10 23:10:26,599 [ERROR] LogOutputStream:75 - [STDERR_REDIRECT] 	at java.desktop/java.awt.EventDispatchThread.run(EventDispatchThread.java:90)
2025-04-10 23:10:27,279 [INFO] MultiScanPanel:200 - Auto-refresh data requested => check proxy status ongoing
2025-04-10 23:10:27,517 [INFO] LoadUrlFilesThread:185 - End of LoadServerUrlFiles without Thread
2025-04-10 23:10:27,517 [INFO] DetailPanel:341 - Set advertising image to C:/Users/Damian/STM32Cube/Repository/\en.prom-stm32u3-mcu-finder.jpg
2025-04-10 23:10:27,533 [INFO] DbBoards:642 - Loading board mini-images...
2025-04-10 23:10:27,660 [ERROR] DbBoards:659 - Image file not found for board B-WBA5M-WPAN: C:\Users\Damian\.stmcufinder\plugins\mcufinder//mcu//boards_images/B-WBA5M-WPAN.jpg
2025-04-10 23:10:30,009 [INFO] DbBoards:665 - Loaded 210 board mini-images
2025-04-10 23:10:30,192 [ERROR] LogOutputStream:75 - [STDERR_REDIRECT] Exception in thread "AWT-EventQueue-0" java.lang.NullPointerException: Cannot invoke "com.st.stm32cube.common.mx.targetselector.IdeMcuFinder.getBoard()" because "this.mcuFinder" is null
2025-04-10 23:10:30,194 [ERROR] LogOutputStream:75 - [STDERR_REDIRECT] 	at com.st.stm32cube.common.mx.targetselector.TargetSelectorAdapter.getBoard(TargetSelectorAdapter.java:372)
2025-04-10 23:10:30,199 [ERROR] LogOutputStream:75 - [STDERR_REDIRECT] 	at com.st.stm32cube.common.projectcreation.ui.wizard.TargetSetupPageAbstract.getSelectedTargetName(TargetSetupPageAbstract.java:462)
2025-04-10 23:10:30,202 [ERROR] LogOutputStream:75 - [STDERR_REDIRECT] 	at com.st.stm32cube.common.projectcreation.ui.wizard.TargetSetupPageAbstract$1.targetSelected(TargetSetupPageAbstract.java:110)
2025-04-10 23:10:30,207 [ERROR] LogOutputStream:75 - [STDERR_REDIRECT] 	at com.st.stm32cube.common.mx.targetselector.TargetSelectorAdapter.doOnTargetSelectionUpdate(TargetSelectorAdapter.java:156)
2025-04-10 23:10:30,211 [ERROR] LogOutputStream:75 - [STDERR_REDIRECT] 	at com.st.stm32cube.common.mx.targetselector.TargetSelectorAdapter$6$1$1.doOnTargetSelectionUpdate(TargetSelectorAdapter.java:305)
2025-04-10 23:10:30,214 [ERROR] LogOutputStream:75 - [STDERR_REDIRECT] 	at com.st.stm32cube.common.mx.targetselector.IdeMcuFinder.doOnBoardTableEvent(IdeMcuFinder.java:608)
2025-04-10 23:10:30,216 [ERROR] LogOutputStream:75 - [STDERR_REDIRECT] 	at com.st.stm32cube.common.mx.targetselector.IdeMcuFinder$2.stateChanged(IdeMcuFinder.java:287)
2025-04-10 23:10:30,218 [ERROR] LogOutputStream:75 - [STDERR_REDIRECT] 	at java.desktop/javax.swing.JTabbedPane.fireStateChanged(JTabbedPane.java:446)
2025-04-10 23:10:30,220 [ERROR] LogOutputStream:75 - [STDERR_REDIRECT] 	at java.desktop/javax.swing.JTabbedPane$ModelListener.stateChanged(JTabbedPane.java:297)
2025-04-10 23:10:30,225 [ERROR] LogOutputStream:75 - [STDERR_REDIRECT] 	at java.desktop/javax.swing.DefaultSingleSelectionModel.fireStateChanged(DefaultSingleSelectionModel.java:148)
2025-04-10 23:10:30,227 [ERROR] LogOutputStream:75 - [STDERR_REDIRECT] 	at java.desktop/javax.swing.DefaultSingleSelectionModel.setSelectedIndex(DefaultSingleSelectionModel.java:79)
2025-04-10 23:10:30,230 [ERROR] LogOutputStream:75 - [STDERR_REDIRECT] 	at java.desktop/javax.swing.JTabbedPane.setSelectedIndexImpl(JTabbedPane.java:650)
2025-04-10 23:10:30,232 [ERROR] LogOutputStream:75 - [STDERR_REDIRECT] 	at java.desktop/javax.swing.JTabbedPane.setSelectedIndex(JTabbedPane.java:625)
2025-04-10 23:10:30,234 [ERROR] LogOutputStream:75 - [STDERR_REDIRECT] 	at java.desktop/javax.swing.plaf.basic.BasicTabbedPaneUI$Handler.mousePressed(BasicTabbedPaneUI.java:4140)
2025-04-10 23:10:30,236 [ERROR] LogOutputStream:75 - [STDERR_REDIRECT] 	at java.desktop/java.awt.Component.processMouseEvent(Component.java:6618)
2025-04-10 23:10:30,238 [ERROR] LogOutputStream:75 - [STDERR_REDIRECT] 	at java.desktop/javax.swing.JComponent.processMouseEvent(JComponent.java:3398)
2025-04-10 23:10:30,240 [ERROR] LogOutputStream:75 - [STDERR_REDIRECT] 	at java.desktop/java.awt.Component.processEvent(Component.java:6386)
2025-04-10 23:10:30,241 [ERROR] LogOutputStream:75 - [STDERR_REDIRECT] 	at java.desktop/java.awt.Container.processEvent(Container.java:2266)
2025-04-10 23:10:30,243 [ERROR] LogOutputStream:75 - [STDERR_REDIRECT] 	at java.desktop/java.awt.Component.dispatchEventImpl(Component.java:4996)
2025-04-10 23:10:30,244 [ERROR] LogOutputStream:75 - [STDERR_REDIRECT] 	at java.desktop/java.awt.Container.dispatchEventImpl(Container.java:2324)
2025-04-10 23:10:30,247 [ERROR] LogOutputStream:75 - [STDERR_REDIRECT] 	at java.desktop/java.awt.Component.dispatchEvent(Component.java:4828)
2025-04-10 23:10:30,248 [ERROR] LogOutputStream:75 - [STDERR_REDIRECT] 	at java.desktop/java.awt.LightweightDispatcher.retargetMouseEvent(Container.java:4948)
2025-04-10 23:10:30,251 [ERROR] LogOutputStream:75 - [STDERR_REDIRECT] 	at java.desktop/java.awt.LightweightDispatcher.processMouseEvent(Container.java:4572)
2025-04-10 23:10:30,253 [ERROR] LogOutputStream:75 - [STDERR_REDIRECT] 	at java.desktop/java.awt.LightweightDispatcher.dispatchEvent(Container.java:4516)
2025-04-10 23:10:30,254 [ERROR] LogOutputStream:75 - [STDERR_REDIRECT] 	at java.desktop/java.awt.Container.dispatchEventImpl(Container.java:2310)
2025-04-10 23:10:30,255 [ERROR] LogOutputStream:75 - [STDERR_REDIRECT] 	at java.desktop/java.awt.Component.dispatchEvent(Component.java:4828)
2025-04-10 23:10:30,257 [ERROR] LogOutputStream:75 - [STDERR_REDIRECT] 	at java.desktop/java.awt.EventQueue.dispatchEventImpl(EventQueue.java:775)
2025-04-10 23:10:30,258 [ERROR] LogOutputStream:75 - [STDERR_REDIRECT] 	at java.desktop/java.awt.EventQueue$4.run(EventQueue.java:720)
2025-04-10 23:10:30,260 [ERROR] LogOutputStream:75 - [STDERR_REDIRECT] 	at java.desktop/java.awt.EventQueue$4.run(EventQueue.java:714)
2025-04-10 23:10:30,261 [ERROR] LogOutputStream:75 - [STDERR_REDIRECT] 	at java.base/java.security.AccessController.doPrivileged(AccessController.java:400)
2025-04-10 23:10:30,263 [ERROR] LogOutputStream:75 - [STDERR_REDIRECT] 	at java.base/java.security.ProtectionDomain$JavaSecurityAccessImpl.doIntersectionPrivilege(ProtectionDomain.java:87)
2025-04-10 23:10:30,265 [ERROR] LogOutputStream:75 - [STDERR_REDIRECT] 	at java.base/java.security.ProtectionDomain$JavaSecurityAccessImpl.doIntersectionPrivilege(ProtectionDomain.java:98)
2025-04-10 23:10:30,266 [ERROR] LogOutputStream:75 - [STDERR_REDIRECT] 	at java.desktop/java.awt.EventQueue$5.run(EventQueue.java:747)
2025-04-10 23:10:30,267 [ERROR] LogOutputStream:75 - [STDERR_REDIRECT] 	at java.desktop/java.awt.EventQueue$5.run(EventQueue.java:745)
2025-04-10 23:10:30,268 [ERROR] LogOutputStream:75 - [STDERR_REDIRECT] 	at java.base/java.security.AccessController.doPrivileged(AccessController.java:400)
2025-04-10 23:10:30,269 [ERROR] LogOutputStream:75 - [STDERR_REDIRECT] 	at java.base/java.security.ProtectionDomain$JavaSecurityAccessImpl.doIntersectionPrivilege(ProtectionDomain.java:87)
2025-04-10 23:10:30,270 [ERROR] LogOutputStream:75 - [STDERR_REDIRECT] 	at java.desktop/java.awt.EventQueue.dispatchEvent(EventQueue.java:744)
2025-04-10 23:10:30,271 [ERROR] LogOutputStream:75 - [STDERR_REDIRECT] 	at java.desktop/java.awt.EventDispatchThread.pumpOneEventForFilters(EventDispatchThread.java:203)
2025-04-10 23:10:30,274 [ERROR] LogOutputStream:75 - [STDERR_REDIRECT] 	at java.desktop/java.awt.EventDispatchThread.pumpEventsForFilter(EventDispatchThread.java:124)
2025-04-10 23:10:30,276 [ERROR] LogOutputStream:75 - [STDERR_REDIRECT] 	at java.desktop/java.awt.EventDispatchThread.pumpEventsForHierarchy(EventDispatchThread.java:113)
2025-04-10 23:10:30,277 [ERROR] LogOutputStream:75 - [STDERR_REDIRECT] 	at java.desktop/java.awt.EventDispatchThread.pumpEvents(EventDispatchThread.java:109)
2025-04-10 23:10:30,278 [ERROR] LogOutputStream:75 - [STDERR_REDIRECT] 	at java.desktop/java.awt.EventDispatchThread.pumpEvents(EventDispatchThread.java:101)
2025-04-10 23:10:30,280 [ERROR] LogOutputStream:75 - [STDERR_REDIRECT] 	at java.desktop/java.awt.EventDispatchThread.run(EventDispatchThread.java:90)
2025-04-10 23:10:30,378 [ERROR] LogOutputStream:75 - [STDERR_REDIRECT] Exception in thread "AWT-EventQueue-0" java.lang.NullPointerException: Cannot invoke "com.st.stm32cube.common.mx.targetselector.IdeMcuFinder.cleanUp(boolean)" because "this.this$0.mcuFinder" is null
2025-04-10 23:10:30,381 [ERROR] LogOutputStream:75 - [STDERR_REDIRECT] 	at com.st.stm32cube.common.mx.targetselector.TargetSelectorAdapter$7.run(TargetSelectorAdapter.java:353)
2025-04-10 23:10:30,382 [ERROR] LogOutputStream:75 - [STDERR_REDIRECT] 	at com.st.stm32cube.common.mx.oss.core.awtswtbridge.AwtEnvironment$2.run(AwtEnvironment.java:166)
2025-04-10 23:10:30,384 [ERROR] LogOutputStream:75 - [STDERR_REDIRECT] 	at java.desktop/java.awt.event.InvocationEvent.dispatch(InvocationEvent.java:318)
2025-04-10 23:10:30,386 [ERROR] LogOutputStream:75 - [STDERR_REDIRECT] 	at java.desktop/java.awt.EventQueue.dispatchEventImpl(EventQueue.java:773)
2025-04-10 23:10:30,387 [ERROR] LogOutputStream:75 - [STDERR_REDIRECT] 	at java.desktop/java.awt.EventQueue$4.run(EventQueue.java:720)
2025-04-10 23:10:30,390 [ERROR] LogOutputStream:75 - [STDERR_REDIRECT] 	at java.desktop/java.awt.EventQueue$4.run(EventQueue.java:714)
2025-04-10 23:10:30,394 [ERROR] LogOutputStream:75 - [STDERR_REDIRECT] 	at java.base/java.security.AccessController.doPrivileged(AccessController.java:400)
2025-04-10 23:10:30,397 [ERROR] LogOutputStream:75 - [STDERR_REDIRECT] 	at java.base/java.security.ProtectionDomain$JavaSecurityAccessImpl.doIntersectionPrivilege(ProtectionDomain.java:87)
2025-04-10 23:10:30,398 [ERROR] LogOutputStream:75 - [STDERR_REDIRECT] 	at java.desktop/java.awt.EventQueue.dispatchEvent(EventQueue.java:742)
2025-04-10 23:10:30,399 [ERROR] LogOutputStream:75 - [STDERR_REDIRECT] 	at java.desktop/java.awt.EventDispatchThread.pumpOneEventForFilters(EventDispatchThread.java:203)
2025-04-10 23:10:30,401 [ERROR] LogOutputStream:75 - [STDERR_REDIRECT] 	at java.desktop/java.awt.EventDispatchThread.pumpEventsForFilter(EventDispatchThread.java:124)
2025-04-10 23:10:30,403 [ERROR] LogOutputStream:75 - [STDERR_REDIRECT] 	at java.desktop/java.awt.EventDispatchThread.pumpEventsForHierarchy(EventDispatchThread.java:113)
2025-04-10 23:10:30,406 [ERROR] LogOutputStream:75 - [STDERR_REDIRECT] 	at java.desktop/java.awt.EventDispatchThread.pumpEvents(EventDispatchThread.java:109)
2025-04-10 23:10:30,408 [ERROR] LogOutputStream:75 - [STDERR_REDIRECT] 	at java.desktop/java.awt.EventDispatchThread.pumpEvents(EventDispatchThread.java:101)
2025-04-10 23:10:30,411 [ERROR] LogOutputStream:75 - [STDERR_REDIRECT] 	at java.desktop/java.awt.EventDispatchThread.run(EventDispatchThread.java:90)
2025-04-10 23:10:30,416 [ERROR] LogOutputStream:75 - [STDERR_REDIRECT] Exception in thread "AWT-EventQueue-0" java.lang.NullPointerException: Cannot invoke "com.st.stm32cube.common.mx.targetselector.IdeMcuFinder.cleanUp(boolean)" because "this.this$0.mcuFinder" is null
2025-04-10 23:10:30,418 [ERROR] LogOutputStream:75 - [STDERR_REDIRECT] 	at com.st.stm32cube.common.mx.targetselector.TargetSelectorAdapter$7.run(TargetSelectorAdapter.java:353)
2025-04-10 23:10:30,420 [ERROR] LogOutputStream:75 - [STDERR_REDIRECT] 	at com.st.stm32cube.common.mx.oss.core.awtswtbridge.AwtEnvironment$2.run(AwtEnvironment.java:166)
2025-04-10 23:10:30,422 [ERROR] LogOutputStream:75 - [STDERR_REDIRECT] 	at java.desktop/java.awt.event.InvocationEvent.dispatch(InvocationEvent.java:318)
2025-04-10 23:10:30,424 [ERROR] LogOutputStream:75 - [STDERR_REDIRECT] 	at java.desktop/java.awt.EventQueue.dispatchEventImpl(EventQueue.java:773)
2025-04-10 23:10:30,426 [ERROR] LogOutputStream:75 - [STDERR_REDIRECT] 	at java.desktop/java.awt.EventQueue$4.run(EventQueue.java:720)
2025-04-10 23:10:30,428 [ERROR] LogOutputStream:75 - [STDERR_REDIRECT] 	at java.desktop/java.awt.EventQueue$4.run(EventQueue.java:714)
2025-04-10 23:10:30,429 [ERROR] LogOutputStream:75 - [STDERR_REDIRECT] 	at java.base/java.security.AccessController.doPrivileged(AccessController.java:400)
2025-04-10 23:10:30,431 [ERROR] LogOutputStream:75 - [STDERR_REDIRECT] 	at java.base/java.security.ProtectionDomain$JavaSecurityAccessImpl.doIntersectionPrivilege(ProtectionDomain.java:87)
2025-04-10 23:10:30,432 [ERROR] LogOutputStream:75 - [STDERR_REDIRECT] 	at java.desktop/java.awt.EventQueue.dispatchEvent(EventQueue.java:742)
2025-04-10 23:10:30,433 [ERROR] LogOutputStream:75 - [STDERR_REDIRECT] 	at java.desktop/java.awt.EventDispatchThread.pumpOneEventForFilters(EventDispatchThread.java:203)
2025-04-10 23:10:30,434 [ERROR] LogOutputStream:75 - [STDERR_REDIRECT] 	at java.desktop/java.awt.EventDispatchThread.pumpEventsForFilter(EventDispatchThread.java:124)
2025-04-10 23:10:30,436 [ERROR] LogOutputStream:75 - [STDERR_REDIRECT] 	at java.desktop/java.awt.EventDispatchThread.pumpEventsForHierarchy(EventDispatchThread.java:113)
2025-04-10 23:10:30,438 [ERROR] LogOutputStream:75 - [STDERR_REDIRECT] 	at java.desktop/java.awt.EventDispatchThread.pumpEvents(EventDispatchThread.java:109)
2025-04-10 23:10:30,440 [ERROR] LogOutputStream:75 - [STDERR_REDIRECT] 	at java.desktop/java.awt.EventDispatchThread.pumpEvents(EventDispatchThread.java:101)
2025-04-10 23:10:30,441 [ERROR] LogOutputStream:75 - [STDERR_REDIRECT] 	at java.desktop/java.awt.EventDispatchThread.run(EventDispatchThread.java:90)
2025-04-10 23:10:30,642 [INFO] McuFinderGlobals:76 - Set McuFinderConnectedMode to true
2025-04-10 23:10:30,643 [INFO] MultiScanPanel:200 - Auto-refresh data requested => check proxy status ongoing
2025-04-10 23:10:30,644 [INFO] FinderPluginLoader:95 - Searching for filters in installed packs
2025-04-10 23:10:32,007 [INFO] LoadUrlFilesThread:185 - End of LoadServerUrlFiles without Thread
2025-04-10 23:10:32,007 [INFO] DetailPanel:341 - Set advertising image to C:/Users/Damian/STM32Cube/Repository/\en.prom-stm32u3-mcu-finder.jpg
2025-04-10 23:10:42,239 [INFO] MainUpdater:2872 - connection check result : 10
2025-04-10 23:10:42,518 [INFO] McuFinderGlobals:76 - Set McuFinderConnectedMode to true
2025-04-10 23:10:42,519 [INFO] MultiScanPanel:200 - Auto-refresh data requested => check proxy status ongoing
2025-04-10 23:10:42,519 [INFO] FinderPluginLoader:95 - Searching for filters in installed packs
2025-04-10 23:10:43,613 [INFO] LoadUrlFilesThread:185 - End of LoadServerUrlFiles without Thread
2025-04-10 23:10:43,613 [INFO] DetailPanel:341 - Set advertising image to C:/Users/Damian/STM32Cube/Repository/\en.prom-stm32u3-mcu-finder.jpg
2025-04-10 23:10:48,917 [INFO] McuResultTable:1403 - Unmark MCU STM32L496ZGT6 as favorite
2025-04-10 23:11:18,894 [INFO] MainUpdater:2872 - connection check result : 10
2025-04-10 23:11:18,895 [INFO] MainUpdater:2872 - connection check result : 10
2025-04-10 23:11:18,913 [INFO] MicroXplorer:468 - Change Database Path : 
2025-04-10 23:11:18,913 [INFO] MicroXplorer:498 - Change Database Version : DB.6.0.140
2025-04-10 23:11:18,920 [WARN] ThirdParty:871 - waiting for thirdparty lock release [close project]
2025-04-10 23:11:18,920 [INFO] ThirdParty:873 - entering critical section [close project]
2025-04-10 23:11:18,922 [INFO] ThirdParty:883 - exiting critical section [close project]
2025-04-10 23:11:18,923 [INFO] PinOutPanel:1589 - setPackage(No Configuration,No Configuration)
2025-04-10 23:11:18,928 [INFO] UtilMem:75 - Begin LoadConfig() Used Memory: 385099648 Bytes (853540864)
2025-04-10 23:11:18,930 [INFO] MicroXplorer:468 - Change Database Path : 
2025-04-10 23:11:18,930 [INFO] MicroXplorer:498 - Change Database Version : DB.6.0.140
2025-04-10 23:11:18,930 [INFO] OpenFileManager:354 - Change cursor
2025-04-10 23:11:19,198 [INFO] Mcu:2011 - Initializing MCU STM32L496ZGTx STM32L496ZGTx STM32L496ZGT6
2025-04-10 23:11:22,167 [INFO] Context:756 - Trying to add GPIOservice into a context  which must be forbidden
2025-04-10 23:11:22,772 [INFO] ImportTextPane:218 - (OptionalMessage_ERROR) Unable to find key (Mcu.ThirdPartyNb) in loaded IOC file
2025-04-10 23:11:22,772 [INFO] ImportTextPane:218 - (OptionalMessage_ERROR) Unable to find key (Mcu.PinsNb) in loaded IOC file
2025-04-10 23:11:22,774 [INFO] ImportTextPane:218 - (OptionalMessage_ERROR) Pin0 (VP_RIF_VS_RIF1) cannot be retrieved for this MCU
2025-04-10 23:11:22,774 [INFO] ImportTextPane:218 - (OptionalMessage_ERROR) Unable to find key (Mcu.IPNb) in loaded IOC file
2025-04-10 23:11:22,881 [INFO] RtosManager:558 - Registered RTOS mode: class=CMSIS, group=RTOS, mode=CMSIS_V1, owner=FREERTOS
2025-04-10 23:11:22,882 [INFO] RtosManager:558 - Registered RTOS mode: class=CMSIS, group=RTOS2, mode=CMSIS_V2, owner=FREERTOS
2025-04-10 23:11:22,882 [INFO] RtosManager:558 - Registered RTOS mode: class=RTOS, group=Core, mode=CMSIS_V1, owner=FREERTOS
2025-04-10 23:11:22,882 [INFO] RtosManager:558 - Registered RTOS mode: class=RTOS, group=Core, mode=CMSIS_V2, owner=FREERTOS
2025-04-10 23:11:22,882 [WARN] ModelIntegratedComponent:184 - Missing modes for component STMicroelectronics:FreeRTOS:0.0.1:STMicroelectronics:RTOS:FreeRTOS:Core:::10.2.0:
2025-04-10 23:11:22,901 [WARN] ModelIntegratedComponent:63 - No mode defined for component null
2025-04-10 23:11:22,901 [WARN] ModelIntegratedComponent:63 - No mode defined for component null
2025-04-10 23:11:22,901 [WARN] ModelIntegratedComponent:63 - No mode defined for component null
2025-04-10 23:11:22,901 [WARN] ModelIntegratedComponent:63 - No mode defined for component null
2025-04-10 23:11:22,901 [WARN] ModelIntegratedComponent:63 - No mode defined for component null
2025-04-10 23:11:22,901 [WARN] ModelIntegratedComponent:63 - No mode defined for component null
2025-04-10 23:11:22,901 [WARN] ModelIntegratedComponent:63 - No mode defined for component null
2025-04-10 23:11:22,901 [WARN] ModelIntegratedComponent:63 - No mode defined for component null
2025-04-10 23:11:22,901 [WARN] ModelIntegratedComponent:63 - No mode defined for component null
2025-04-10 23:11:22,901 [WARN] ModelIntegratedComponent:63 - No mode defined for component null
2025-04-10 23:11:22,901 [WARN] ModelIntegratedComponent:63 - No mode defined for component null
2025-04-10 23:11:22,901 [WARN] ModelIntegratedComponent:63 - No mode defined for component null
2025-04-10 23:11:22,901 [WARN] ModelIntegratedComponent:63 - No mode defined for component null
2025-04-10 23:11:22,902 [WARN] ModelIntegratedComponent:63 - No mode defined for component null
2025-04-10 23:11:22,902 [WARN] ModelIntegratedComponent:63 - No mode defined for component null
2025-04-10 23:11:22,902 [WARN] ModelIntegratedComponent:63 - No mode defined for component null
2025-04-10 23:11:22,902 [WARN] ModelIntegratedComponent:63 - No mode defined for component null
2025-04-10 23:11:22,902 [WARN] ModelIntegratedComponent:63 - No mode defined for component null
2025-04-10 23:11:22,902 [WARN] ModelIntegratedComponent:63 - No mode defined for component null
2025-04-10 23:11:22,902 [WARN] ModelIntegratedComponent:63 - No mode defined for component null
2025-04-10 23:11:22,902 [WARN] ModelIntegratedComponent:63 - No mode defined for component null
2025-04-10 23:11:22,902 [WARN] ModelIntegratedComponent:63 - No mode defined for component null
2025-04-10 23:11:22,902 [WARN] ModelIntegratedComponent:63 - No mode defined for component null
2025-04-10 23:11:22,902 [WARN] ModelIntegratedComponent:63 - No mode defined for component null
2025-04-10 23:11:22,902 [WARN] ModelIntegratedComponent:63 - No mode defined for component null
2025-04-10 23:11:22,902 [WARN] ModelIntegratedComponent:63 - No mode defined for component null
2025-04-10 23:11:22,902 [WARN] ModelIntegratedComponent:63 - No mode defined for component null
2025-04-10 23:11:22,902 [WARN] ModelIntegratedComponent:63 - No mode defined for component null
2025-04-10 23:11:22,902 [WARN] ModelIntegratedComponent:63 - No mode defined for component null
2025-04-10 23:11:22,903 [WARN] ModelIntegratedComponent:63 - No mode defined for component null
2025-04-10 23:11:22,903 [WARN] ModelIntegratedComponent:63 - No mode defined for component null
2025-04-10 23:11:22,903 [WARN] ModelIntegratedComponent:63 - No mode defined for component null
2025-04-10 23:11:22,903 [WARN] ModelIntegratedComponent:63 - No mode defined for component null
2025-04-10 23:11:22,903 [WARN] ModelIntegratedComponent:63 - No mode defined for component null
2025-04-10 23:11:22,903 [WARN] ModelIntegratedComponent:63 - No mode defined for component null
2025-04-10 23:11:22,903 [WARN] ModelPack:524 - Component already loaded: STMicroelectronics:HAL Drivers:0.0.0:STMicroelectronics:Device:STMicro_Driver:XSPI:HAL::0.0.1:HAL_XSPI
2025-04-10 23:11:23,038 [INFO] ThirdPartyModel:298 - Start build external matchings
2025-04-10 23:11:23,690 [INFO] ThirdPartyModel:316 - End build external matchings
2025-04-10 23:11:24,294 [INFO] UtilMem:75 - End LoadConfig() Used Memory: 745016328 Bytes (890241024)
2025-04-10 23:11:24,425 [WARN] ThirdParty:833 - waiting for thirdparty lock release [change project]
2025-04-10 23:11:24,425 [INFO] ThirdParty:835 - entering critical section [change project]
2025-04-10 23:11:24,425 [INFO] ThirdParty:1030 - CMSIS Pack Vendor :STMicroelectronics USBPD 4.1
2025-04-10 23:11:24,425 [INFO] ThirdParty:1030 - CMSIS Pack Vendor :STMicroelectronics X-CUBE-AZRTOS-H7 3.3.0
2025-04-10 23:11:24,426 [INFO] ThirdParty:1030 - CMSIS Pack Vendor :STMicroelectronics X-CUBE-NFC9 1.0.0
2025-04-10 23:11:24,426 [INFO] ThirdParty:1030 - CMSIS Pack Vendor :STMicroelectronics USB_HOST 2.0.0
2025-04-10 23:11:24,426 [INFO] ThirdParty:1030 - CMSIS Pack Vendor :STMicroelectronics FP-SNS-MOTENVWB1 1.4.0
2025-04-10 23:11:24,426 [INFO] ThirdParty:1030 - CMSIS Pack Vendor :STMicroelectronics X-CUBE-AZRTOS-F4 1.1.0
2025-04-10 23:11:24,426 [INFO] ThirdParty:1030 - CMSIS Pack Vendor :STMicroelectronics LIBJPEG 8.0.0
2025-04-10 23:11:24,426 [INFO] ThirdParty:1030 - CMSIS Pack Vendor :STMicroelectronics FP-ATR-ASTRA1 2.0.2
2025-04-10 23:11:24,426 [INFO] ThirdParty:1030 - CMSIS Pack Vendor :STMicroelectronics X-CUBE-BLE1 7.1.0
2025-04-10 23:11:24,426 [INFO] ThirdParty:1030 - CMSIS Pack Vendor :Avnet-IotConnect X-CUBE-IoTC-DA16k-PMOD 1.0.0
2025-04-10 23:11:24,426 [INFO] ThirdParty:1030 - CMSIS Pack Vendor :STMicroelectronics X-CUBE-SMBUS 2.1.0
2025-04-10 23:11:24,426 [INFO] ThirdParty:1030 - CMSIS Pack Vendor :STMicroelectronics X-CUBE-WB05N 1.1.0
2025-04-10 23:11:24,426 [INFO] ThirdParty:1030 - CMSIS Pack Vendor :wolfSSL I-CUBE-wolfMQTT 1.19.2
2025-04-10 23:11:24,426 [INFO] ThirdParty:1030 - CMSIS Pack Vendor :STMicroelectronics USB_DEVICE 3.0.0
2025-04-10 23:11:24,426 [INFO] ThirdParty:1030 - CMSIS Pack Vendor :STMicroelectronics X-CUBE-ISPU 2.1.0
2025-04-10 23:11:24,426 [INFO] ThirdParty:1030 - CMSIS Pack Vendor :STMicroelectronics X-CUBE-AZRTOS-WB 2.0.0
2025-04-10 23:11:24,426 [INFO] ThirdParty:1030 - CMSIS Pack Vendor :STMicroelectronics X-CUBE-GNSS1 7.0.1
2025-04-10 23:11:24,426 [INFO] ThirdParty:1030 - CMSIS Pack Vendor :STMicroelectronics X-CUBE-AZRTOS-F7 1.1.0
2025-04-10 23:11:24,426 [INFO] ThirdParty:1030 - CMSIS Pack Vendor :STMicroelectronics X-CUBE-AZRTOS-L5 2.0.0
2025-04-10 23:11:24,427 [INFO] ThirdParty:1030 - CMSIS Pack Vendor :STMicroelectronics X-CUBE-TOUCHGFX 4.25.0
2025-04-10 23:11:24,427 [INFO] ThirdParty:1030 - CMSIS Pack Vendor :STMicroelectronics USB_DEVICE 2.0.0
2025-04-10 23:11:24,427 [INFO] ThirdParty:1030 - CMSIS Pack Vendor :STMicroelectronics X-CUBE-NFC6 3.1.0
2025-04-10 23:11:24,427 [INFO] ThirdParty:1030 - CMSIS Pack Vendor :STMicroelectronics FP-SNS-STBOX1 2.0.0
2025-04-10 23:11:24,427 [INFO] ThirdParty:1030 - CMSIS Pack Vendor :STMicroelectronics FreeRTOS 0.0.1
2025-04-10 23:11:24,427 [INFO] ThirdParty:1030 - CMSIS Pack Vendor :STMicroelectronics X-CUBE-AZRTOS-G0 1.1.0
2025-04-10 23:11:24,427 [INFO] ThirdParty:1030 - CMSIS Pack Vendor :STMicroelectronics X-CUBE-SAFEA1 1.2.2
2025-04-10 23:11:24,427 [INFO] ThirdParty:1030 - CMSIS Pack Vendor :STMicroelectronics X-CUBE-NFC4 3.0.0
2025-04-10 23:11:24,427 [INFO] ThirdParty:1030 - CMSIS Pack Vendor :STMicroelectronics X-CUBE-DPower 1.2.0
2025-04-10 23:11:24,427 [INFO] ThirdParty:1030 - CMSIS Pack Vendor :STMicroelectronics X-CUBE-SUBG2 5.0.0
2025-04-10 23:11:24,427 [INFO] ThirdParty:1030 - CMSIS Pack Vendor :STMicroelectronics X-CUBE-AZRTOS-H7RS 1.1.0
2025-04-10 23:11:24,427 [INFO] ThirdParty:1030 - CMSIS Pack Vendor :STMicroelectronics STM32_WPAN 1.0.0
2025-04-10 23:11:24,427 [INFO] ThirdParty:1030 - CMSIS Pack Vendor :EmbeddedOffice I-CUBE-FS-RTOS 1.0.1
2025-04-10 23:11:24,427 [INFO] ThirdParty:1030 - CMSIS Pack Vendor :STMicroelectronics lwIP 2.0.3
2025-04-10 23:11:24,427 [INFO] ThirdParty:1030 - CMSIS Pack Vendor :Cesanta I-CUBE-Mongoose 7.13.0
2025-04-10 23:11:24,427 [INFO] ThirdParty:1030 - CMSIS Pack Vendor :STMicroelectronics USB_HOST 1.0.0
2025-04-10 23:11:24,427 [INFO] ThirdParty:1030 - CMSIS Pack Vendor :Infineon AIROC-Wi-Fi-Bluetooth-STM32 1.7.0
2025-04-10 23:11:24,427 [INFO] ThirdParty:1030 - CMSIS Pack Vendor :STMicroelectronics X-CUBE-AZRTOS-G4 2.0.0
2025-04-10 23:11:24,427 [INFO] ThirdParty:1030 - CMSIS Pack Vendor :STMicroelectronics PDM2PCM 3.1.0
2025-04-10 23:11:24,427 [INFO] ThirdParty:1030 - CMSIS Pack Vendor :STMicroelectronics PDM2PCM 3.3.0
2025-04-10 23:11:24,428 [INFO] ThirdParty:1030 - CMSIS Pack Vendor :wolfSSL I-CUBE-wolfTPM 3.8.0
2025-04-10 23:11:24,428 [INFO] ThirdParty:1030 - CMSIS Pack Vendor :STMicroelectronics X-CUBE-DISPLAY 3.0.0
2025-04-10 23:11:24,428 [INFO] ThirdParty:1030 - CMSIS Pack Vendor :wolfSSL I-CUBE-wolfSSH 1.4.20
2025-04-10 23:11:24,428 [INFO] ThirdParty:1030 - CMSIS Pack Vendor :STMicroelectronics X-CUBE-TCPP 4.2.0
2025-04-10 23:11:24,428 [INFO] ThirdParty:1030 - CMSIS Pack Vendor :RealThread X-CUBE-RT-Thread_Nano 4.1.1
2025-04-10 23:11:24,428 [INFO] ThirdParty:1030 - CMSIS Pack Vendor :STMicroelectronics FP-ATR-SIGFOX1 3.2.0
2025-04-10 23:11:24,428 [INFO] ThirdParty:1030 - CMSIS Pack Vendor :STMicroelectronics X-CUBE-NFC10 1.0.0
2025-04-10 23:11:24,428 [INFO] ThirdParty:1030 - CMSIS Pack Vendor :STMicroelectronics X-CUBE-BLEMGR 4.0.0
2025-04-10 23:11:24,428 [INFO] ThirdParty:1030 - CMSIS Pack Vendor :STMicroelectronics X-CUBE-EEPRMA1 5.1.0
2025-04-10 23:11:24,429 [INFO] ThirdParty:1030 - CMSIS Pack Vendor :STMicroelectronics HAL Drivers 0.0.0
2025-04-10 23:11:24,429 [INFO] ThirdParty:1030 - CMSIS Pack Vendor :STMicroelectronics MBEDTLS 2.16.2
2025-04-10 23:11:24,429 [INFO] ThirdParty:1030 - CMSIS Pack Vendor :STMicroelectronics X-CUBE-IPS 3.1.0
2025-04-10 23:11:24,429 [INFO] ThirdParty:1030 - CMSIS Pack Vendor :STMicroelectronics X-CUBE-ALS 1.0.2
2025-04-10 23:11:24,429 [INFO] ThirdParty:1030 - CMSIS Pack Vendor :emotas I-CUBE-CANOPEN 1.3.0
2025-04-10 23:11:24,429 [INFO] ThirdParty:1030 - CMSIS Pack Vendor :STMicroelectronics X-CUBE-FREERTOS 1.3.0
2025-04-10 23:11:24,429 [INFO] ThirdParty:1030 - CMSIS Pack Vendor :STMicroelectronics X-CUBE-NFC7 1.0.1
2025-04-10 23:11:24,429 [INFO] ThirdParty:1030 - CMSIS Pack Vendor :STMicroelectronics MBEDTLS 2.14.1
2025-04-10 23:11:24,429 [INFO] ThirdParty:1030 - CMSIS Pack Vendor :wolfSSL I-CUBE-wolfSSL 5.7.6
2025-04-10 23:11:24,429 [INFO] ThirdParty:1030 - CMSIS Pack Vendor :ITTIA_DB I-CUBE-ITTIADB 8.9.0
2025-04-10 23:11:24,429 [INFO] ThirdParty:1030 - CMSIS Pack Vendor :portGmbH I-Cube-SoM-uGOAL 1.1.0
2025-04-10 23:11:24,429 [INFO] ThirdParty:1030 - CMSIS Pack Vendor :quantropi X-CUBE-qispace-sdk-base 2.0.0
2025-04-10 23:11:24,429 [INFO] ThirdParty:1030 - CMSIS Pack Vendor :STMicroelectronics X-CUBE-AI 10.0.0
2025-04-10 23:11:24,429 [INFO] ThirdParty:1030 - CMSIS Pack Vendor :STMicroelectronics ThreadX 1.0.0
2025-04-10 23:11:24,429 [INFO] ThirdParty:1030 - CMSIS Pack Vendor :STMicroelectronics FP-SNS-SMARTAG2 1.2.0
2025-04-10 23:11:24,429 [INFO] ThirdParty:1030 - CMSIS Pack Vendor :STMicroelectronics FP-SNS-FLIGHT1 5.1.0
2025-04-10 23:11:24,429 [INFO] ThirdParty:1030 - CMSIS Pack Vendor :STMicroelectronics X-CUBE-MEMS1 11.1.0
2025-04-10 23:11:24,429 [INFO] ThirdParty:1030 - CMSIS Pack Vendor :STMicroelectronics X-CUBE-AZRTOS-WL 2.0.0
2025-04-10 23:11:24,429 [INFO] ThirdParty:1030 - CMSIS Pack Vendor :SEGGER I-CUBE-embOS 1.3.1
2025-04-10 23:11:24,429 [INFO] ThirdParty:1030 - CMSIS Pack Vendor :STMicroelectronics X-CUBE-ALGOBUILD 1.4.0
2025-04-10 23:11:24,429 [INFO] ThirdParty:1030 - CMSIS Pack Vendor :STMicroelectronics X-CUBE-DPower 1.3.0
2025-04-10 23:11:24,430 [INFO] ThirdParty:1030 - CMSIS Pack Vendor :STMicroelectronics FP-SNS-MOTENV1 5.0.0
2025-04-10 23:11:24,430 [INFO] ThirdParty:1030 - CMSIS Pack Vendor :STMicroelectronics USB_DEVICE 1.0.0
2025-04-10 23:11:24,430 [INFO] ThirdParty:1030 - CMSIS Pack Vendor :STMicroelectronics X-CUBE-AZRTOS-H7RS 1.0.0
2025-04-10 23:11:24,430 [INFO] ThirdParty:1030 - CMSIS Pack Vendor :STMicroelectronics X-CUBE-AZRTOS-L4 2.0.0
2025-04-10 23:11:24,430 [INFO] ThirdParty:1030 - CMSIS Pack Vendor :STMicroelectronics ThreadX 0.0.2
2025-04-10 23:11:24,430 [INFO] ThirdParty:1030 - CMSIS Pack Vendor :WES I-CUBE-Cesium 1.3.0
2025-04-10 23:11:24,430 [INFO] ThirdParty:1030 - CMSIS Pack Vendor :STMicroelectronics lwIP 2.1.2
2025-04-10 23:11:24,430 [INFO] ThirdParty:1030 - CMSIS Pack Vendor :STMicroelectronics X-CUBE-SFXS2LP1 4.0.0
2025-04-10 23:11:24,430 [INFO] ThirdParty:1030 - CMSIS Pack Vendor :STMicroelectronics X-CUBE-BLE2 3.3.0
2025-04-10 23:11:24,430 [INFO] ThirdParty:1030 - CMSIS Pack Vendor :STMicroelectronics X-CUBE-TOF1 3.4.2
2025-04-10 23:11:24,430 [INFO] ThirdParty:1030 - CMSIS Pack Vendor :STMicroelectronics PDM2PCM 3.2.0
2025-04-10 23:11:24,430 [INFO] ThirdParty:841 - exiting critical section [change project]
2025-04-10 23:11:24,989 [INFO] PinOutPanel:1589 - setPackage(No Configuration,No Configuration)
2025-04-10 23:11:24,991 [INFO] PinOutPanel:1589 - setPackage(STM32L496ZGTx,LQFP144)
2025-04-10 23:11:25,726 [INFO] UtilMem:75 - Before build in PCC Used Memory: 403677048 Bytes (890241024)
2025-04-10 23:11:26,855 [INFO] UtilMem:75 - After build in PCC Used Memory: 524785528 Bytes (890241024)
2025-04-10 23:11:26,896 [INFO] IPUIPlugin:80 - create IPUIPlugin
2025-04-10 23:11:26,896 [INFO] IPUIPlugin:80 - create IPUIPlugin
2025-04-10 23:11:26,897 [INFO] IPUIPlugin:80 - create IPUIPlugin
2025-04-10 23:11:26,897 [INFO] IPUIPlugin:80 - create IPUIPlugin
2025-04-10 23:11:26,897 [INFO] IPUIPlugin:80 - create IPUIPlugin
2025-04-10 23:11:26,897 [INFO] IPUIPlugin:80 - create IPUIPlugin
2025-04-10 23:11:26,897 [INFO] IPUIPlugin:80 - create IPUIPlugin
2025-04-10 23:11:26,897 [INFO] IPUIPlugin:80 - create IPUIPlugin
2025-04-10 23:11:26,897 [INFO] IPUIPlugin:80 - create IPUIPlugin
2025-04-10 23:11:26,897 [INFO] IPUIPlugin:80 - create IPUIPlugin
2025-04-10 23:11:26,897 [INFO] IPUIPlugin:80 - create IPUIPlugin
2025-04-10 23:11:26,897 [INFO] IPUIPlugin:80 - create IPUIPlugin
2025-04-10 23:11:26,897 [INFO] IPUIPlugin:80 - create IPUIPlugin
2025-04-10 23:11:26,897 [INFO] IPUIPlugin:80 - create IPUIPlugin
2025-04-10 23:11:26,897 [INFO] IPUIPlugin:80 - create IPUIPlugin
2025-04-10 23:11:26,897 [INFO] IPUIPlugin:80 - create IPUIPlugin
2025-04-10 23:11:26,898 [INFO] IPUIPlugin:80 - create IPUIPlugin
2025-04-10 23:11:26,898 [INFO] IPUIPlugin:80 - create IPUIPlugin
2025-04-10 23:11:26,899 [INFO] IPUIPlugin:80 - create IPUIPlugin
2025-04-10 23:11:26,899 [INFO] IPUIPlugin:80 - create IPUIPlugin
2025-04-10 23:11:26,899 [INFO] IPUIPlugin:80 - create IPUIPlugin
2025-04-10 23:11:26,899 [INFO] IPUIPlugin:80 - create IPUIPlugin
2025-04-10 23:11:26,899 [INFO] IPUIPlugin:80 - create IPUIPlugin
2025-04-10 23:11:26,900 [INFO] IPUIPlugin:80 - create IPUIPlugin
2025-04-10 23:11:26,900 [INFO] IPUIPlugin:80 - create IPUIPlugin
2025-04-10 23:11:26,900 [INFO] IPUIPlugin:80 - create IPUIPlugin
2025-04-10 23:11:26,901 [INFO] IPUIPlugin:80 - create IPUIPlugin
2025-04-10 23:11:26,901 [INFO] IPUIPlugin:80 - create IPUIPlugin
2025-04-10 23:11:26,901 [INFO] IPUIPlugin:80 - create IPUIPlugin
2025-04-10 23:11:26,901 [INFO] IPUIPlugin:80 - create IPUIPlugin
2025-04-10 23:11:26,901 [INFO] IPUIPlugin:80 - create IPUIPlugin
2025-04-10 23:11:26,901 [INFO] IPUIPlugin:80 - create IPUIPlugin
2025-04-10 23:11:26,902 [INFO] IPUIPlugin:80 - create IPUIPlugin
2025-04-10 23:11:26,902 [INFO] IPUIPlugin:80 - create IPUIPlugin
2025-04-10 23:11:26,902 [INFO] IPUIPlugin:80 - create IPUIPlugin
2025-04-10 23:11:26,903 [INFO] IPUIPlugin:80 - create IPUIPlugin
2025-04-10 23:11:26,903 [INFO] IPUIPlugin:80 - create IPUIPlugin
2025-04-10 23:11:26,903 [INFO] IPUIPlugin:80 - create IPUIPlugin
2025-04-10 23:11:26,904 [INFO] IPUIPlugin:80 - create IPUIPlugin
2025-04-10 23:11:26,904 [INFO] IPUIPlugin:80 - create IPUIPlugin
2025-04-10 23:11:26,904 [INFO] IPUIPlugin:80 - create IPUIPlugin
2025-04-10 23:11:26,905 [INFO] IPUIPlugin:80 - create IPUIPlugin
2025-04-10 23:11:26,905 [INFO] IPUIPlugin:80 - create IPUIPlugin
2025-04-10 23:11:26,905 [INFO] IPUIPlugin:80 - create IPUIPlugin
2025-04-10 23:11:26,906 [INFO] IPUIPlugin:80 - create IPUIPlugin
2025-04-10 23:11:26,906 [INFO] IPUIPlugin:80 - create IPUIPlugin
2025-04-10 23:11:26,906 [INFO] IPUIPlugin:80 - create IPUIPlugin
2025-04-10 23:11:26,906 [INFO] IPUIPlugin:80 - create IPUIPlugin
2025-04-10 23:11:26,907 [INFO] IPUIPlugin:80 - create IPUIPlugin
2025-04-10 23:11:26,907 [INFO] IPUIPlugin:80 - create IPUIPlugin
2025-04-10 23:11:26,907 [INFO] IPUIPlugin:80 - create IPUIPlugin
2025-04-10 23:11:26,907 [INFO] IPUIPlugin:80 - create IPUIPlugin
2025-04-10 23:11:26,907 [INFO] IPUIPlugin:80 - create IPUIPlugin
2025-04-10 23:11:26,907 [INFO] IPUIPlugin:80 - create IPUIPlugin
2025-04-10 23:11:26,908 [INFO] IPUIPlugin:80 - create IPUIPlugin
2025-04-10 23:11:26,909 [INFO] IPUIPlugin:80 - create IPUIPlugin
2025-04-10 23:11:26,909 [INFO] IPUIPlugin:80 - create IPUIPlugin
2025-04-10 23:11:26,909 [INFO] IPUIPlugin:80 - create IPUIPlugin
2025-04-10 23:11:26,909 [INFO] IPUIPlugin:80 - create IPUIPlugin
2025-04-10 23:11:26,910 [INFO] IPUIPlugin:80 - create IPUIPlugin
2025-04-10 23:11:26,910 [INFO] IPUIPlugin:80 - create IPUIPlugin
2025-04-10 23:11:26,910 [INFO] IPUIPlugin:80 - create IPUIPlugin
2025-04-10 23:11:26,911 [INFO] IPUIPlugin:80 - create IPUIPlugin
2025-04-10 23:11:26,911 [INFO] IPUIPlugin:80 - create IPUIPlugin
2025-04-10 23:11:26,911 [INFO] IPUIPlugin:80 - create IPUIPlugin
2025-04-10 23:11:27,177 [INFO] CADModel:165 - CPN selected for project levelSTM32L496ZGT6
2025-04-10 23:11:27,177 [INFO] CADModel:114 - Register for checkConnection events
2025-04-10 23:11:27,218 [INFO] OpenFileManager:385 - Restore cursor
2025-04-10 23:11:28,533 [INFO] UtilMem:75 - End SaveConfig() Used Memory: 689957576 Bytes (890241024)
2025-04-10 23:11:28,613 [INFO] UtilMem:75 - End SaveConfig() Used Memory: 723669320 Bytes (890241024)
2025-04-10 23:11:29,068 [INFO] BlockDiagram:2775 - set Specific Code input for plugin: RCC
2025-04-10 23:11:29,068 [INFO] BlockDiagram:2775 - set Specific Code input for plugin: NVIC
2025-04-10 23:11:29,070 [INFO] CodeGenerator:882 - code generatio: config db path: C:\ST\STM32CubeIDE_1.18.0\STM32CubeIDE\plugins\com.st.stm32cube.common.mx_6.14.0.202502271554\\db\
2025-04-10 23:11:29,257 [INFO] CodeEngine:263 - oldGeneratedFile, C:\Users\Damian\STM32CubeIDE\workspace_1.18.0\fullCounter\MXTmpFiles\license.tmp_save
2025-04-10 23:11:29,688 [INFO] CodeEngine:287 - Generated code: C:\Users\Damian\STM32CubeIDE\workspace_1.18.0\fullCounter\MXTmpFiles\license.tmp
2025-04-10 23:11:29,711 [INFO] CodeEngine:263 - oldGeneratedFile, C:\Users\Damian\STM32CubeIDE\workspace_1.18.0\fullCounter\Core\Src\stm32l4xx_it.c_save
2025-04-10 23:11:29,913 [INFO] CodeEngine:287 - Generated code: C:\Users\Damian\STM32CubeIDE\workspace_1.18.0\fullCounter\Core\Src\stm32l4xx_it.c
2025-04-10 23:11:29,919 [INFO] CodeEngine:263 - oldGeneratedFile, C:\Users\Damian\STM32CubeIDE\workspace_1.18.0\fullCounter\Core\Inc\stm32l4xx_it.h_save
2025-04-10 23:11:30,016 [INFO] CodeEngine:287 - Generated code: C:\Users\Damian\STM32CubeIDE\workspace_1.18.0\fullCounter\Core\Inc\stm32l4xx_it.h
2025-04-10 23:11:30,201 [INFO] CodeEngine:263 - oldGeneratedFile, C:\Users\Damian\STM32CubeIDE\workspace_1.18.0\fullCounter\Core\Src\stm32l4xx_hal_msp.c_save
2025-04-10 23:11:30,372 [INFO] CodeEngine:287 - Generated code: C:\Users\Damian\STM32CubeIDE\workspace_1.18.0\fullCounter\Core\Src\stm32l4xx_hal_msp.c
2025-04-10 23:11:30,378 [INFO] CodeEngine:263 - oldGeneratedFile, C:\Users\Damian\STM32CubeIDE\workspace_1.18.0\fullCounter\MXTmpFiles\system.tmp_save
2025-04-10 23:11:30,450 [INFO] CodeEngine:287 - Generated code: C:\Users\Damian\STM32CubeIDE\workspace_1.18.0\fullCounter\MXTmpFiles\system.tmp
2025-04-10 23:11:30,468 [INFO] CodeEngine:319 - oldGeneratedFile, C:\Users\Damian\STM32CubeIDE\workspace_1.18.0\fullCounter\Core\Inc\stm32l4xx_hal_conf.h_save
2025-04-10 23:11:30,615 [INFO] CodeEngine:343 - Generated code: C:\Users\Damian\STM32CubeIDE\workspace_1.18.0\fullCounter\Core\Inc\stm32l4xx_hal_conf.h
2025-04-10 23:11:30,691 [INFO] ApiDbMcu:508 - Load IP Config File for RCC
2025-04-10 23:11:30,710 [INFO] CodeEngine:263 - oldGeneratedFile, C:\Users\Damian\STM32CubeIDE\workspace_1.18.0\fullCounter\Core\Inc\main.h_save
2025-04-10 23:11:30,896 [INFO] CodeEngine:287 - Generated code: C:\Users\Damian\STM32CubeIDE\workspace_1.18.0\fullCounter\Core\Inc\main.h
2025-04-10 23:11:30,905 [INFO] CodeEngine:263 - oldGeneratedFile, C:\Users\Damian\STM32CubeIDE\workspace_1.18.0\fullCounter\Core\Src\main.c_save
2025-04-10 23:11:31,116 [INFO] CodeEngine:287 - Generated code: C:\Users\Damian\STM32CubeIDE\workspace_1.18.0\fullCounter\Core\Src\main.c
2025-04-10 23:11:31,700 [INFO] ProjectBuilder:3324 - Time for Copy HAL[1] : 291mS.
2025-04-10 23:11:31,710 [INFO] ProjectBuilder:4912 - Project Generator version: 4.6.0-B36
2025-04-10 23:11:31,793 [INFO] ConfigFileManager:1590 - The Die is : DIE461
2025-04-10 23:11:31,803 [INFO] ApiDbMcu:508 - Load IP Config File for FATFS
2025-04-10 23:11:31,809 [INFO] ApiDbMcu:508 - Load IP Config File for FREERTOS
2025-04-10 23:11:31,821 [INFO] ApiDbMcu:508 - Load IP Config File for TOUCHSENSING
2025-04-10 23:11:31,827 [INFO] ApiDbMcu:508 - Load IP Config File for USB_DEVICE
2025-04-10 23:11:31,833 [INFO] ApiDbMcu:508 - Load IP Config File for USB_HOST
2025-04-10 23:11:32,209 [INFO] LogOutputStream:77 - [STDOUT_REDIRECT] 
2025-04-10 23:11:35,706 [INFO] ProjectBuilder:5191 - Time for Generating toolchain IDE Files: 3996mS.
2025-04-10 23:11:35,708 [INFO] ProjectBuilder:3181 - Time for Copy CMSIS : 0mS.
2025-04-10 23:11:35,712 [INFO] ProjectBuilder:3181 - Time for Copy CMSIS : 1mS.
2025-04-10 23:11:37,199 [INFO] McuFinderGlobals:76 - Set McuFinderConnectedMode to true
2025-04-10 23:11:37,204 [INFO] ApiDb:448 - Save user favorites file C:\Users\Damian/.stm32cubeide/favorites.mcus.txt: 0 item(s)
2025-04-10 23:11:37,204 [INFO] ApiDb:452 - User favorites MCUs=[]
2025-04-10 23:15:47,243 [INFO] MainUpdater:2872 - connection check result : 10
2025-04-10 23:15:47,418 [INFO] McuFinderGlobals:76 - Set McuFinderConnectedMode to true
2025-04-10 23:15:47,418 [INFO] MultiScanPanel:200 - Auto-refresh data requested => check proxy status ongoing
2025-04-10 23:15:47,419 [INFO] FinderPluginLoader:95 - Searching for filters in installed packs
2025-04-10 23:15:48,168 [INFO] LoadUrlFilesThread:185 - End of LoadServerUrlFiles without Thread
2025-04-10 23:15:48,168 [INFO] DetailPanel:341 - Set advertising image to C:/Users/Damian/STM32Cube/Repository/\en.prom-stm32u3-mcu-finder.jpg
2025-04-10 23:15:53,423 [INFO] McuFinderGlobals:76 - Set McuFinderConnectedMode to true
2025-04-10 23:15:53,669 [INFO] ApiDb:448 - Save user favorites file C:\Users\Damian/.stm32cubeide/favorites.mcus.txt: 0 item(s)
2025-04-10 23:15:53,669 [INFO] ApiDb:452 - User favorites MCUs=[]
