22:26:22 **** Build of configuration Debug for project jumpingLight ****
make -j12 all 
arm-none-eabi-gcc "../Drivers/STM32L4xx_HAL_Driver/Src/stm32l4xx_hal.c" -mcpu=cortex-m4 -std=gnu11 -g3 -DDEBUG -DUSE_HAL_DRIVER -DSTM32L496xx -c -I../Core/Inc -I../Drivers/STM32L4xx_HAL_Driver/Inc -I../Drivers/STM32L4xx_HAL_Driver/Inc/Legacy -I../Drivers/CMSIS/Device/ST/STM32L4xx/Include -I../Drivers/CMSIS/Include -O0 -ffunction-sections -fdata-sections -Wall -fstack-usage -fcyclomatic-complexity -MMD -MP -MF"Drivers/STM32L4xx_HAL_Driver/Src/stm32l4xx_hal.d" -MT"Drivers/STM32L4xx_HAL_Driver/Src/stm32l4xx_hal.o" --specs=nano.specs -mfpu=fpv4-sp-d16 -mfloat-abi=hard -mthumb -o "Drivers/STM32L4xx_HAL_Driver/Src/stm32l4xx_hal.o"
arm-none-eabi-gcc "../Drivers/STM32L4xx_HAL_Driver/Src/stm32l4xx_hal_cortex.c" -mcpu=cortex-m4 -std=gnu11 -g3 -DDEBUG -DUSE_HAL_DRIVER -DSTM32L496xx -c -I../Core/Inc -I../Drivers/STM32L4xx_HAL_Driver/Inc -I../Drivers/STM32L4xx_HAL_Driver/Inc/Legacy -I../Drivers/CMSIS/Device/ST/STM32L4xx/Include -I../Drivers/CMSIS/Include -O0 -ffunction-sections -fdata-sections -Wall -fstack-usage -fcyclomatic-complexity -MMD -MP -MF"Drivers/STM32L4xx_HAL_Driver/Src/stm32l4xx_hal_cortex.d" -MT"Drivers/STM32L4xx_HAL_Driver/Src/stm32l4xx_hal_cortex.o" --specs=nano.specs -mfpu=fpv4-sp-d16 -mfloat-abi=hard -mthumb -o "Drivers/STM32L4xx_HAL_Driver/Src/stm32l4xx_hal_cortex.o"
arm-none-eabi-gcc "../Drivers/STM32L4xx_HAL_Driver/Src/stm32l4xx_hal_dma.c" -mcpu=cortex-m4 -std=gnu11 -g3 -DDEBUG -DUSE_HAL_DRIVER -DSTM32L496xx -c -I../Core/Inc -I../Drivers/STM32L4xx_HAL_Driver/Inc -I../Drivers/STM32L4xx_HAL_Driver/Inc/Legacy -I../Drivers/CMSIS/Device/ST/STM32L4xx/Include -I../Drivers/CMSIS/Include -O0 -ffunction-sections -fdata-sections -Wall -fstack-usage -fcyclomatic-complexity -MMD -MP -MF"Drivers/STM32L4xx_HAL_Driver/Src/stm32l4xx_hal_dma.d" -MT"Drivers/STM32L4xx_HAL_Driver/Src/stm32l4xx_hal_dma.o" --specs=nano.specs -mfpu=fpv4-sp-d16 -mfloat-abi=hard -mthumb -o "Drivers/STM32L4xx_HAL_Driver/Src/stm32l4xx_hal_dma.o"
arm-none-eabi-gcc "../Drivers/STM32L4xx_HAL_Driver/Src/stm32l4xx_hal_dma_ex.c" -mcpu=cortex-m4 -std=gnu11 -g3 -DDEBUG -DUSE_HAL_DRIVER -DSTM32L496xx -c -I../Core/Inc -I../Drivers/STM32L4xx_HAL_Driver/Inc -I../Drivers/STM32L4xx_HAL_Driver/Inc/Legacy -I../Drivers/CMSIS/Device/ST/STM32L4xx/Include -I../Drivers/CMSIS/Include -O0 -ffunction-sections -fdata-sections -Wall -fstack-usage -fcyclomatic-complexity -MMD -MP -MF"Drivers/STM32L4xx_HAL_Driver/Src/stm32l4xx_hal_dma_ex.d" -MT"Drivers/STM32L4xx_HAL_Driver/Src/stm32l4xx_hal_dma_ex.o" --specs=nano.specs -mfpu=fpv4-sp-d16 -mfloat-abi=hard -mthumb -o "Drivers/STM32L4xx_HAL_Driver/Src/stm32l4xx_hal_dma_ex.o"
arm-none-eabi-gcc "../Drivers/STM32L4xx_HAL_Driver/Src/stm32l4xx_hal_exti.c" -mcpu=cortex-m4 -std=gnu11 -g3 -DDEBUG -DUSE_HAL_DRIVER -DSTM32L496xx -c -I../Core/Inc -I../Drivers/STM32L4xx_HAL_Driver/Inc -I../Drivers/STM32L4xx_HAL_Driver/Inc/Legacy -I../Drivers/CMSIS/Device/ST/STM32L4xx/Include -I../Drivers/CMSIS/Include -O0 -ffunction-sections -fdata-sections -Wall -fstack-usage -fcyclomatic-complexity -MMD -MP -MF"Drivers/STM32L4xx_HAL_Driver/Src/stm32l4xx_hal_exti.d" -MT"Drivers/STM32L4xx_HAL_Driver/Src/stm32l4xx_hal_exti.o" --specs=nano.specs -mfpu=fpv4-sp-d16 -mfloat-abi=hard -mthumb -o "Drivers/STM32L4xx_HAL_Driver/Src/stm32l4xx_hal_exti.o"
arm-none-eabi-gcc "../Drivers/STM32L4xx_HAL_Driver/Src/stm32l4xx_hal_flash.c" -mcpu=cortex-m4 -std=gnu11 -g3 -DDEBUG -DUSE_HAL_DRIVER -DSTM32L496xx -c -I../Core/Inc -I../Drivers/STM32L4xx_HAL_Driver/Inc -I../Drivers/STM32L4xx_HAL_Driver/Inc/Legacy -I../Drivers/CMSIS/Device/ST/STM32L4xx/Include -I../Drivers/CMSIS/Include -O0 -ffunction-sections -fdata-sections -Wall -fstack-usage -fcyclomatic-complexity -MMD -MP -MF"Drivers/STM32L4xx_HAL_Driver/Src/stm32l4xx_hal_flash.d" -MT"Drivers/STM32L4xx_HAL_Driver/Src/stm32l4xx_hal_flash.o" --specs=nano.specs -mfpu=fpv4-sp-d16 -mfloat-abi=hard -mthumb -o "Drivers/STM32L4xx_HAL_Driver/Src/stm32l4xx_hal_flash.o"
arm-none-eabi-gcc "../Drivers/STM32L4xx_HAL_Driver/Src/stm32l4xx_hal_flash_ex.c" -mcpu=cortex-m4 -std=gnu11 -g3 -DDEBUG -DUSE_HAL_DRIVER -DSTM32L496xx -c -I../Core/Inc -I../Drivers/STM32L4xx_HAL_Driver/Inc -I../Drivers/STM32L4xx_HAL_Driver/Inc/Legacy -I../Drivers/CMSIS/Device/ST/STM32L4xx/Include -I../Drivers/CMSIS/Include -O0 -ffunction-sections -fdata-sections -Wall -fstack-usage -fcyclomatic-complexity -MMD -MP -MF"Drivers/STM32L4xx_HAL_Driver/Src/stm32l4xx_hal_flash_ex.d" -MT"Drivers/STM32L4xx_HAL_Driver/Src/stm32l4xx_hal_flash_ex.o" --specs=nano.specs -mfpu=fpv4-sp-d16 -mfloat-abi=hard -mthumb -o "Drivers/STM32L4xx_HAL_Driver/Src/stm32l4xx_hal_flash_ex.o"
arm-none-eabi-gcc "../Drivers/STM32L4xx_HAL_Driver/Src/stm32l4xx_hal_flash_ramfunc.c" -mcpu=cortex-m4 -std=gnu11 -g3 -DDEBUG -DUSE_HAL_DRIVER -DSTM32L496xx -c -I../Core/Inc -I../Drivers/STM32L4xx_HAL_Driver/Inc -I../Drivers/STM32L4xx_HAL_Driver/Inc/Legacy -I../Drivers/CMSIS/Device/ST/STM32L4xx/Include -I../Drivers/CMSIS/Include -O0 -ffunction-sections -fdata-sections -Wall -fstack-usage -fcyclomatic-complexity -MMD -MP -MF"Drivers/STM32L4xx_HAL_Driver/Src/stm32l4xx_hal_flash_ramfunc.d" -MT"Drivers/STM32L4xx_HAL_Driver/Src/stm32l4xx_hal_flash_ramfunc.o" --specs=nano.specs -mfpu=fpv4-sp-d16 -mfloat-abi=hard -mthumb -o "Drivers/STM32L4xx_HAL_Driver/Src/stm32l4xx_hal_flash_ramfunc.o"
arm-none-eabi-gcc "../Drivers/STM32L4xx_HAL_Driver/Src/stm32l4xx_hal_gpio.c" -mcpu=cortex-m4 -std=gnu11 -g3 -DDEBUG -DUSE_HAL_DRIVER -DSTM32L496xx -c -I../Core/Inc -I../Drivers/STM32L4xx_HAL_Driver/Inc -I../Drivers/STM32L4xx_HAL_Driver/Inc/Legacy -I../Drivers/CMSIS/Device/ST/STM32L4xx/Include -I../Drivers/CMSIS/Include -O0 -ffunction-sections -fdata-sections -Wall -fstack-usage -fcyclomatic-complexity -MMD -MP -MF"Drivers/STM32L4xx_HAL_Driver/Src/stm32l4xx_hal_gpio.d" -MT"Drivers/STM32L4xx_HAL_Driver/Src/stm32l4xx_hal_gpio.o" --specs=nano.specs -mfpu=fpv4-sp-d16 -mfloat-abi=hard -mthumb -o "Drivers/STM32L4xx_HAL_Driver/Src/stm32l4xx_hal_gpio.o"
arm-none-eabi-gcc "../Drivers/STM32L4xx_HAL_Driver/Src/stm32l4xx_hal_i2c.c" -mcpu=cortex-m4 -std=gnu11 -g3 -DDEBUG -DUSE_HAL_DRIVER -DSTM32L496xx -c -I../Core/Inc -I../Drivers/STM32L4xx_HAL_Driver/Inc -I../Drivers/STM32L4xx_HAL_Driver/Inc/Legacy -I../Drivers/CMSIS/Device/ST/STM32L4xx/Include -I../Drivers/CMSIS/Include -O0 -ffunction-sections -fdata-sections -Wall -fstack-usage -fcyclomatic-complexity -MMD -MP -MF"Drivers/STM32L4xx_HAL_Driver/Src/stm32l4xx_hal_i2c.d" -MT"Drivers/STM32L4xx_HAL_Driver/Src/stm32l4xx_hal_i2c.o" --specs=nano.specs -mfpu=fpv4-sp-d16 -mfloat-abi=hard -mthumb -o "Drivers/STM32L4xx_HAL_Driver/Src/stm32l4xx_hal_i2c.o"
arm-none-eabi-gcc "../Drivers/STM32L4xx_HAL_Driver/Src/stm32l4xx_hal_i2c_ex.c" -mcpu=cortex-m4 -std=gnu11 -g3 -DDEBUG -DUSE_HAL_DRIVER -DSTM32L496xx -c -I../Core/Inc -I../Drivers/STM32L4xx_HAL_Driver/Inc -I../Drivers/STM32L4xx_HAL_Driver/Inc/Legacy -I../Drivers/CMSIS/Device/ST/STM32L4xx/Include -I../Drivers/CMSIS/Include -O0 -ffunction-sections -fdata-sections -Wall -fstack-usage -fcyclomatic-complexity -MMD -MP -MF"Drivers/STM32L4xx_HAL_Driver/Src/stm32l4xx_hal_i2c_ex.d" -MT"Drivers/STM32L4xx_HAL_Driver/Src/stm32l4xx_hal_i2c_ex.o" --specs=nano.specs -mfpu=fpv4-sp-d16 -mfloat-abi=hard -mthumb -o "Drivers/STM32L4xx_HAL_Driver/Src/stm32l4xx_hal_i2c_ex.o"
arm-none-eabi-gcc "../Drivers/STM32L4xx_HAL_Driver/Src/stm32l4xx_hal_pwr.c" -mcpu=cortex-m4 -std=gnu11 -g3 -DDEBUG -DUSE_HAL_DRIVER -DSTM32L496xx -c -I../Core/Inc -I../Drivers/STM32L4xx_HAL_Driver/Inc -I../Drivers/STM32L4xx_HAL_Driver/Inc/Legacy -I../Drivers/CMSIS/Device/ST/STM32L4xx/Include -I../Drivers/CMSIS/Include -O0 -ffunction-sections -fdata-sections -Wall -fstack-usage -fcyclomatic-complexity -MMD -MP -MF"Drivers/STM32L4xx_HAL_Driver/Src/stm32l4xx_hal_pwr.d" -MT"Drivers/STM32L4xx_HAL_Driver/Src/stm32l4xx_hal_pwr.o" --specs=nano.specs -mfpu=fpv4-sp-d16 -mfloat-abi=hard -mthumb -o "Drivers/STM32L4xx_HAL_Driver/Src/stm32l4xx_hal_pwr.o"
arm-none-eabi-gcc "../Drivers/STM32L4xx_HAL_Driver/Src/stm32l4xx_hal_pwr_ex.c" -mcpu=cortex-m4 -std=gnu11 -g3 -DDEBUG -DUSE_HAL_DRIVER -DSTM32L496xx -c -I../Core/Inc -I../Drivers/STM32L4xx_HAL_Driver/Inc -I../Drivers/STM32L4xx_HAL_Driver/Inc/Legacy -I../Drivers/CMSIS/Device/ST/STM32L4xx/Include -I../Drivers/CMSIS/Include -O0 -ffunction-sections -fdata-sections -Wall -fstack-usage -fcyclomatic-complexity -MMD -MP -MF"Drivers/STM32L4xx_HAL_Driver/Src/stm32l4xx_hal_pwr_ex.d" -MT"Drivers/STM32L4xx_HAL_Driver/Src/stm32l4xx_hal_pwr_ex.o" --specs=nano.specs -mfpu=fpv4-sp-d16 -mfloat-abi=hard -mthumb -o "Drivers/STM32L4xx_HAL_Driver/Src/stm32l4xx_hal_pwr_ex.o"
arm-none-eabi-gcc "../Drivers/STM32L4xx_HAL_Driver/Src/stm32l4xx_hal_rcc.c" -mcpu=cortex-m4 -std=gnu11 -g3 -DDEBUG -DUSE_HAL_DRIVER -DSTM32L496xx -c -I../Core/Inc -I../Drivers/STM32L4xx_HAL_Driver/Inc -I../Drivers/STM32L4xx_HAL_Driver/Inc/Legacy -I../Drivers/CMSIS/Device/ST/STM32L4xx/Include -I../Drivers/CMSIS/Include -O0 -ffunction-sections -fdata-sections -Wall -fstack-usage -fcyclomatic-complexity -MMD -MP -MF"Drivers/STM32L4xx_HAL_Driver/Src/stm32l4xx_hal_rcc.d" -MT"Drivers/STM32L4xx_HAL_Driver/Src/stm32l4xx_hal_rcc.o" --specs=nano.specs -mfpu=fpv4-sp-d16 -mfloat-abi=hard -mthumb -o "Drivers/STM32L4xx_HAL_Driver/Src/stm32l4xx_hal_rcc.o"
arm-none-eabi-gcc "../Drivers/STM32L4xx_HAL_Driver/Src/stm32l4xx_hal_rcc_ex.c" -mcpu=cortex-m4 -std=gnu11 -g3 -DDEBUG -DUSE_HAL_DRIVER -DSTM32L496xx -c -I../Core/Inc -I../Drivers/STM32L4xx_HAL_Driver/Inc -I../Drivers/STM32L4xx_HAL_Driver/Inc/Legacy -I../Drivers/CMSIS/Device/ST/STM32L4xx/Include -I../Drivers/CMSIS/Include -O0 -ffunction-sections -fdata-sections -Wall -fstack-usage -fcyclomatic-complexity -MMD -MP -MF"Drivers/STM32L4xx_HAL_Driver/Src/stm32l4xx_hal_rcc_ex.d" -MT"Drivers/STM32L4xx_HAL_Driver/Src/stm32l4xx_hal_rcc_ex.o" --specs=nano.specs -mfpu=fpv4-sp-d16 -mfloat-abi=hard -mthumb -o "Drivers/STM32L4xx_HAL_Driver/Src/stm32l4xx_hal_rcc_ex.o"
arm-none-eabi-gcc -mcpu=cortex-m4 -g3 -DDEBUG -c -x assembler-with-cpp -MMD -MP -MF"Core/Startup/startup_stm32l496zgtx.d" -MT"Core/Startup/startup_stm32l496zgtx.o" --specs=nano.specs -mfpu=fpv4-sp-d16 -mfloat-abi=hard -mthumb -o "Core/Startup/startup_stm32l496zgtx.o" "../Core/Startup/startup_stm32l496zgtx.s"
arm-none-eabi-gcc "../Core/Src/main.c" -mcpu=cortex-m4 -std=gnu11 -g3 -DDEBUG -DUSE_HAL_DRIVER -DSTM32L496xx -c -I../Core/Inc -I../Drivers/STM32L4xx_HAL_Driver/Inc -I../Drivers/STM32L4xx_HAL_Driver/Inc/Legacy -I../Drivers/CMSIS/Device/ST/STM32L4xx/Include -I../Drivers/CMSIS/Include -O0 -ffunction-sections -fdata-sections -Wall -fstack-usage -fcyclomatic-complexity -MMD -MP -MF"Core/Src/main.d" -MT"Core/Src/main.o" --specs=nano.specs -mfpu=fpv4-sp-d16 -mfloat-abi=hard -mthumb -o "Core/Src/main.o"
arm-none-eabi-gcc "../Core/Src/stm32l4xx_hal_msp.c" -mcpu=cortex-m4 -std=gnu11 -g3 -DDEBUG -DUSE_HAL_DRIVER -DSTM32L496xx -c -I../Core/Inc -I../Drivers/STM32L4xx_HAL_Driver/Inc -I../Drivers/STM32L4xx_HAL_Driver/Inc/Legacy -I../Drivers/CMSIS/Device/ST/STM32L4xx/Include -I../Drivers/CMSIS/Include -O0 -ffunction-sections -fdata-sections -Wall -fstack-usage -fcyclomatic-complexity -MMD -MP -MF"Core/Src/stm32l4xx_hal_msp.d" -MT"Core/Src/stm32l4xx_hal_msp.o" --specs=nano.specs -mfpu=fpv4-sp-d16 -mfloat-abi=hard -mthumb -o "Core/Src/stm32l4xx_hal_msp.o"
arm-none-eabi-gcc "../Core/Src/stm32l4xx_it.c" -mcpu=cortex-m4 -std=gnu11 -g3 -DDEBUG -DUSE_HAL_DRIVER -DSTM32L496xx -c -I../Core/Inc -I../Drivers/STM32L4xx_HAL_Driver/Inc -I../Drivers/STM32L4xx_HAL_Driver/Inc/Legacy -I../Drivers/CMSIS/Device/ST/STM32L4xx/Include -I../Drivers/CMSIS/Include -O0 -ffunction-sections -fdata-sections -Wall -fstack-usage -fcyclomatic-complexity -MMD -MP -MF"Core/Src/stm32l4xx_it.d" -MT"Core/Src/stm32l4xx_it.o" --specs=nano.specs -mfpu=fpv4-sp-d16 -mfloat-abi=hard -mthumb -o "Core/Src/stm32l4xx_it.o"
arm-none-eabi-gcc "../Core/Src/syscalls.c" -mcpu=cortex-m4 -std=gnu11 -g3 -DDEBUG -DUSE_HAL_DRIVER -DSTM32L496xx -c -I../Core/Inc -I../Drivers/STM32L4xx_HAL_Driver/Inc -I../Drivers/STM32L4xx_HAL_Driver/Inc/Legacy -I../Drivers/CMSIS/Device/ST/STM32L4xx/Include -I../Drivers/CMSIS/Include -O0 -ffunction-sections -fdata-sections -Wall -fstack-usage -fcyclomatic-complexity -MMD -MP -MF"Core/Src/syscalls.d" -MT"Core/Src/syscalls.o" --specs=nano.specs -mfpu=fpv4-sp-d16 -mfloat-abi=hard -mthumb -o "Core/Src/syscalls.o"
arm-none-eabi-gcc "../Core/Src/sysmem.c" -mcpu=cortex-m4 -std=gnu11 -g3 -DDEBUG -DUSE_HAL_DRIVER -DSTM32L496xx -c -I../Core/Inc -I../Drivers/STM32L4xx_HAL_Driver/Inc -I../Drivers/STM32L4xx_HAL_Driver/Inc/Legacy -I../Drivers/CMSIS/Device/ST/STM32L4xx/Include -I../Drivers/CMSIS/Include -O0 -ffunction-sections -fdata-sections -Wall -fstack-usage -fcyclomatic-complexity -MMD -MP -MF"Core/Src/sysmem.d" -MT"Core/Src/sysmem.o" --specs=nano.specs -mfpu=fpv4-sp-d16 -mfloat-abi=hard -mthumb -o "Core/Src/sysmem.o"
arm-none-eabi-gcc "../Core/Src/system_stm32l4xx.c" -mcpu=cortex-m4 -std=gnu11 -g3 -DDEBUG -DUSE_HAL_DRIVER -DSTM32L496xx -c -I../Core/Inc -I../Drivers/STM32L4xx_HAL_Driver/Inc -I../Drivers/STM32L4xx_HAL_Driver/Inc/Legacy -I../Drivers/CMSIS/Device/ST/STM32L4xx/Include -I../Drivers/CMSIS/Include -O0 -ffunction-sections -fdata-sections -Wall -fstack-usage -fcyclomatic-complexity -MMD -MP -MF"Core/Src/system_stm32l4xx.d" -MT"Core/Src/system_stm32l4xx.o" --specs=nano.specs -mfpu=fpv4-sp-d16 -mfloat-abi=hard -mthumb -o "Core/Src/system_stm32l4xx.o"
In file included from ../Drivers/CMSIS/Device/ST/STM32L4xx/Include/stm32l4xx.h:155,
                 from ../Drivers/STM32L4xx_HAL_Driver/Inc/stm32l4xx_hal_def.h:29,
                 from ../Drivers/STM32L4xx_HAL_Driver/Inc/stm32l4xx_hal_rcc.h:27,
                 from ../Core/Inc/stm32l4xx_hal_conf.h:258,
                 from ../Drivers/STM32L4xx_HAL_Driver/Inc/stm32l4xx_hal.h:29,
                 from ../Core/Inc/main.h:30,
                 from ../Core/Src/main.c:22:
../Drivers/CMSIS/Device/ST/STM32L4xx/Include/stm32l496xx.h:1489:29: warning: initialization of 'int' from 'GPIO_TypeDef *' makes integer from pointer without a cast [-Wint-conversion]
 1489 | #define GPIOC               ((GPIO_TypeDef *) GPIOC_BASE)
      |                             ^
../Core/Src/main.c:25:24: note: in expansion of macro 'GPIOC'
   25 | int DIODES_PORTS[8] = {GPIOC, GPIOC, GPIOC, GPIOC, GPIOE, GPIOD, GPIOE, GPIOE};
      |                        ^~~~~
../Drivers/CMSIS/Device/ST/STM32L4xx/Include/stm32l496xx.h:1489:29: note: (near initialization for 'DIODES_PORTS[0]')
 1489 | #define GPIOC               ((GPIO_TypeDef *) GPIOC_BASE)
      |                             ^
../Core/Src/main.c:25:24: note: in expansion of macro 'GPIOC'
   25 | int DIODES_PORTS[8] = {GPIOC, GPIOC, GPIOC, GPIOC, GPIOE, GPIOD, GPIOE, GPIOE};
      |                        ^~~~~
../Drivers/CMSIS/Device/ST/STM32L4xx/Include/stm32l496xx.h:1489:29: warning: initialization of 'int' from 'GPIO_TypeDef *' makes integer from pointer without a cast [-Wint-conversion]
 1489 | #define GPIOC               ((GPIO_TypeDef *) GPIOC_BASE)
      |                             ^
../Core/Src/main.c:25:31: note: in expansion of macro 'GPIOC'
   25 | int DIODES_PORTS[8] = {GPIOC, GPIOC, GPIOC, GPIOC, GPIOE, GPIOD, GPIOE, GPIOE};
      |                               ^~~~~
../Drivers/CMSIS/Device/ST/STM32L4xx/Include/stm32l496xx.h:1489:29: note: (near initialization for 'DIODES_PORTS[1]')
 1489 | #define GPIOC               ((GPIO_TypeDef *) GPIOC_BASE)
      |                             ^
../Core/Src/main.c:25:31: note: in expansion of macro 'GPIOC'
   25 | int DIODES_PORTS[8] = {GPIOC, GPIOC, GPIOC, GPIOC, GPIOE, GPIOD, GPIOE, GPIOE};
      |                               ^~~~~
../Drivers/CMSIS/Device/ST/STM32L4xx/Include/stm32l496xx.h:1489:29: warning: initialization of 'int' from 'GPIO_TypeDef *' makes integer from pointer without a cast [-Wint-conversion]
 1489 | #define GPIOC               ((GPIO_TypeDef *) GPIOC_BASE)
      |                             ^
../Core/Src/main.c:25:38: note: in expansion of macro 'GPIOC'
   25 | int DIODES_PORTS[8] = {GPIOC, GPIOC, GPIOC, GPIOC, GPIOE, GPIOD, GPIOE, GPIOE};
      |                                      ^~~~~
../Drivers/CMSIS/Device/ST/STM32L4xx/Include/stm32l496xx.h:1489:29: note: (near initialization for 'DIODES_PORTS[2]')
 1489 | #define GPIOC               ((GPIO_TypeDef *) GPIOC_BASE)
      |                             ^
../Core/Src/main.c:25:38: note: in expansion of macro 'GPIOC'
   25 | int DIODES_PORTS[8] = {GPIOC, GPIOC, GPIOC, GPIOC, GPIOE, GPIOD, GPIOE, GPIOE};
      |                                      ^~~~~
../Drivers/CMSIS/Device/ST/STM32L4xx/Include/stm32l496xx.h:1489:29: warning: initialization of 'int' from 'GPIO_TypeDef *' makes integer from pointer without a cast [-Wint-conversion]
 1489 | #define GPIOC               ((GPIO_TypeDef *) GPIOC_BASE)
      |                             ^
../Core/Src/main.c:25:45: note: in expansion of macro 'GPIOC'
   25 | int DIODES_PORTS[8] = {GPIOC, GPIOC, GPIOC, GPIOC, GPIOE, GPIOD, GPIOE, GPIOE};
      |                                             ^~~~~
../Drivers/CMSIS/Device/ST/STM32L4xx/Include/stm32l496xx.h:1489:29: note: (near initialization for 'DIODES_PORTS[3]')
 1489 | #define GPIOC               ((GPIO_TypeDef *) GPIOC_BASE)
      |                             ^
../Core/Src/main.c:25:45: note: in expansion of macro 'GPIOC'
   25 | int DIODES_PORTS[8] = {GPIOC, GPIOC, GPIOC, GPIOC, GPIOE, GPIOD, GPIOE, GPIOE};
      |                                             ^~~~~
../Drivers/CMSIS/Device/ST/STM32L4xx/Include/stm32l496xx.h:1491:29: warning: initialization of 'int' from 'GPIO_TypeDef *' makes integer from pointer without a cast [-Wint-conversion]
 1491 | #define GPIOE               ((GPIO_TypeDef *) GPIOE_BASE)
      |                             ^
../Core/Src/main.c:25:52: note: in expansion of macro 'GPIOE'
   25 | int DIODES_PORTS[8] = {GPIOC, GPIOC, GPIOC, GPIOC, GPIOE, GPIOD, GPIOE, GPIOE};
      |                                                    ^~~~~
../Drivers/CMSIS/Device/ST/STM32L4xx/Include/stm32l496xx.h:1491:29: note: (near initialization for 'DIODES_PORTS[4]')
 1491 | #define GPIOE               ((GPIO_TypeDef *) GPIOE_BASE)
      |                             ^
../Core/Src/main.c:25:52: note: in expansion of macro 'GPIOE'
   25 | int DIODES_PORTS[8] = {GPIOC, GPIOC, GPIOC, GPIOC, GPIOE, GPIOD, GPIOE, GPIOE};
      |                                                    ^~~~~
../Drivers/CMSIS/Device/ST/STM32L4xx/Include/stm32l496xx.h:1490:29: warning: initialization of 'int' from 'GPIO_TypeDef *' makes integer from pointer without a cast [-Wint-conversion]
 1490 | #define GPIOD               ((GPIO_TypeDef *) GPIOD_BASE)
      |                             ^
../Core/Src/main.c:25:59: note: in expansion of macro 'GPIOD'
   25 | int DIODES_PORTS[8] = {GPIOC, GPIOC, GPIOC, GPIOC, GPIOE, GPIOD, GPIOE, GPIOE};
      |                                                           ^~~~~
../Drivers/CMSIS/Device/ST/STM32L4xx/Include/stm32l496xx.h:1490:29: note: (near initialization for 'DIODES_PORTS[5]')
 1490 | #define GPIOD               ((GPIO_TypeDef *) GPIOD_BASE)
      |                             ^
../Core/Src/main.c:25:59: note: in expansion of macro 'GPIOD'
   25 | int DIODES_PORTS[8] = {GPIOC, GPIOC, GPIOC, GPIOC, GPIOE, GPIOD, GPIOE, GPIOE};
      |                                                           ^~~~~
../Drivers/CMSIS/Device/ST/STM32L4xx/Include/stm32l496xx.h:1491:29: warning: initialization of 'int' from 'GPIO_TypeDef *' makes integer from pointer without a cast [-Wint-conversion]
 1491 | #define GPIOE               ((GPIO_TypeDef *) GPIOE_BASE)
      |                             ^
../Core/Src/main.c:25:66: note: in expansion of macro 'GPIOE'
   25 | int DIODES_PORTS[8] = {GPIOC, GPIOC, GPIOC, GPIOC, GPIOE, GPIOD, GPIOE, GPIOE};
      |                                                                  ^~~~~
../Drivers/CMSIS/Device/ST/STM32L4xx/Include/stm32l496xx.h:1491:29: note: (near initialization for 'DIODES_PORTS[6]')
 1491 | #define GPIOE               ((GPIO_TypeDef *) GPIOE_BASE)
      |                             ^
../Core/Src/main.c:25:66: note: in expansion of macro 'GPIOE'
   25 | int DIODES_PORTS[8] = {GPIOC, GPIOC, GPIOC, GPIOC, GPIOE, GPIOD, GPIOE, GPIOE};
      |                                                                  ^~~~~
../Drivers/CMSIS/Device/ST/STM32L4xx/Include/stm32l496xx.h:1491:29: warning: initialization of 'int' from 'GPIO_TypeDef *' makes integer from pointer without a cast [-Wint-conversion]
 1491 | #define GPIOE               ((GPIO_TypeDef *) GPIOE_BASE)
      |                             ^
../Core/Src/main.c:25:73: note: in expansion of macro 'GPIOE'
   25 | int DIODES_PORTS[8] = {GPIOC, GPIOC, GPIOC, GPIOC, GPIOE, GPIOD, GPIOE, GPIOE};
      |                                                                         ^~~~~
../Drivers/CMSIS/Device/ST/STM32L4xx/Include/stm32l496xx.h:1491:29: note: (near initialization for 'DIODES_PORTS[7]')
 1491 | #define GPIOE               ((GPIO_TypeDef *) GPIOE_BASE)
      |                             ^
../Core/Src/main.c:25:73: note: in expansion of macro 'GPIOE'
   25 | int DIODES_PORTS[8] = {GPIOC, GPIOC, GPIOC, GPIOC, GPIOE, GPIOD, GPIOE, GPIOE};
      |                                                                         ^~~~~
../Core/Src/main.c: In function 'display_active_pins':
../Core/Src/main.c:68:5: warning: implicit declaration of function 'printf' [-Wimplicit-function-declaration]
   68 |     printf("\n+--------------------+\n");
      |     ^~~~~~
../Core/Src/main.c:23:1: note: include '<stdio.h>' or provide a declaration of 'printf'
   22 | #include "main.h"
  +++ |+#include <stdio.h>
   23 | // Define GPIO pins
../Core/Src/main.c:68:5: warning: incompatible implicit declaration of built-in function 'printf' [-Wbuiltin-declaration-mismatch]
   68 |     printf("\n+--------------------+\n");
      |     ^~~~~~
../Core/Src/main.c:68:5: note: include '<stdio.h>' or provide a declaration of 'printf'
../Core/Src/main.c: In function 'main':
../Core/Src/main.c:120:32: warning: passing argument 1 of 'HAL_GPIO_WritePin' makes pointer from integer without a cast [-Wint-conversion]
  120 | HAL_GPIO_WritePin (DIODES_PORTS[index], DIODES_PINS[index], GPIO_PIN_SET);
      |                    ~~~~~~~~~~~~^~~~~~~
      |                                |
      |                                int
In file included from ../Core/Inc/stm32l4xx_hal_conf.h:262:
../Drivers/STM32L4xx_HAL_Driver/Inc/stm32l4xx_hal_gpio.h:296:51: note: expected 'GPIO_TypeDef *' but argument is of type 'int'
  296 | void              HAL_GPIO_WritePin(GPIO_TypeDef* GPIOx, uint16_t GPIO_Pin, GPIO_PinState PinState);
      |                                     ~~~~~~~~~~~~~~^~~~~
../Core/Src/main.c:121:32: warning: passing argument 1 of 'HAL_GPIO_WritePin' makes pointer from integer without a cast [-Wint-conversion]
  121 | HAL_GPIO_WritePin (DIODES_PORTS[index], DIODES_PINS[index - change], GPIO_PIN_RESET);
      |                    ~~~~~~~~~~~~^~~~~~~
      |                                |
      |                                int
../Drivers/STM32L4xx_HAL_Driver/Inc/stm32l4xx_hal_gpio.h:296:51: note: expected 'GPIO_TypeDef *' but argument is of type 'int'
  296 | void              HAL_GPIO_WritePin(GPIO_TypeDef* GPIOx, uint16_t GPIO_Pin, GPIO_PinState PinState);
      |                                     ~~~~~~~~~~~~~~^~~~~
../Core/Src/main.c: In function 'MX_GPIO_Init':
../Core/Src/main.c:185:39: warning: passing argument 1 of 'HAL_GPIO_WritePin' makes pointer from integer without a cast [-Wint-conversion]
  185 |         HAL_GPIO_WritePin(DIODES_PORTS[i], DIODES_PINS[i], GPIO_PIN_RESET);
      |                           ~~~~~~~~~~~~^~~
      |                                       |
      |                                       int
../Drivers/STM32L4xx_HAL_Driver/Inc/stm32l4xx_hal_gpio.h:296:51: note: expected 'GPIO_TypeDef *' but argument is of type 'int'
  296 | void              HAL_GPIO_WritePin(GPIO_TypeDef* GPIOx, uint16_t GPIO_Pin, GPIO_PinState PinState);
      |                                     ~~~~~~~~~~~~~~^~~~~
../Core/Src/main.c:190:35: warning: passing argument 1 of 'HAL_GPIO_Init' makes pointer from integer without a cast [-Wint-conversion]
  190 |         HAL_GPIO_Init(DIODES_PORTS[i], &GPIO_InitStruct);
      |                       ~~~~~~~~~~~~^~~
      |                                   |
      |                                   int
../Drivers/STM32L4xx_HAL_Driver/Inc/stm32l4xx_hal_gpio.h:283:48: note: expected 'GPIO_TypeDef *' but argument is of type 'int'
  283 | void              HAL_GPIO_Init(GPIO_TypeDef  *GPIOx, GPIO_InitTypeDef *GPIO_Init);
      |                                 ~~~~~~~~~~~~~~~^~~~~
arm-none-eabi-gcc -o "jumpingLight.elf" @"objects.list"   -mcpu=cortex-m4 -T"C:\Users\Damian\STM32CubeIDE\workspace_1.18.0\jumpingLight\STM32L496ZGTX_FLASH.ld" --specs=nosys.specs -Wl,-Map="jumpingLight.map" -Wl,--gc-sections -static --specs=nano.specs -mfpu=fpv4-sp-d16 -mfloat-abi=hard -mthumb -Wl,--start-group -lc -lm -Wl,--end-group
Finished building target: jumpingLight.elf
 
arm-none-eabi-size  jumpingLight.elf 
arm-none-eabi-objdump -h -S jumpingLight.elf  > "jumpingLight.list"
   text	   data	    bss	    dec	    hex	filename
  10784	    168	   1904	  12856	   3238	jumpingLight.elf
Finished building: default.size.stdout
 
Finished building: jumpingLight.list
 
22:28:11 **** Incremental Build of configuration Debug for project jumpingLight ****
make -j12 all 
arm-none-eabi-gcc "../Core/Src/main.c" -mcpu=cortex-m4 -std=gnu11 -g3 -DDEBUG -DUSE_HAL_DRIVER -DSTM32L496xx -c -I../Core/Inc -I../Drivers/STM32L4xx_HAL_Driver/Inc -I../Drivers/STM32L4xx_HAL_Driver/Inc/Legacy -I../Drivers/CMSIS/Device/ST/STM32L4xx/Include -I../Drivers/CMSIS/Include -O0 -ffunction-sections -fdata-sections -Wall -fstack-usage -fcyclomatic-complexity -MMD -MP -MF"Core/Src/main.d" -MT"Core/Src/main.o" --specs=nano.specs -mfpu=fpv4-sp-d16 -mfloat-abi=hard -mthumb -o "Core/Src/main.o"
In file included from ../Drivers/CMSIS/Device/ST/STM32L4xx/Include/stm32l4xx.h:155,
                 from ../Drivers/STM32L4xx_HAL_Driver/Inc/stm32l4xx_hal_def.h:29,
                 from ../Drivers/STM32L4xx_HAL_Driver/Inc/stm32l4xx_hal_rcc.h:27,
                 from ../Core/Inc/stm32l4xx_hal_conf.h:258,
                 from ../Drivers/STM32L4xx_HAL_Driver/Inc/stm32l4xx_hal.h:29,
                 from ../Core/Inc/main.h:30,
                 from ../Core/Src/main.c:22:
../Drivers/CMSIS/Device/ST/STM32L4xx/Include/stm32l496xx.h:1489:29: warning: initialization of 'int' from 'GPIO_TypeDef *' makes integer from pointer without a cast [-Wint-conversion]
 1489 | #define GPIOC               ((GPIO_TypeDef *) GPIOC_BASE)
      |                             ^
../Core/Src/main.c:26:24: note: in expansion of macro 'GPIOC'
   26 | int DIODES_PORTS[8] = {GPIOC, GPIOC, GPIOC, GPIOC, GPIOE, GPIOD, GPIOE, GPIOE};
      |                        ^~~~~
../Drivers/CMSIS/Device/ST/STM32L4xx/Include/stm32l496xx.h:1489:29: note: (near initialization for 'DIODES_PORTS[0]')
 1489 | #define GPIOC               ((GPIO_TypeDef *) GPIOC_BASE)
      |                             ^
../Core/Src/main.c:26:24: note: in expansion of macro 'GPIOC'
   26 | int DIODES_PORTS[8] = {GPIOC, GPIOC, GPIOC, GPIOC, GPIOE, GPIOD, GPIOE, GPIOE};
      |                        ^~~~~
../Drivers/CMSIS/Device/ST/STM32L4xx/Include/stm32l496xx.h:1489:29: warning: initialization of 'int' from 'GPIO_TypeDef *' makes integer from pointer without a cast [-Wint-conversion]
 1489 | #define GPIOC               ((GPIO_TypeDef *) GPIOC_BASE)
      |                             ^
../Core/Src/main.c:26:31: note: in expansion of macro 'GPIOC'
   26 | int DIODES_PORTS[8] = {GPIOC, GPIOC, GPIOC, GPIOC, GPIOE, GPIOD, GPIOE, GPIOE};
      |                               ^~~~~
../Drivers/CMSIS/Device/ST/STM32L4xx/Include/stm32l496xx.h:1489:29: note: (near initialization for 'DIODES_PORTS[1]')
 1489 | #define GPIOC               ((GPIO_TypeDef *) GPIOC_BASE)
      |                             ^
../Core/Src/main.c:26:31: note: in expansion of macro 'GPIOC'
   26 | int DIODES_PORTS[8] = {GPIOC, GPIOC, GPIOC, GPIOC, GPIOE, GPIOD, GPIOE, GPIOE};
      |                               ^~~~~
../Drivers/CMSIS/Device/ST/STM32L4xx/Include/stm32l496xx.h:1489:29: warning: initialization of 'int' from 'GPIO_TypeDef *' makes integer from pointer without a cast [-Wint-conversion]
 1489 | #define GPIOC               ((GPIO_TypeDef *) GPIOC_BASE)
      |                             ^
../Core/Src/main.c:26:38: note: in expansion of macro 'GPIOC'
   26 | int DIODES_PORTS[8] = {GPIOC, GPIOC, GPIOC, GPIOC, GPIOE, GPIOD, GPIOE, GPIOE};
      |                                      ^~~~~
../Drivers/CMSIS/Device/ST/STM32L4xx/Include/stm32l496xx.h:1489:29: note: (near initialization for 'DIODES_PORTS[2]')
 1489 | #define GPIOC               ((GPIO_TypeDef *) GPIOC_BASE)
      |                             ^
../Core/Src/main.c:26:38: note: in expansion of macro 'GPIOC'
   26 | int DIODES_PORTS[8] = {GPIOC, GPIOC, GPIOC, GPIOC, GPIOE, GPIOD, GPIOE, GPIOE};
      |                                      ^~~~~
../Drivers/CMSIS/Device/ST/STM32L4xx/Include/stm32l496xx.h:1489:29: warning: initialization of 'int' from 'GPIO_TypeDef *' makes integer from pointer without a cast [-Wint-conversion]
 1489 | #define GPIOC               ((GPIO_TypeDef *) GPIOC_BASE)
      |                             ^
../Core/Src/main.c:26:45: note: in expansion of macro 'GPIOC'
   26 | int DIODES_PORTS[8] = {GPIOC, GPIOC, GPIOC, GPIOC, GPIOE, GPIOD, GPIOE, GPIOE};
      |                                             ^~~~~
../Drivers/CMSIS/Device/ST/STM32L4xx/Include/stm32l496xx.h:1489:29: note: (near initialization for 'DIODES_PORTS[3]')
 1489 | #define GPIOC               ((GPIO_TypeDef *) GPIOC_BASE)
      |                             ^
../Core/Src/main.c:26:45: note: in expansion of macro 'GPIOC'
   26 | int DIODES_PORTS[8] = {GPIOC, GPIOC, GPIOC, GPIOC, GPIOE, GPIOD, GPIOE, GPIOE};
      |                                             ^~~~~
../Drivers/CMSIS/Device/ST/STM32L4xx/Include/stm32l496xx.h:1491:29: warning: initialization of 'int' from 'GPIO_TypeDef *' makes integer from pointer without a cast [-Wint-conversion]
 1491 | #define GPIOE               ((GPIO_TypeDef *) GPIOE_BASE)
      |                             ^
../Core/Src/main.c:26:52: note: in expansion of macro 'GPIOE'
   26 | int DIODES_PORTS[8] = {GPIOC, GPIOC, GPIOC, GPIOC, GPIOE, GPIOD, GPIOE, GPIOE};
      |                                                    ^~~~~
../Drivers/CMSIS/Device/ST/STM32L4xx/Include/stm32l496xx.h:1491:29: note: (near initialization for 'DIODES_PORTS[4]')
 1491 | #define GPIOE               ((GPIO_TypeDef *) GPIOE_BASE)
      |                             ^
../Core/Src/main.c:26:52: note: in expansion of macro 'GPIOE'
   26 | int DIODES_PORTS[8] = {GPIOC, GPIOC, GPIOC, GPIOC, GPIOE, GPIOD, GPIOE, GPIOE};
      |                                                    ^~~~~
../Drivers/CMSIS/Device/ST/STM32L4xx/Include/stm32l496xx.h:1490:29: warning: initialization of 'int' from 'GPIO_TypeDef *' makes integer from pointer without a cast [-Wint-conversion]
 1490 | #define GPIOD               ((GPIO_TypeDef *) GPIOD_BASE)
      |                             ^
../Core/Src/main.c:26:59: note: in expansion of macro 'GPIOD'
   26 | int DIODES_PORTS[8] = {GPIOC, GPIOC, GPIOC, GPIOC, GPIOE, GPIOD, GPIOE, GPIOE};
      |                                                           ^~~~~
../Drivers/CMSIS/Device/ST/STM32L4xx/Include/stm32l496xx.h:1490:29: note: (near initialization for 'DIODES_PORTS[5]')
 1490 | #define GPIOD               ((GPIO_TypeDef *) GPIOD_BASE)
      |                             ^
../Core/Src/main.c:26:59: note: in expansion of macro 'GPIOD'
   26 | int DIODES_PORTS[8] = {GPIOC, GPIOC, GPIOC, GPIOC, GPIOE, GPIOD, GPIOE, GPIOE};
      |                                                           ^~~~~
../Drivers/CMSIS/Device/ST/STM32L4xx/Include/stm32l496xx.h:1491:29: warning: initialization of 'int' from 'GPIO_TypeDef *' makes integer from pointer without a cast [-Wint-conversion]
 1491 | #define GPIOE               ((GPIO_TypeDef *) GPIOE_BASE)
      |                             ^
../Core/Src/main.c:26:66: note: in expansion of macro 'GPIOE'
   26 | int DIODES_PORTS[8] = {GPIOC, GPIOC, GPIOC, GPIOC, GPIOE, GPIOD, GPIOE, GPIOE};
      |                                                                  ^~~~~
../Drivers/CMSIS/Device/ST/STM32L4xx/Include/stm32l496xx.h:1491:29: note: (near initialization for 'DIODES_PORTS[6]')
 1491 | #define GPIOE               ((GPIO_TypeDef *) GPIOE_BASE)
      |                             ^
../Core/Src/main.c:26:66: note: in expansion of macro 'GPIOE'
   26 | int DIODES_PORTS[8] = {GPIOC, GPIOC, GPIOC, GPIOC, GPIOE, GPIOD, GPIOE, GPIOE};
      |                                                                  ^~~~~
../Drivers/CMSIS/Device/ST/STM32L4xx/Include/stm32l496xx.h:1491:29: warning: initialization of 'int' from 'GPIO_TypeDef *' makes integer from pointer without a cast [-Wint-conversion]
 1491 | #define GPIOE               ((GPIO_TypeDef *) GPIOE_BASE)
      |                             ^
../Core/Src/main.c:26:73: note: in expansion of macro 'GPIOE'
   26 | int DIODES_PORTS[8] = {GPIOC, GPIOC, GPIOC, GPIOC, GPIOE, GPIOD, GPIOE, GPIOE};
      |                                                                         ^~~~~
../Drivers/CMSIS/Device/ST/STM32L4xx/Include/stm32l496xx.h:1491:29: note: (near initialization for 'DIODES_PORTS[7]')
 1491 | #define GPIOE               ((GPIO_TypeDef *) GPIOE_BASE)
      |                             ^
../Core/Src/main.c:26:73: note: in expansion of macro 'GPIOE'
   26 | int DIODES_PORTS[8] = {GPIOC, GPIOC, GPIOC, GPIOC, GPIOE, GPIOD, GPIOE, GPIOE};
      |                                                                         ^~~~~
../Core/Src/main.c: In function 'main':
../Core/Src/main.c:107:32: warning: passing argument 1 of 'HAL_GPIO_WritePin' makes pointer from integer without a cast [-Wint-conversion]
  107 | HAL_GPIO_WritePin (DIODES_PORTS[index], DIODES_PINS[index], GPIO_PIN_SET);
      |                    ~~~~~~~~~~~~^~~~~~~
      |                                |
      |                                int
In file included from ../Core/Inc/stm32l4xx_hal_conf.h:262:
../Drivers/STM32L4xx_HAL_Driver/Inc/stm32l4xx_hal_gpio.h:296:51: note: expected 'GPIO_TypeDef *' but argument is of type 'int'
  296 | void              HAL_GPIO_WritePin(GPIO_TypeDef* GPIOx, uint16_t GPIO_Pin, GPIO_PinState PinState);
      |                                     ~~~~~~~~~~~~~~^~~~~
../Core/Src/main.c:108:32: warning: passing argument 1 of 'HAL_GPIO_WritePin' makes pointer from integer without a cast [-Wint-conversion]
  108 | HAL_GPIO_WritePin (DIODES_PORTS[index], DIODES_PINS[index - change], GPIO_PIN_RESET);
      |                    ~~~~~~~~~~~~^~~~~~~
      |                                |
      |                                int
../Drivers/STM32L4xx_HAL_Driver/Inc/stm32l4xx_hal_gpio.h:296:51: note: expected 'GPIO_TypeDef *' but argument is of type 'int'
  296 | void              HAL_GPIO_WritePin(GPIO_TypeDef* GPIOx, uint16_t GPIO_Pin, GPIO_PinState PinState);
      |                                     ~~~~~~~~~~~~~~^~~~~
../Core/Src/main.c:110:1: warning: implicit declaration of function 'display_active_pins' [-Wimplicit-function-declaration]
  110 | display_active_pins(DIODES_PINS[index]);
      | ^~~~~~~~~~~~~~~~~~~
../Core/Src/main.c: In function 'MX_GPIO_Init':
../Core/Src/main.c:172:39: warning: passing argument 1 of 'HAL_GPIO_WritePin' makes pointer from integer without a cast [-Wint-conversion]
  172 |         HAL_GPIO_WritePin(DIODES_PORTS[i], DIODES_PINS[i], GPIO_PIN_RESET);
      |                           ~~~~~~~~~~~~^~~
      |                                       |
      |                                       int
../Drivers/STM32L4xx_HAL_Driver/Inc/stm32l4xx_hal_gpio.h:296:51: note: expected 'GPIO_TypeDef *' but argument is of type 'int'
  296 | void              HAL_GPIO_WritePin(GPIO_TypeDef* GPIOx, uint16_t GPIO_Pin, GPIO_PinState PinState);
      |                                     ~~~~~~~~~~~~~~^~~~~
../Core/Src/main.c:177:35: warning: passing argument 1 of 'HAL_GPIO_Init' makes pointer from integer without a cast [-Wint-conversion]
  177 |         HAL_GPIO_Init(DIODES_PORTS[i], &GPIO_InitStruct);
      |                       ~~~~~~~~~~~~^~~
      |                                   |
      |                                   int
../Drivers/STM32L4xx_HAL_Driver/Inc/stm32l4xx_hal_gpio.h:283:48: note: expected 'GPIO_TypeDef *' but argument is of type 'int'
  283 | void              HAL_GPIO_Init(GPIO_TypeDef  *GPIOx, GPIO_InitTypeDef *GPIO_Init);
      |                                 ~~~~~~~~~~~~~~~^~~~~
arm-none-eabi-gcc -o "jumpingLight.elf" @"objects.list"   -mcpu=cortex-m4 -T"C:\Users\Damian\STM32CubeIDE\workspace_1.18.0\jumpingLight\STM32L496ZGTX_FLASH.ld" --specs=nosys.specs -Wl,-Map="jumpingLight.map" -Wl,--gc-sections -static --specs=nano.specs -mfpu=fpv4-sp-d16 -mfloat-abi=hard -mthumb -Wl,--start-group -lc -lm -Wl,--end-group
C:/ST/STM32CubeIDE_1.18.0/STM32CubeIDE/plugins/com.st.stm32cube.ide.mcu.externaltools.gnu-tools-for-stm32.13.3.rel1.win32_1.0.0.202411081344/tools/bin/../lib/gcc/arm-none-eabi/13.3.1/../../../../arm-none-eabi/bin/ld.exe: ./Core/Src/main.o: in function `main':
C:/Users/Damian/STM32CubeIDE/workspace_1.18.0/jumpingLight/Debug/../Core/Src/main.c:110:(.text.main+0x74): undefined reference to `display_active_pins'
collect2.exe: error: ld returned 1 exit status
make: *** [makefile:64: jumpingLight.elf] Error 1
"make -j12 all" terminated with exit code 2. Build might be incomplete.
22:28:43 **** Incremental Build of configuration Debug for project jumpingLight ****
make -j12 all 
arm-none-eabi-gcc "../Core/Src/main.c" -mcpu=cortex-m4 -std=gnu11 -g3 -DDEBUG -DUSE_HAL_DRIVER -DSTM32L496xx -c -I../Core/Inc -I../Drivers/STM32L4xx_HAL_Driver/Inc -I../Drivers/STM32L4xx_HAL_Driver/Inc/Legacy -I../Drivers/CMSIS/Device/ST/STM32L4xx/Include -I../Drivers/CMSIS/Include -O0 -ffunction-sections -fdata-sections -Wall -fstack-usage -fcyclomatic-complexity -MMD -MP -MF"Core/Src/main.d" -MT"Core/Src/main.o" --specs=nano.specs -mfpu=fpv4-sp-d16 -mfloat-abi=hard -mthumb -o "Core/Src/main.o"
../Core/Src/main.c: In function 'main':
../Core/Src/main.c:110:1: warning: implicit declaration of function 'display_active_pins' [-Wimplicit-function-declaration]
  110 | display_active_pins(DIODES_PINS[index]);
      | ^~~~~~~~~~~~~~~~~~~
arm-none-eabi-gcc -o "jumpingLight.elf" @"objects.list"   -mcpu=cortex-m4 -T"C:\Users\Damian\STM32CubeIDE\workspace_1.18.0\jumpingLight\STM32L496ZGTX_FLASH.ld" --specs=nosys.specs -Wl,-Map="jumpingLight.map" -Wl,--gc-sections -static --specs=nano.specs -mfpu=fpv4-sp-d16 -mfloat-abi=hard -mthumb -Wl,--start-group -lc -lm -Wl,--end-group
C:/ST/STM32CubeIDE_1.18.0/STM32CubeIDE/plugins/com.st.stm32cube.ide.mcu.externaltools.gnu-tools-for-stm32.13.3.rel1.win32_1.0.0.202411081344/tools/bin/../lib/gcc/arm-none-eabi/13.3.1/../../../../arm-none-eabi/bin/ld.exe: ./Core/Src/main.o: in function `main':
C:/Users/Damian/STM32CubeIDE/workspace_1.18.0/jumpingLight/Debug/../Core/Src/main.c:110:(.text.main+0x70): undefined reference to `display_active_pins'
collect2.exe: error: ld returned 1 exit status
make: *** [makefile:64: jumpingLight.elf] Error 1
"make -j12 all" terminated with exit code 2. Build might be incomplete.
22:28:52 **** Incremental Build of configuration Debug for project jumpingLight ****
make -j12 all 
arm-none-eabi-gcc "../Core/Src/main.c" -mcpu=cortex-m4 -std=gnu11 -g3 -DDEBUG -DUSE_HAL_DRIVER -DSTM32L496xx -c -I../Core/Inc -I../Drivers/STM32L4xx_HAL_Driver/Inc -I../Drivers/STM32L4xx_HAL_Driver/Inc/Legacy -I../Drivers/CMSIS/Device/ST/STM32L4xx/Include -I../Drivers/CMSIS/Include -O0 -ffunction-sections -fdata-sections -Wall -fstack-usage -fcyclomatic-complexity -MMD -MP -MF"Core/Src/main.d" -MT"Core/Src/main.o" --specs=nano.specs -mfpu=fpv4-sp-d16 -mfloat-abi=hard -mthumb -o "Core/Src/main.o"
arm-none-eabi-gcc -o "jumpingLight.elf" @"objects.list"   -mcpu=cortex-m4 -T"C:\Users\Damian\STM32CubeIDE\workspace_1.18.0\jumpingLight\STM32L496ZGTX_FLASH.ld" --specs=nosys.specs -Wl,-Map="jumpingLight.map" -Wl,--gc-sections -static --specs=nano.specs -mfpu=fpv4-sp-d16 -mfloat-abi=hard -mthumb -Wl,--start-group -lc -lm -Wl,--end-group
Finished building target: jumpingLight.elf
 
arm-none-eabi-size  jumpingLight.elf 
arm-none-eabi-objdump -h -S jumpingLight.elf  > "jumpingLight.list"
   text	   data	    bss	    dec	    hex	filename
   6216	     76	   1572	   7864	   1eb8	jumpingLight.elf
Finished building: default.size.stdout
 
Finished building: jumpingLight.list
 
22:31:51 **** Incremental Build of configuration Debug for project jumpingLight ****
make -j12 all 
arm-none-eabi-gcc "../Core/Src/main.c" -mcpu=cortex-m4 -std=gnu11 -g3 -DDEBUG -DUSE_HAL_DRIVER -DSTM32L496xx -c -I../Core/Inc -I../Drivers/STM32L4xx_HAL_Driver/Inc -I../Drivers/STM32L4xx_HAL_Driver/Inc/Legacy -I../Drivers/CMSIS/Device/ST/STM32L4xx/Include -I../Drivers/CMSIS/Include -O0 -ffunction-sections -fdata-sections -Wall -fstack-usage -fcyclomatic-complexity -MMD -MP -MF"Core/Src/main.d" -MT"Core/Src/main.o" --specs=nano.specs -mfpu=fpv4-sp-d16 -mfloat-abi=hard -mthumb -o "Core/Src/main.o"
../Core/Src/main.c: In function 'main':
../Core/Src/main.c:99:5: warning: variable 'active' set but not used [-Wunused-but-set-variable]
   99 | int active[8] = {0};
      |     ^~~~~~
arm-none-eabi-gcc -o "jumpingLight.elf" @"objects.list"   -mcpu=cortex-m4 -T"C:\Users\Damian\STM32CubeIDE\workspace_1.18.0\jumpingLight\STM32L496ZGTX_FLASH.ld" --specs=nosys.specs -Wl,-Map="jumpingLight.map" -Wl,--gc-sections -static --specs=nano.specs -mfpu=fpv4-sp-d16 -mfloat-abi=hard -mthumb -Wl,--start-group -lc -lm -Wl,--end-group
Finished building target: jumpingLight.elf
 
arm-none-eabi-size  jumpingLight.elf 
arm-none-eabi-objdump -h -S jumpingLight.elf  > "jumpingLight.list"
   text	   data	    bss	    dec	    hex	filename
   6260	     76	   1572	   7908	   1ee4	jumpingLight.elf
Finished building: default.size.stdout
 
Finished building: jumpingLight.list
 
22:36:43 **** Incremental Build of configuration Debug for project jumpingLight ****
make -j12 all 
arm-none-eabi-gcc "../Core/Src/main.c" -mcpu=cortex-m4 -std=gnu11 -g3 -DDEBUG -DUSE_HAL_DRIVER -DSTM32L496xx -c -I../Core/Inc -I../Drivers/STM32L4xx_HAL_Driver/Inc -I../Drivers/STM32L4xx_HAL_Driver/Inc/Legacy -I../Drivers/CMSIS/Device/ST/STM32L4xx/Include -I../Drivers/CMSIS/Include -O0 -ffunction-sections -fdata-sections -Wall -fstack-usage -fcyclomatic-complexity -MMD -MP -MF"Core/Src/main.d" -MT"Core/Src/main.o" --specs=nano.specs -mfpu=fpv4-sp-d16 -mfloat-abi=hard -mthumb -o "Core/Src/main.o"
arm-none-eabi-gcc -o "jumpingLight.elf" @"objects.list"   -mcpu=cortex-m4 -T"C:\Users\Damian\STM32CubeIDE\workspace_1.18.0\jumpingLight\STM32L496ZGTX_FLASH.ld" --specs=nosys.specs -Wl,-Map="jumpingLight.map" -Wl,--gc-sections -static --specs=nano.specs -mfpu=fpv4-sp-d16 -mfloat-abi=hard -mthumb -Wl,--start-group -lc -lm -Wl,--end-group
Finished building target: jumpingLight.elf
 
arm-none-eabi-size  jumpingLight.elf 
arm-none-eabi-objdump -h -S jumpingLight.elf  > "jumpingLight.list"
   text	   data	    bss	    dec	    hex	filename
  10596	    168	   1904	  12668	   317c	jumpingLight.elf
Finished building: default.size.stdout
 
Finished building: jumpingLight.list
 
22:45:08 **** Incremental Build of configuration Debug for project jumpingLight ****
make -j12 all 
arm-none-eabi-gcc "../Core/Src/main.c" -mcpu=cortex-m4 -std=gnu11 -g3 -DDEBUG -DUSE_HAL_DRIVER -DSTM32L496xx -c -I../Core/Inc -I../Drivers/STM32L4xx_HAL_Driver/Inc -I../Drivers/STM32L4xx_HAL_Driver/Inc/Legacy -I../Drivers/CMSIS/Device/ST/STM32L4xx/Include -I../Drivers/CMSIS/Include -O0 -ffunction-sections -fdata-sections -Wall -fstack-usage -fcyclomatic-complexity -MMD -MP -MF"Core/Src/main.d" -MT"Core/Src/main.o" --specs=nano.specs -mfpu=fpv4-sp-d16 -mfloat-abi=hard -mthumb -o "Core/Src/main.o"
../Core/Src/main.c: In function 'main':
../Core/Src/main.c:99:5: warning: variable 'active' set but not used [-Wunused-but-set-variable]
   99 | int active[8] = {0};
      |     ^~~~~~
arm-none-eabi-gcc -o "jumpingLight.elf" @"objects.list"   -mcpu=cortex-m4 -T"C:\Users\Damian\STM32CubeIDE\workspace_1.18.0\jumpingLight\STM32L496ZGTX_FLASH.ld" --specs=nosys.specs -Wl,-Map="jumpingLight.map" -Wl,--gc-sections -static --specs=nano.specs -mfpu=fpv4-sp-d16 -mfloat-abi=hard -mthumb -Wl,--start-group -lc -lm -Wl,--end-group
Finished building target: jumpingLight.elf
 
arm-none-eabi-size  jumpingLight.elf 
arm-none-eabi-objdump -h -S jumpingLight.elf  > "jumpingLight.list"
   text	   data	    bss	    dec	    hex	filename
   6268	     76	   1572	   7916	   1eec	jumpingLight.elf
Finished building: default.size.stdout
 
Finished building: jumpingLight.list
 
22:45:29 **** Incremental Build of configuration Debug for project jumpingLight ****
make -j12 all 
arm-none-eabi-gcc "../Core/Src/main.c" -mcpu=cortex-m4 -std=gnu11 -g3 -DDEBUG -DUSE_HAL_DRIVER -DSTM32L496xx -c -I../Core/Inc -I../Drivers/STM32L4xx_HAL_Driver/Inc -I../Drivers/STM32L4xx_HAL_Driver/Inc/Legacy -I../Drivers/CMSIS/Device/ST/STM32L4xx/Include -I../Drivers/CMSIS/Include -O0 -ffunction-sections -fdata-sections -Wall -fstack-usage -fcyclomatic-complexity -MMD -MP -MF"Core/Src/main.d" -MT"Core/Src/main.o" --specs=nano.specs -mfpu=fpv4-sp-d16 -mfloat-abi=hard -mthumb -o "Core/Src/main.o"
../Core/Src/main.c: In function 'main':
../Core/Src/main.c:104:1: error: 'active' undeclared (first use in this function)
  104 | active[index] = 1;
      | ^~~~~~
../Core/Src/main.c:104:1: note: each undeclared identifier is reported only once for each function it appears in
make: *** [Core/Src/subdir.mk:34: Core/Src/main.o] Error 1
"make -j12 all" terminated with exit code 2. Build might be incomplete.
22:45:57 **** Incremental Build of configuration Debug for project jumpingLight ****
make -j12 all 
arm-none-eabi-gcc "../Core/Src/main.c" -mcpu=cortex-m4 -std=gnu11 -g3 -DDEBUG -DUSE_HAL_DRIVER -DSTM32L496xx -c -I../Core/Inc -I../Drivers/STM32L4xx_HAL_Driver/Inc -I../Drivers/STM32L4xx_HAL_Driver/Inc/Legacy -I../Drivers/CMSIS/Device/ST/STM32L4xx/Include -I../Drivers/CMSIS/Include -O0 -ffunction-sections -fdata-sections -Wall -fstack-usage -fcyclomatic-complexity -MMD -MP -MF"Core/Src/main.d" -MT"Core/Src/main.o" --specs=nano.specs -mfpu=fpv4-sp-d16 -mfloat-abi=hard -mthumb -o "Core/Src/main.o"
arm-none-eabi-gcc -o "jumpingLight.elf" @"objects.list"   -mcpu=cortex-m4 -T"C:\Users\Damian\STM32CubeIDE\workspace_1.18.0\jumpingLight\STM32L496ZGTX_FLASH.ld" --specs=nosys.specs -Wl,-Map="jumpingLight.map" -Wl,--gc-sections -static --specs=nano.specs -mfpu=fpv4-sp-d16 -mfloat-abi=hard -mthumb -Wl,--start-group -lc -lm -Wl,--end-group
Finished building target: jumpingLight.elf
 
arm-none-eabi-size  jumpingLight.elf 
arm-none-eabi-objdump -h -S jumpingLight.elf  > "jumpingLight.list"
   text	   data	    bss	    dec	    hex	filename
   6224	     76	   1572	   7872	   1ec0	jumpingLight.elf
Finished building: default.size.stdout
 
Finished building: jumpingLight.list
 
22:47:38 **** Incremental Build of configuration Debug for project jumpingLight ****
make -j12 all 
arm-none-eabi-size  jumpingLight.elf 
   text	   data	    bss	    dec	    hex	filename
   6224	     76	   1572	   7872	   1ec0	jumpingLight.elf
Finished building: default.size.stdout
 
23:36:57 **** Build of configuration Debug for project DisplayCounter ****
make -j12 all 
arm-none-eabi-gcc "../Drivers/STM32L4xx_HAL_Driver/Src/stm32l4xx_hal.c" -mcpu=cortex-m4 -std=gnu11 -g3 -DDEBUG -DUSE_HAL_DRIVER -DSTM32L496xx -c -I../Core/Inc -I../Drivers/STM32L4xx_HAL_Driver/Inc -I../Drivers/STM32L4xx_HAL_Driver/Inc/Legacy -I../Drivers/CMSIS/Device/ST/STM32L4xx/Include -I../Drivers/CMSIS/Include -O0 -ffunction-sections -fdata-sections -Wall -fstack-usage -fcyclomatic-complexity -MMD -MP -MF"Drivers/STM32L4xx_HAL_Driver/Src/stm32l4xx_hal.d" -MT"Drivers/STM32L4xx_HAL_Driver/Src/stm32l4xx_hal.o" --specs=nano.specs -mfpu=fpv4-sp-d16 -mfloat-abi=hard -mthumb -o "Drivers/STM32L4xx_HAL_Driver/Src/stm32l4xx_hal.o"
arm-none-eabi-gcc "../Drivers/STM32L4xx_HAL_Driver/Src/stm32l4xx_hal_cortex.c" -mcpu=cortex-m4 -std=gnu11 -g3 -DDEBUG -DUSE_HAL_DRIVER -DSTM32L496xx -c -I../Core/Inc -I../Drivers/STM32L4xx_HAL_Driver/Inc -I../Drivers/STM32L4xx_HAL_Driver/Inc/Legacy -I../Drivers/CMSIS/Device/ST/STM32L4xx/Include -I../Drivers/CMSIS/Include -O0 -ffunction-sections -fdata-sections -Wall -fstack-usage -fcyclomatic-complexity -MMD -MP -MF"Drivers/STM32L4xx_HAL_Driver/Src/stm32l4xx_hal_cortex.d" -MT"Drivers/STM32L4xx_HAL_Driver/Src/stm32l4xx_hal_cortex.o" --specs=nano.specs -mfpu=fpv4-sp-d16 -mfloat-abi=hard -mthumb -o "Drivers/STM32L4xx_HAL_Driver/Src/stm32l4xx_hal_cortex.o"
arm-none-eabi-gcc "../Drivers/STM32L4xx_HAL_Driver/Src/stm32l4xx_hal_dma.c" -mcpu=cortex-m4 -std=gnu11 -g3 -DDEBUG -DUSE_HAL_DRIVER -DSTM32L496xx -c -I../Core/Inc -I../Drivers/STM32L4xx_HAL_Driver/Inc -I../Drivers/STM32L4xx_HAL_Driver/Inc/Legacy -I../Drivers/CMSIS/Device/ST/STM32L4xx/Include -I../Drivers/CMSIS/Include -O0 -ffunction-sections -fdata-sections -Wall -fstack-usage -fcyclomatic-complexity -MMD -MP -MF"Drivers/STM32L4xx_HAL_Driver/Src/stm32l4xx_hal_dma.d" -MT"Drivers/STM32L4xx_HAL_Driver/Src/stm32l4xx_hal_dma.o" --specs=nano.specs -mfpu=fpv4-sp-d16 -mfloat-abi=hard -mthumb -o "Drivers/STM32L4xx_HAL_Driver/Src/stm32l4xx_hal_dma.o"
arm-none-eabi-gcc "../Drivers/STM32L4xx_HAL_Driver/Src/stm32l4xx_hal_dma_ex.c" -mcpu=cortex-m4 -std=gnu11 -g3 -DDEBUG -DUSE_HAL_DRIVER -DSTM32L496xx -c -I../Core/Inc -I../Drivers/STM32L4xx_HAL_Driver/Inc -I../Drivers/STM32L4xx_HAL_Driver/Inc/Legacy -I../Drivers/CMSIS/Device/ST/STM32L4xx/Include -I../Drivers/CMSIS/Include -O0 -ffunction-sections -fdata-sections -Wall -fstack-usage -fcyclomatic-complexity -MMD -MP -MF"Drivers/STM32L4xx_HAL_Driver/Src/stm32l4xx_hal_dma_ex.d" -MT"Drivers/STM32L4xx_HAL_Driver/Src/stm32l4xx_hal_dma_ex.o" --specs=nano.specs -mfpu=fpv4-sp-d16 -mfloat-abi=hard -mthumb -o "Drivers/STM32L4xx_HAL_Driver/Src/stm32l4xx_hal_dma_ex.o"
arm-none-eabi-gcc "../Drivers/STM32L4xx_HAL_Driver/Src/stm32l4xx_hal_exti.c" -mcpu=cortex-m4 -std=gnu11 -g3 -DDEBUG -DUSE_HAL_DRIVER -DSTM32L496xx -c -I../Core/Inc -I../Drivers/STM32L4xx_HAL_Driver/Inc -I../Drivers/STM32L4xx_HAL_Driver/Inc/Legacy -I../Drivers/CMSIS/Device/ST/STM32L4xx/Include -I../Drivers/CMSIS/Include -O0 -ffunction-sections -fdata-sections -Wall -fstack-usage -fcyclomatic-complexity -MMD -MP -MF"Drivers/STM32L4xx_HAL_Driver/Src/stm32l4xx_hal_exti.d" -MT"Drivers/STM32L4xx_HAL_Driver/Src/stm32l4xx_hal_exti.o" --specs=nano.specs -mfpu=fpv4-sp-d16 -mfloat-abi=hard -mthumb -o "Drivers/STM32L4xx_HAL_Driver/Src/stm32l4xx_hal_exti.o"
arm-none-eabi-gcc "../Drivers/STM32L4xx_HAL_Driver/Src/stm32l4xx_hal_flash.c" -mcpu=cortex-m4 -std=gnu11 -g3 -DDEBUG -DUSE_HAL_DRIVER -DSTM32L496xx -c -I../Core/Inc -I../Drivers/STM32L4xx_HAL_Driver/Inc -I../Drivers/STM32L4xx_HAL_Driver/Inc/Legacy -I../Drivers/CMSIS/Device/ST/STM32L4xx/Include -I../Drivers/CMSIS/Include -O0 -ffunction-sections -fdata-sections -Wall -fstack-usage -fcyclomatic-complexity -MMD -MP -MF"Drivers/STM32L4xx_HAL_Driver/Src/stm32l4xx_hal_flash.d" -MT"Drivers/STM32L4xx_HAL_Driver/Src/stm32l4xx_hal_flash.o" --specs=nano.specs -mfpu=fpv4-sp-d16 -mfloat-abi=hard -mthumb -o "Drivers/STM32L4xx_HAL_Driver/Src/stm32l4xx_hal_flash.o"
arm-none-eabi-gcc "../Drivers/STM32L4xx_HAL_Driver/Src/stm32l4xx_hal_flash_ex.c" -mcpu=cortex-m4 -std=gnu11 -g3 -DDEBUG -DUSE_HAL_DRIVER -DSTM32L496xx -c -I../Core/Inc -I../Drivers/STM32L4xx_HAL_Driver/Inc -I../Drivers/STM32L4xx_HAL_Driver/Inc/Legacy -I../Drivers/CMSIS/Device/ST/STM32L4xx/Include -I../Drivers/CMSIS/Include -O0 -ffunction-sections -fdata-sections -Wall -fstack-usage -fcyclomatic-complexity -MMD -MP -MF"Drivers/STM32L4xx_HAL_Driver/Src/stm32l4xx_hal_flash_ex.d" -MT"Drivers/STM32L4xx_HAL_Driver/Src/stm32l4xx_hal_flash_ex.o" --specs=nano.specs -mfpu=fpv4-sp-d16 -mfloat-abi=hard -mthumb -o "Drivers/STM32L4xx_HAL_Driver/Src/stm32l4xx_hal_flash_ex.o"
arm-none-eabi-gcc "../Drivers/STM32L4xx_HAL_Driver/Src/stm32l4xx_hal_flash_ramfunc.c" -mcpu=cortex-m4 -std=gnu11 -g3 -DDEBUG -DUSE_HAL_DRIVER -DSTM32L496xx -c -I../Core/Inc -I../Drivers/STM32L4xx_HAL_Driver/Inc -I../Drivers/STM32L4xx_HAL_Driver/Inc/Legacy -I../Drivers/CMSIS/Device/ST/STM32L4xx/Include -I../Drivers/CMSIS/Include -O0 -ffunction-sections -fdata-sections -Wall -fstack-usage -fcyclomatic-complexity -MMD -MP -MF"Drivers/STM32L4xx_HAL_Driver/Src/stm32l4xx_hal_flash_ramfunc.d" -MT"Drivers/STM32L4xx_HAL_Driver/Src/stm32l4xx_hal_flash_ramfunc.o" --specs=nano.specs -mfpu=fpv4-sp-d16 -mfloat-abi=hard -mthumb -o "Drivers/STM32L4xx_HAL_Driver/Src/stm32l4xx_hal_flash_ramfunc.o"
arm-none-eabi-gcc "../Drivers/STM32L4xx_HAL_Driver/Src/stm32l4xx_hal_gpio.c" -mcpu=cortex-m4 -std=gnu11 -g3 -DDEBUG -DUSE_HAL_DRIVER -DSTM32L496xx -c -I../Core/Inc -I../Drivers/STM32L4xx_HAL_Driver/Inc -I../Drivers/STM32L4xx_HAL_Driver/Inc/Legacy -I../Drivers/CMSIS/Device/ST/STM32L4xx/Include -I../Drivers/CMSIS/Include -O0 -ffunction-sections -fdata-sections -Wall -fstack-usage -fcyclomatic-complexity -MMD -MP -MF"Drivers/STM32L4xx_HAL_Driver/Src/stm32l4xx_hal_gpio.d" -MT"Drivers/STM32L4xx_HAL_Driver/Src/stm32l4xx_hal_gpio.o" --specs=nano.specs -mfpu=fpv4-sp-d16 -mfloat-abi=hard -mthumb -o "Drivers/STM32L4xx_HAL_Driver/Src/stm32l4xx_hal_gpio.o"
arm-none-eabi-gcc "../Drivers/STM32L4xx_HAL_Driver/Src/stm32l4xx_hal_i2c.c" -mcpu=cortex-m4 -std=gnu11 -g3 -DDEBUG -DUSE_HAL_DRIVER -DSTM32L496xx -c -I../Core/Inc -I../Drivers/STM32L4xx_HAL_Driver/Inc -I../Drivers/STM32L4xx_HAL_Driver/Inc/Legacy -I../Drivers/CMSIS/Device/ST/STM32L4xx/Include -I../Drivers/CMSIS/Include -O0 -ffunction-sections -fdata-sections -Wall -fstack-usage -fcyclomatic-complexity -MMD -MP -MF"Drivers/STM32L4xx_HAL_Driver/Src/stm32l4xx_hal_i2c.d" -MT"Drivers/STM32L4xx_HAL_Driver/Src/stm32l4xx_hal_i2c.o" --specs=nano.specs -mfpu=fpv4-sp-d16 -mfloat-abi=hard -mthumb -o "Drivers/STM32L4xx_HAL_Driver/Src/stm32l4xx_hal_i2c.o"
arm-none-eabi-gcc "../Drivers/STM32L4xx_HAL_Driver/Src/stm32l4xx_hal_i2c_ex.c" -mcpu=cortex-m4 -std=gnu11 -g3 -DDEBUG -DUSE_HAL_DRIVER -DSTM32L496xx -c -I../Core/Inc -I../Drivers/STM32L4xx_HAL_Driver/Inc -I../Drivers/STM32L4xx_HAL_Driver/Inc/Legacy -I../Drivers/CMSIS/Device/ST/STM32L4xx/Include -I../Drivers/CMSIS/Include -O0 -ffunction-sections -fdata-sections -Wall -fstack-usage -fcyclomatic-complexity -MMD -MP -MF"Drivers/STM32L4xx_HAL_Driver/Src/stm32l4xx_hal_i2c_ex.d" -MT"Drivers/STM32L4xx_HAL_Driver/Src/stm32l4xx_hal_i2c_ex.o" --specs=nano.specs -mfpu=fpv4-sp-d16 -mfloat-abi=hard -mthumb -o "Drivers/STM32L4xx_HAL_Driver/Src/stm32l4xx_hal_i2c_ex.o"
arm-none-eabi-gcc "../Drivers/STM32L4xx_HAL_Driver/Src/stm32l4xx_hal_pwr.c" -mcpu=cortex-m4 -std=gnu11 -g3 -DDEBUG -DUSE_HAL_DRIVER -DSTM32L496xx -c -I../Core/Inc -I../Drivers/STM32L4xx_HAL_Driver/Inc -I../Drivers/STM32L4xx_HAL_Driver/Inc/Legacy -I../Drivers/CMSIS/Device/ST/STM32L4xx/Include -I../Drivers/CMSIS/Include -O0 -ffunction-sections -fdata-sections -Wall -fstack-usage -fcyclomatic-complexity -MMD -MP -MF"Drivers/STM32L4xx_HAL_Driver/Src/stm32l4xx_hal_pwr.d" -MT"Drivers/STM32L4xx_HAL_Driver/Src/stm32l4xx_hal_pwr.o" --specs=nano.specs -mfpu=fpv4-sp-d16 -mfloat-abi=hard -mthumb -o "Drivers/STM32L4xx_HAL_Driver/Src/stm32l4xx_hal_pwr.o"
arm-none-eabi-gcc "../Drivers/STM32L4xx_HAL_Driver/Src/stm32l4xx_hal_pwr_ex.c" -mcpu=cortex-m4 -std=gnu11 -g3 -DDEBUG -DUSE_HAL_DRIVER -DSTM32L496xx -c -I../Core/Inc -I../Drivers/STM32L4xx_HAL_Driver/Inc -I../Drivers/STM32L4xx_HAL_Driver/Inc/Legacy -I../Drivers/CMSIS/Device/ST/STM32L4xx/Include -I../Drivers/CMSIS/Include -O0 -ffunction-sections -fdata-sections -Wall -fstack-usage -fcyclomatic-complexity -MMD -MP -MF"Drivers/STM32L4xx_HAL_Driver/Src/stm32l4xx_hal_pwr_ex.d" -MT"Drivers/STM32L4xx_HAL_Driver/Src/stm32l4xx_hal_pwr_ex.o" --specs=nano.specs -mfpu=fpv4-sp-d16 -mfloat-abi=hard -mthumb -o "Drivers/STM32L4xx_HAL_Driver/Src/stm32l4xx_hal_pwr_ex.o"
arm-none-eabi-gcc "../Drivers/STM32L4xx_HAL_Driver/Src/stm32l4xx_hal_rcc.c" -mcpu=cortex-m4 -std=gnu11 -g3 -DDEBUG -DUSE_HAL_DRIVER -DSTM32L496xx -c -I../Core/Inc -I../Drivers/STM32L4xx_HAL_Driver/Inc -I../Drivers/STM32L4xx_HAL_Driver/Inc/Legacy -I../Drivers/CMSIS/Device/ST/STM32L4xx/Include -I../Drivers/CMSIS/Include -O0 -ffunction-sections -fdata-sections -Wall -fstack-usage -fcyclomatic-complexity -MMD -MP -MF"Drivers/STM32L4xx_HAL_Driver/Src/stm32l4xx_hal_rcc.d" -MT"Drivers/STM32L4xx_HAL_Driver/Src/stm32l4xx_hal_rcc.o" --specs=nano.specs -mfpu=fpv4-sp-d16 -mfloat-abi=hard -mthumb -o "Drivers/STM32L4xx_HAL_Driver/Src/stm32l4xx_hal_rcc.o"
arm-none-eabi-gcc "../Drivers/STM32L4xx_HAL_Driver/Src/stm32l4xx_hal_rcc_ex.c" -mcpu=cortex-m4 -std=gnu11 -g3 -DDEBUG -DUSE_HAL_DRIVER -DSTM32L496xx -c -I../Core/Inc -I../Drivers/STM32L4xx_HAL_Driver/Inc -I../Drivers/STM32L4xx_HAL_Driver/Inc/Legacy -I../Drivers/CMSIS/Device/ST/STM32L4xx/Include -I../Drivers/CMSIS/Include -O0 -ffunction-sections -fdata-sections -Wall -fstack-usage -fcyclomatic-complexity -MMD -MP -MF"Drivers/STM32L4xx_HAL_Driver/Src/stm32l4xx_hal_rcc_ex.d" -MT"Drivers/STM32L4xx_HAL_Driver/Src/stm32l4xx_hal_rcc_ex.o" --specs=nano.specs -mfpu=fpv4-sp-d16 -mfloat-abi=hard -mthumb -o "Drivers/STM32L4xx_HAL_Driver/Src/stm32l4xx_hal_rcc_ex.o"
arm-none-eabi-gcc -mcpu=cortex-m4 -g3 -DDEBUG -c -x assembler-with-cpp -MMD -MP -MF"Core/Startup/startup_stm32l496zgtx.d" -MT"Core/Startup/startup_stm32l496zgtx.o" --specs=nano.specs -mfpu=fpv4-sp-d16 -mfloat-abi=hard -mthumb -o "Core/Startup/startup_stm32l496zgtx.o" "../Core/Startup/startup_stm32l496zgtx.s"
arm-none-eabi-gcc "../Core/Src/main.c" -mcpu=cortex-m4 -std=gnu11 -g3 -DDEBUG -DUSE_HAL_DRIVER -DSTM32L496xx -c -I../Core/Inc -I../Drivers/STM32L4xx_HAL_Driver/Inc -I../Drivers/STM32L4xx_HAL_Driver/Inc/Legacy -I../Drivers/CMSIS/Device/ST/STM32L4xx/Include -I../Drivers/CMSIS/Include -O0 -ffunction-sections -fdata-sections -Wall -fstack-usage -fcyclomatic-complexity -MMD -MP -MF"Core/Src/main.d" -MT"Core/Src/main.o" --specs=nano.specs -mfpu=fpv4-sp-d16 -mfloat-abi=hard -mthumb -o "Core/Src/main.o"
arm-none-eabi-gcc "../Core/Src/stm32l4xx_hal_msp.c" -mcpu=cortex-m4 -std=gnu11 -g3 -DDEBUG -DUSE_HAL_DRIVER -DSTM32L496xx -c -I../Core/Inc -I../Drivers/STM32L4xx_HAL_Driver/Inc -I../Drivers/STM32L4xx_HAL_Driver/Inc/Legacy -I../Drivers/CMSIS/Device/ST/STM32L4xx/Include -I../Drivers/CMSIS/Include -O0 -ffunction-sections -fdata-sections -Wall -fstack-usage -fcyclomatic-complexity -MMD -MP -MF"Core/Src/stm32l4xx_hal_msp.d" -MT"Core/Src/stm32l4xx_hal_msp.o" --specs=nano.specs -mfpu=fpv4-sp-d16 -mfloat-abi=hard -mthumb -o "Core/Src/stm32l4xx_hal_msp.o"
arm-none-eabi-gcc "../Core/Src/stm32l4xx_it.c" -mcpu=cortex-m4 -std=gnu11 -g3 -DDEBUG -DUSE_HAL_DRIVER -DSTM32L496xx -c -I../Core/Inc -I../Drivers/STM32L4xx_HAL_Driver/Inc -I../Drivers/STM32L4xx_HAL_Driver/Inc/Legacy -I../Drivers/CMSIS/Device/ST/STM32L4xx/Include -I../Drivers/CMSIS/Include -O0 -ffunction-sections -fdata-sections -Wall -fstack-usage -fcyclomatic-complexity -MMD -MP -MF"Core/Src/stm32l4xx_it.d" -MT"Core/Src/stm32l4xx_it.o" --specs=nano.specs -mfpu=fpv4-sp-d16 -mfloat-abi=hard -mthumb -o "Core/Src/stm32l4xx_it.o"
arm-none-eabi-gcc "../Core/Src/syscalls.c" -mcpu=cortex-m4 -std=gnu11 -g3 -DDEBUG -DUSE_HAL_DRIVER -DSTM32L496xx -c -I../Core/Inc -I../Drivers/STM32L4xx_HAL_Driver/Inc -I../Drivers/STM32L4xx_HAL_Driver/Inc/Legacy -I../Drivers/CMSIS/Device/ST/STM32L4xx/Include -I../Drivers/CMSIS/Include -O0 -ffunction-sections -fdata-sections -Wall -fstack-usage -fcyclomatic-complexity -MMD -MP -MF"Core/Src/syscalls.d" -MT"Core/Src/syscalls.o" --specs=nano.specs -mfpu=fpv4-sp-d16 -mfloat-abi=hard -mthumb -o "Core/Src/syscalls.o"
arm-none-eabi-gcc "../Core/Src/sysmem.c" -mcpu=cortex-m4 -std=gnu11 -g3 -DDEBUG -DUSE_HAL_DRIVER -DSTM32L496xx -c -I../Core/Inc -I../Drivers/STM32L4xx_HAL_Driver/Inc -I../Drivers/STM32L4xx_HAL_Driver/Inc/Legacy -I../Drivers/CMSIS/Device/ST/STM32L4xx/Include -I../Drivers/CMSIS/Include -O0 -ffunction-sections -fdata-sections -Wall -fstack-usage -fcyclomatic-complexity -MMD -MP -MF"Core/Src/sysmem.d" -MT"Core/Src/sysmem.o" --specs=nano.specs -mfpu=fpv4-sp-d16 -mfloat-abi=hard -mthumb -o "Core/Src/sysmem.o"
arm-none-eabi-gcc "../Core/Src/system_stm32l4xx.c" -mcpu=cortex-m4 -std=gnu11 -g3 -DDEBUG -DUSE_HAL_DRIVER -DSTM32L496xx -c -I../Core/Inc -I../Drivers/STM32L4xx_HAL_Driver/Inc -I../Drivers/STM32L4xx_HAL_Driver/Inc/Legacy -I../Drivers/CMSIS/Device/ST/STM32L4xx/Include -I../Drivers/CMSIS/Include -O0 -ffunction-sections -fdata-sections -Wall -fstack-usage -fcyclomatic-complexity -MMD -MP -MF"Core/Src/system_stm32l4xx.d" -MT"Core/Src/system_stm32l4xx.o" --specs=nano.specs -mfpu=fpv4-sp-d16 -mfloat-abi=hard -mthumb -o "Core/Src/system_stm32l4xx.o"
../Core/Src/main.c:94:1: error: expected ',' or ';' before 'int'
   94 | int main(void)
      | ^~~
../Core/Src/main.c:187:1: error: expected identifier or '(' before '}' token
  187 | }
      | ^
../Core/Src/main.c: In function 'initializationOfJoystick':
../Core/Src/main.c:191:29: error: 'DIODES_PORTS' undeclared (first use in this function)
  191 |         initliazePinToInput(DIODES_PORTS[i], JOYSTICK_PORT);
      |                             ^~~~~~~~~~~~
../Core/Src/main.c:191:29: note: each undeclared identifier is reported only once for each function it appears in
../Core/Src/main.c:191:42: error: 'i' undeclared (first use in this function)
  191 |         initliazePinToInput(DIODES_PORTS[i], JOYSTICK_PORT);
      |                                          ^
In file included from ../Drivers/CMSIS/Device/ST/STM32L4xx/Include/stm32l4xx.h:155,
                 from ../Drivers/STM32L4xx_HAL_Driver/Inc/stm32l4xx_hal_def.h:29,
                 from ../Drivers/STM32L4xx_HAL_Driver/Inc/stm32l4xx_hal_rcc.h:27,
                 from ../Core/Inc/stm32l4xx_hal_conf.h:258,
                 from ../Drivers/STM32L4xx_HAL_Driver/Inc/stm32l4xx_hal.h:29,
                 from ../Core/Inc/main.h:30,
                 from ../Core/Src/main.c:22:
../Drivers/CMSIS/Device/ST/STM32L4xx/Include/stm32l496xx.h:1491:29: warning: passing argument 2 of 'initliazePinToInput' makes integer from pointer without a cast [-Wint-conversion]
 1491 | #define GPIOE               ((GPIO_TypeDef *) GPIOE_BASE)
      |                             ^~~~~~~~~~~~~~~~~~~~~~~~~~~~~
      |                             |
      |                             GPIO_TypeDef *
../Core/Src/main.c:56:23: note: in expansion of macro 'GPIOE'
   56 | #define JOYSTICK_PORT GPIOE
      |                       ^~~~~
../Core/Src/main.c:191:46: note: in expansion of macro 'JOYSTICK_PORT'
  191 |         initliazePinToInput(DIODES_PORTS[i], JOYSTICK_PORT);
      |                                              ^~~~~~~~~~~~~
../Core/Src/main.c:81:50: note: expected 'int' but argument is of type 'GPIO_TypeDef *'
   81 | void initliazePinToInput(GPIO_TypeDef *port, int pin);
      |                                              ~~~~^~~
make: *** [Core/Src/subdir.mk:34: Core/Src/main.o] Error 1
make: *** Waiting for unfinished jobs....
"make -j12 all" terminated with exit code 2. Build might be incomplete.
23:37:01 **** Build of configuration Debug for project jumpingLight ****
make -j12 all 
arm-none-eabi-gcc "../Core/Src/main.c" -mcpu=cortex-m4 -std=gnu11 -g3 -DDEBUG -DUSE_HAL_DRIVER -DSTM32L496xx -c -I../Core/Inc -I../Drivers/STM32L4xx_HAL_Driver/Inc -I../Drivers/STM32L4xx_HAL_Driver/Inc/Legacy -I../Drivers/CMSIS/Device/ST/STM32L4xx/Include -I../Drivers/CMSIS/Include -O0 -ffunction-sections -fdata-sections -Wall -fstack-usage -fcyclomatic-complexity -MMD -MP -MF"Core/Src/main.d" -MT"Core/Src/main.o" --specs=nano.specs -mfpu=fpv4-sp-d16 -mfloat-abi=hard -mthumb -o "Core/Src/main.o"
../Core/Src/main.c: In function 'main':
../Core/Src/main.c:137:3: warning: implicit declaration of function 'initializeClocks' [-Wimplicit-function-declaration]
  137 |   initializeClocks();
      |   ^~~~~~~~~~~~~~~~
../Core/Src/main.c:152:43: error: 'INTERVAL' undeclared (first use in this function)
  152 |           if (HAL_GetTick() - lastTick >= INTERVAL) {
      |                                           ^~~~~~~~
../Core/Src/main.c:152:43: note: each undeclared identifier is reported only once for each function it appears in
../Core/Src/main.c:153:33: error: 'READINGS_PER_DIODE_SWAP' undeclared (first use in this function)
  153 |                   if(counter == READINGS_PER_DIODE_SWAP){
      |                                 ^~~~~~~~~~~~~~~~~~~~~~~
../Core/Src/main.c: In function 'controlJoystick':
../Core/Src/main.c:219:67: error: 'JOYSTICK_LEFT_PORT' undeclared (first use in this function); did you mean 'JOYSTICK_LEFT_PIN'?
  219 |     HAL_GPIO_WritePin(LED_RED_PORT, LED_RED_PIN, HAL_GPIO_ReadPin(JOYSTICK_LEFT_PORT, JOYSTICK_LEFT_PIN));
      |                                                                   ^~~~~~~~~~~~~~~~~~
      |                                                                   JOYSTICK_LEFT_PIN
../Core/Src/main.c:220:71: error: 'JOYSTICK_DOWN_PORT' undeclared (first use in this function); did you mean 'JOYSTICK_DOWN_PIN'?
  220 |     HAL_GPIO_WritePin(LED_GREEN_PORT, LED_GREEN_PIN, HAL_GPIO_ReadPin(JOYSTICK_DOWN_PORT, JOYSTICK_DOWN_PIN));
      |                                                                       ^~~~~~~~~~~~~~~~~~
      |                                                                       JOYSTICK_DOWN_PIN
../Core/Src/main.c:221:69: error: 'JOYSTICK_RIGHT_PORT' undeclared (first use in this function); did you mean 'JOYSTICK_RIGHT_PIN'?
  221 |     HAL_GPIO_WritePin(LED_BLUE_PORT, LED_BLUE_PIN, HAL_GPIO_ReadPin(JOYSTICK_RIGHT_PORT, JOYSTICK_RIGHT_PIN));
      |                                                                     ^~~~~~~~~~~~~~~~~~~
      |                                                                     JOYSTICK_RIGHT_PIN
../Core/Src/main.c:224:26: error: 'JOYSTICK_PUSHED_PORT' undeclared (first use in this function); did you mean 'JOYSTICK_PUSHED_PIN'?
  224 |     if (HAL_GPIO_ReadPin(JOYSTICK_PUSHED_PORT, JOYSTICK_PUSHED_PIN) == GPIO_PIN_SET) {
      |                          ^~~~~~~~~~~~~~~~~~~~
      |                          JOYSTICK_PUSHED_PIN
../Core/Src/main.c: At top level:
../Core/Src/main.c:230:6: warning: conflicting types for 'initializeClocks'; have 'void(void)'
  230 | void initializeClocks(void){
      |      ^~~~~~~~~~~~~~~~
../Core/Src/main.c:137:3: note: previous implicit declaration of 'initializeClocks' with type 'void(void)'
  137 |   initializeClocks();
      |   ^~~~~~~~~~~~~~~~
../Core/Src/main.c: In function 'initializationOfJoystick':
../Core/Src/main.c:246:17: warning: implicit declaration of function 'initliazePinToInput'; did you mean 'initliazePinToOutput'? [-Wimplicit-function-declaration]
  246 |                 initliazePinToInput(JOYSTICK_PORT, JOYSTICK_PORT);
      |                 ^~~~~~~~~~~~~~~~~~~
      |                 initliazePinToOutput
../Core/Src/main.c: At top level:
../Core/Src/main.c:263:6: warning: conflicting types for 'initliazePinToInput'; have 'void(GPIO_TypeDef *, int)'
  263 | void initliazePinToInput(GPIO_TypeDef *port, int pin){
      |      ^~~~~~~~~~~~~~~~~~~
../Core/Src/main.c:246:17: note: previous implicit declaration of 'initliazePinToInput' with type 'void(GPIO_TypeDef *, int)'
  246 |                 initliazePinToInput(JOYSTICK_PORT, JOYSTICK_PORT);
      |                 ^~~~~~~~~~~~~~~~~~~
make: *** [Core/Src/subdir.mk:34: Core/Src/main.o] Error 1
"make -j12 all" terminated with exit code 2. Build might be incomplete.
23:37:17 **** Incremental Build of configuration Debug for project DisplayCounter ****
make -j12 all 
arm-none-eabi-gcc "../Core/Src/main.c" -mcpu=cortex-m4 -std=gnu11 -g3 -DDEBUG -DUSE_HAL_DRIVER -DSTM32L496xx -c -I../Core/Inc -I../Drivers/STM32L4xx_HAL_Driver/Inc -I../Drivers/STM32L4xx_HAL_Driver/Inc/Legacy -I../Drivers/CMSIS/Device/ST/STM32L4xx/Include -I../Drivers/CMSIS/Include -O0 -ffunction-sections -fdata-sections -Wall -fstack-usage -fcyclomatic-complexity -MMD -MP -MF"Core/Src/main.d" -MT"Core/Src/main.o" --specs=nano.specs -mfpu=fpv4-sp-d16 -mfloat-abi=hard -mthumb -o "Core/Src/main.o"
../Core/Src/main.c:94:1: error: expected ',' or ';' before 'int'
   94 | int main(void)
      | ^~~
../Core/Src/main.c:187:1: error: expected identifier or '(' before '}' token
  187 | }
      | ^
../Core/Src/main.c: In function 'initializationOfJoystick':
../Core/Src/main.c:191:29: error: 'DIODES_PORTS' undeclared (first use in this function)
  191 |         initliazePinToInput(DIODES_PORTS[i], JOYSTICK_PORT);
      |                             ^~~~~~~~~~~~
../Core/Src/main.c:191:29: note: each undeclared identifier is reported only once for each function it appears in
../Core/Src/main.c:191:42: error: 'i' undeclared (first use in this function)
  191 |         initliazePinToInput(DIODES_PORTS[i], JOYSTICK_PORT);
      |                                          ^
In file included from ../Drivers/CMSIS/Device/ST/STM32L4xx/Include/stm32l4xx.h:155,
                 from ../Drivers/STM32L4xx_HAL_Driver/Inc/stm32l4xx_hal_def.h:29,
                 from ../Drivers/STM32L4xx_HAL_Driver/Inc/stm32l4xx_hal_rcc.h:27,
                 from ../Core/Inc/stm32l4xx_hal_conf.h:258,
                 from ../Drivers/STM32L4xx_HAL_Driver/Inc/stm32l4xx_hal.h:29,
                 from ../Core/Inc/main.h:30,
                 from ../Core/Src/main.c:22:
../Drivers/CMSIS/Device/ST/STM32L4xx/Include/stm32l496xx.h:1491:29: warning: passing argument 2 of 'initliazePinToInput' makes integer from pointer without a cast [-Wint-conversion]
 1491 | #define GPIOE               ((GPIO_TypeDef *) GPIOE_BASE)
      |                             ^~~~~~~~~~~~~~~~~~~~~~~~~~~~~
      |                             |
      |                             GPIO_TypeDef *
../Core/Src/main.c:56:23: note: in expansion of macro 'GPIOE'
   56 | #define JOYSTICK_PORT GPIOE
      |                       ^~~~~
../Core/Src/main.c:191:46: note: in expansion of macro 'JOYSTICK_PORT'
  191 |         initliazePinToInput(DIODES_PORTS[i], JOYSTICK_PORT);
      |                                              ^~~~~~~~~~~~~
../Core/Src/main.c:81:50: note: expected 'int' but argument is of type 'GPIO_TypeDef *'
   81 | void initliazePinToInput(GPIO_TypeDef *port, int pin);
      |                                              ~~~~^~~
make: *** [Core/Src/subdir.mk:34: Core/Src/main.o] Error 1
"make -j12 all" terminated with exit code 2. Build might be incomplete.
23:37:18 **** Incremental Build of configuration Debug for project jumpingLight ****
make -j12 all 
arm-none-eabi-gcc "../Core/Src/main.c" -mcpu=cortex-m4 -std=gnu11 -g3 -DDEBUG -DUSE_HAL_DRIVER -DSTM32L496xx -c -I../Core/Inc -I../Drivers/STM32L4xx_HAL_Driver/Inc -I../Drivers/STM32L4xx_HAL_Driver/Inc/Legacy -I../Drivers/CMSIS/Device/ST/STM32L4xx/Include -I../Drivers/CMSIS/Include -O0 -ffunction-sections -fdata-sections -Wall -fstack-usage -fcyclomatic-complexity -MMD -MP -MF"Core/Src/main.d" -MT"Core/Src/main.o" --specs=nano.specs -mfpu=fpv4-sp-d16 -mfloat-abi=hard -mthumb -o "Core/Src/main.o"
../Core/Src/main.c: In function 'main':
../Core/Src/main.c:137:3: warning: implicit declaration of function 'initializeClocks' [-Wimplicit-function-declaration]
  137 |   initializeClocks();
      |   ^~~~~~~~~~~~~~~~
../Core/Src/main.c:152:43: error: 'INTERVAL' undeclared (first use in this function)
  152 |           if (HAL_GetTick() - lastTick >= INTERVAL) {
      |                                           ^~~~~~~~
../Core/Src/main.c:152:43: note: each undeclared identifier is reported only once for each function it appears in
../Core/Src/main.c:153:33: error: 'READINGS_PER_DIODE_SWAP' undeclared (first use in this function)
  153 |                   if(counter == READINGS_PER_DIODE_SWAP){
      |                                 ^~~~~~~~~~~~~~~~~~~~~~~
../Core/Src/main.c: In function 'controlJoystick':
../Core/Src/main.c:219:67: error: 'JOYSTICK_LEFT_PORT' undeclared (first use in this function); did you mean 'JOYSTICK_LEFT_PIN'?
  219 |     HAL_GPIO_WritePin(LED_RED_PORT, LED_RED_PIN, HAL_GPIO_ReadPin(JOYSTICK_LEFT_PORT, JOYSTICK_LEFT_PIN));
      |                                                                   ^~~~~~~~~~~~~~~~~~
      |                                                                   JOYSTICK_LEFT_PIN
../Core/Src/main.c:220:71: error: 'JOYSTICK_DOWN_PORT' undeclared (first use in this function); did you mean 'JOYSTICK_DOWN_PIN'?
  220 |     HAL_GPIO_WritePin(LED_GREEN_PORT, LED_GREEN_PIN, HAL_GPIO_ReadPin(JOYSTICK_DOWN_PORT, JOYSTICK_DOWN_PIN));
      |                                                                       ^~~~~~~~~~~~~~~~~~
      |                                                                       JOYSTICK_DOWN_PIN
../Core/Src/main.c:221:69: error: 'JOYSTICK_RIGHT_PORT' undeclared (first use in this function); did you mean 'JOYSTICK_RIGHT_PIN'?
  221 |     HAL_GPIO_WritePin(LED_BLUE_PORT, LED_BLUE_PIN, HAL_GPIO_ReadPin(JOYSTICK_RIGHT_PORT, JOYSTICK_RIGHT_PIN));
      |                                                                     ^~~~~~~~~~~~~~~~~~~
      |                                                                     JOYSTICK_RIGHT_PIN
../Core/Src/main.c:224:26: error: 'JOYSTICK_PUSHED_PORT' undeclared (first use in this function); did you mean 'JOYSTICK_PUSHED_PIN'?
  224 |     if (HAL_GPIO_ReadPin(JOYSTICK_PUSHED_PORT, JOYSTICK_PUSHED_PIN) == GPIO_PIN_SET) {
      |                          ^~~~~~~~~~~~~~~~~~~~
      |                          JOYSTICK_PUSHED_PIN
../Core/Src/main.c: At top level:
../Core/Src/main.c:230:6: warning: conflicting types for 'initializeClocks'; have 'void(void)'
  230 | void initializeClocks(void){
      |      ^~~~~~~~~~~~~~~~
../Core/Src/main.c:137:3: note: previous implicit declaration of 'initializeClocks' with type 'void(void)'
  137 |   initializeClocks();
      |   ^~~~~~~~~~~~~~~~
../Core/Src/main.c: In function 'initializationOfJoystick':
../Core/Src/main.c:246:17: warning: implicit declaration of function 'initliazePinToInput'; did you mean 'initliazePinToOutput'? [-Wimplicit-function-declaration]
  246 |                 initliazePinToInput(JOYSTICK_PORT, JOYSTICK_PORT);
      |                 ^~~~~~~~~~~~~~~~~~~
      |                 initliazePinToOutput
../Core/Src/main.c: At top level:
../Core/Src/main.c:263:6: warning: conflicting types for 'initliazePinToInput'; have 'void(GPIO_TypeDef *, int)'
  263 | void initliazePinToInput(GPIO_TypeDef *port, int pin){
      |      ^~~~~~~~~~~~~~~~~~~
../Core/Src/main.c:246:17: note: previous implicit declaration of 'initliazePinToInput' with type 'void(GPIO_TypeDef *, int)'
  246 |                 initliazePinToInput(JOYSTICK_PORT, JOYSTICK_PORT);
      |                 ^~~~~~~~~~~~~~~~~~~
make: *** [Core/Src/subdir.mk:34: Core/Src/main.o] Error 1
"make -j12 all" terminated with exit code 2. Build might be incomplete.
23:39:01 **** Incremental Build of configuration Debug for project DisplayCounter ****
make -j12 all 
arm-none-eabi-gcc "../Core/Src/main.c" -mcpu=cortex-m4 -std=gnu11 -g3 -DDEBUG -DUSE_HAL_DRIVER -DSTM32L496xx -c -I../Core/Inc -I../Drivers/STM32L4xx_HAL_Driver/Inc -I../Drivers/STM32L4xx_HAL_Driver/Inc/Legacy -I../Drivers/CMSIS/Device/ST/STM32L4xx/Include -I../Drivers/CMSIS/Include -O0 -ffunction-sections -fdata-sections -Wall -fstack-usage -fcyclomatic-complexity -MMD -MP -MF"Core/Src/main.d" -MT"Core/Src/main.o" --specs=nano.specs -mfpu=fpv4-sp-d16 -mfloat-abi=hard -mthumb -o "Core/Src/main.o"
../Core/Src/main.c: In function 'main':
../Core/Src/main.c:117:3: warning: implicit declaration of function 'initializeClocks' [-Wimplicit-function-declaration]
  117 |   initializeClocks();
      |   ^~~~~~~~~~~~~~~~
../Core/Src/main.c:118:3: warning: implicit declaration of function 'initializationOf7SegmentDisplay'; did you mean 'initializationOfSegments'? [-Wimplicit-function-declaration]
  118 |   initializationOf7SegmentDisplay();
      |   ^~~~~~~~~~~~~~~~~~~~~~~~~~~~~~~
      |   initializationOfSegments
../Core/Src/main.c: At top level:
../Core/Src/main.c:181:6: warning: conflicting types for 'initializeClocks'; have 'void(void)'
  181 | void initializeClocks(void){
      |      ^~~~~~~~~~~~~~~~
../Core/Src/main.c:117:3: note: previous implicit declaration of 'initializeClocks' with type 'void(void)'
  117 |   initializeClocks();
      |   ^~~~~~~~~~~~~~~~
../Core/Src/main.c:187:1: error: expected identifier or '(' before '}' token
  187 | }
      | ^
In file included from ../Core/Inc/stm32l4xx_hal_conf.h:262,
                 from ../Drivers/STM32L4xx_HAL_Driver/Inc/stm32l4xx_hal.h:29,
                 from ../Core/Inc/main.h:30,
                 from ../Core/Src/main.c:22:
../Core/Src/main.c: In function 'initializationOfJoystick':
../Drivers/STM32L4xx_HAL_Driver/Inc/stm32l4xx_hal_gpio.h:98:36: warning: passing argument 1 of 'initliazePinToInput' makes pointer from integer without a cast [-Wint-conversion]
   98 | #define GPIO_PIN_15                ((uint16_t)0x8000)  /* Pin 15 selected   */
      |                                    ^~~~~~~~~~~~~~~~~~
      |                                    |
      |                                    short unsigned int
../Core/Src/main.c:54:29: note: in expansion of macro 'GPIO_PIN_15'
   54 | #define JOYSTICK_PUSHED_PIN GPIO_PIN_15
      |                             ^~~~~~~~~~~
../Core/Src/main.c:191:29: note: in expansion of macro 'JOYSTICK_PUSHED_PIN'
  191 |         initliazePinToInput(JOYSTICK_PUSHED_PIN, JOYSTICK_PORT);
      |                             ^~~~~~~~~~~~~~~~~~~
../Core/Src/main.c:81:40: note: expected 'GPIO_TypeDef *' but argument is of type 'short unsigned int'
   81 | void initliazePinToInput(GPIO_TypeDef *port, int pin);
      |                          ~~~~~~~~~~~~~~^~~~
In file included from ../Drivers/CMSIS/Device/ST/STM32L4xx/Include/stm32l4xx.h:155,
                 from ../Drivers/STM32L4xx_HAL_Driver/Inc/stm32l4xx_hal_def.h:29,
                 from ../Drivers/STM32L4xx_HAL_Driver/Inc/stm32l4xx_hal_rcc.h:27,
                 from ../Core/Inc/stm32l4xx_hal_conf.h:258:
../Drivers/CMSIS/Device/ST/STM32L4xx/Include/stm32l496xx.h:1491:29: warning: passing argument 2 of 'initliazePinToInput' makes integer from pointer without a cast [-Wint-conversion]
 1491 | #define GPIOE               ((GPIO_TypeDef *) GPIOE_BASE)
      |                             ^~~~~~~~~~~~~~~~~~~~~~~~~~~~~
      |                             |
      |                             GPIO_TypeDef *
../Core/Src/main.c:56:23: note: in expansion of macro 'GPIOE'
   56 | #define JOYSTICK_PORT GPIOE
      |                       ^~~~~
../Core/Src/main.c:191:50: note: in expansion of macro 'JOYSTICK_PORT'
  191 |         initliazePinToInput(JOYSTICK_PUSHED_PIN, JOYSTICK_PORT);
      |                                                  ^~~~~~~~~~~~~
../Core/Src/main.c:81:50: note: expected 'int' but argument is of type 'GPIO_TypeDef *'
   81 | void initliazePinToInput(GPIO_TypeDef *port, int pin);
      |                                              ~~~~^~~
make: *** [Core/Src/subdir.mk:34: Core/Src/main.o] Error 1
"make -j12 all" terminated with exit code 2. Build might be incomplete.
23:39:01 **** Incremental Build of configuration Debug for project jumpingLight ****
make -j12 all 
arm-none-eabi-gcc "../Core/Src/main.c" -mcpu=cortex-m4 -std=gnu11 -g3 -DDEBUG -DUSE_HAL_DRIVER -DSTM32L496xx -c -I../Core/Inc -I../Drivers/STM32L4xx_HAL_Driver/Inc -I../Drivers/STM32L4xx_HAL_Driver/Inc/Legacy -I../Drivers/CMSIS/Device/ST/STM32L4xx/Include -I../Drivers/CMSIS/Include -O0 -ffunction-sections -fdata-sections -Wall -fstack-usage -fcyclomatic-complexity -MMD -MP -MF"Core/Src/main.d" -MT"Core/Src/main.o" --specs=nano.specs -mfpu=fpv4-sp-d16 -mfloat-abi=hard -mthumb -o "Core/Src/main.o"
../Core/Src/main.c: In function 'main':
../Core/Src/main.c:137:3: warning: implicit declaration of function 'initializeClocks' [-Wimplicit-function-declaration]
  137 |   initializeClocks();
      |   ^~~~~~~~~~~~~~~~
../Core/Src/main.c:152:43: error: 'INTERVAL' undeclared (first use in this function)
  152 |           if (HAL_GetTick() - lastTick >= INTERVAL) {
      |                                           ^~~~~~~~
../Core/Src/main.c:152:43: note: each undeclared identifier is reported only once for each function it appears in
../Core/Src/main.c:153:33: error: 'READINGS_PER_DIODE_SWAP' undeclared (first use in this function)
  153 |                   if(counter == READINGS_PER_DIODE_SWAP){
      |                                 ^~~~~~~~~~~~~~~~~~~~~~~
../Core/Src/main.c: In function 'controlJoystick':
../Core/Src/main.c:219:67: error: 'JOYSTICK_LEFT_PORT' undeclared (first use in this function); did you mean 'JOYSTICK_LEFT_PIN'?
  219 |     HAL_GPIO_WritePin(LED_RED_PORT, LED_RED_PIN, HAL_GPIO_ReadPin(JOYSTICK_LEFT_PORT, JOYSTICK_LEFT_PIN));
      |                                                                   ^~~~~~~~~~~~~~~~~~
      |                                                                   JOYSTICK_LEFT_PIN
../Core/Src/main.c:220:71: error: 'JOYSTICK_DOWN_PORT' undeclared (first use in this function); did you mean 'JOYSTICK_DOWN_PIN'?
  220 |     HAL_GPIO_WritePin(LED_GREEN_PORT, LED_GREEN_PIN, HAL_GPIO_ReadPin(JOYSTICK_DOWN_PORT, JOYSTICK_DOWN_PIN));
      |                                                                       ^~~~~~~~~~~~~~~~~~
      |                                                                       JOYSTICK_DOWN_PIN
../Core/Src/main.c:221:69: error: 'JOYSTICK_RIGHT_PORT' undeclared (first use in this function); did you mean 'JOYSTICK_RIGHT_PIN'?
  221 |     HAL_GPIO_WritePin(LED_BLUE_PORT, LED_BLUE_PIN, HAL_GPIO_ReadPin(JOYSTICK_RIGHT_PORT, JOYSTICK_RIGHT_PIN));
      |                                                                     ^~~~~~~~~~~~~~~~~~~
      |                                                                     JOYSTICK_RIGHT_PIN
../Core/Src/main.c:224:26: error: 'JOYSTICK_PUSHED_PORT' undeclared (first use in this function); did you mean 'JOYSTICK_PUSHED_PIN'?
  224 |     if (HAL_GPIO_ReadPin(JOYSTICK_PUSHED_PORT, JOYSTICK_PUSHED_PIN) == GPIO_PIN_SET) {
      |                          ^~~~~~~~~~~~~~~~~~~~
      |                          JOYSTICK_PUSHED_PIN
../Core/Src/main.c: At top level:
../Core/Src/main.c:230:6: warning: conflicting types for 'initializeClocks'; have 'void(void)'
  230 | void initializeClocks(void){
      |      ^~~~~~~~~~~~~~~~
../Core/Src/main.c:137:3: note: previous implicit declaration of 'initializeClocks' with type 'void(void)'
  137 |   initializeClocks();
      |   ^~~~~~~~~~~~~~~~
../Core/Src/main.c: In function 'initializationOfJoystick':
../Core/Src/main.c:246:17: warning: implicit declaration of function 'initliazePinToInput'; did you mean 'initliazePinToOutput'? [-Wimplicit-function-declaration]
  246 |                 initliazePinToInput(JOYSTICK_PORT, JOYSTICK_PORT);
      |                 ^~~~~~~~~~~~~~~~~~~
      |                 initliazePinToOutput
../Core/Src/main.c: At top level:
../Core/Src/main.c:263:6: warning: conflicting types for 'initliazePinToInput'; have 'void(GPIO_TypeDef *, int)'
  263 | void initliazePinToInput(GPIO_TypeDef *port, int pin){
      |      ^~~~~~~~~~~~~~~~~~~
../Core/Src/main.c:246:17: note: previous implicit declaration of 'initliazePinToInput' with type 'void(GPIO_TypeDef *, int)'
  246 |                 initliazePinToInput(JOYSTICK_PORT, JOYSTICK_PORT);
      |                 ^~~~~~~~~~~~~~~~~~~
make: *** [Core/Src/subdir.mk:34: Core/Src/main.o] Error 1
"make -j12 all" terminated with exit code 2. Build might be incomplete.
23:40:15 **** Incremental Build of configuration Debug for project DisplayCounter ****
make -j12 all 
arm-none-eabi-gcc "../Core/Src/main.c" -mcpu=cortex-m4 -std=gnu11 -g3 -DDEBUG -DUSE_HAL_DRIVER -DSTM32L496xx -c -I../Core/Inc -I../Drivers/STM32L4xx_HAL_Driver/Inc -I../Drivers/STM32L4xx_HAL_Driver/Inc/Legacy -I../Drivers/CMSIS/Device/ST/STM32L4xx/Include -I../Drivers/CMSIS/Include -O0 -ffunction-sections -fdata-sections -Wall -fstack-usage -fcyclomatic-complexity -MMD -MP -MF"Core/Src/main.d" -MT"Core/Src/main.o" --specs=nano.specs -mfpu=fpv4-sp-d16 -mfloat-abi=hard -mthumb -o "Core/Src/main.o"
../Core/Src/main.c: In function 'main':
../Core/Src/main.c:119:3: warning: implicit declaration of function 'initializationOf7SegmentDisplay'; did you mean 'initializationOfSegments'? [-Wimplicit-function-declaration]
  119 |   initializationOf7SegmentDisplay();
      |   ^~~~~~~~~~~~~~~~~~~~~~~~~~~~~~~
      |   initializationOfSegments
../Core/Src/main.c: At top level:
../Core/Src/main.c:188:1: error: expected identifier or '(' before '}' token
  188 | }
      | ^
In file included from ../Core/Inc/stm32l4xx_hal_conf.h:262,
                 from ../Drivers/STM32L4xx_HAL_Driver/Inc/stm32l4xx_hal.h:29,
                 from ../Core/Inc/main.h:30,
                 from ../Core/Src/main.c:22:
../Core/Src/main.c: In function 'initializationOfJoystick':
../Drivers/STM32L4xx_HAL_Driver/Inc/stm32l4xx_hal_gpio.h:98:36: warning: passing argument 1 of 'initliazePinToInput' makes pointer from integer without a cast [-Wint-conversion]
   98 | #define GPIO_PIN_15                ((uint16_t)0x8000)  /* Pin 15 selected   */
      |                                    ^~~~~~~~~~~~~~~~~~
      |                                    |
      |                                    short unsigned int
../Core/Src/main.c:54:29: note: in expansion of macro 'GPIO_PIN_15'
   54 | #define JOYSTICK_PUSHED_PIN GPIO_PIN_15
      |                             ^~~~~~~~~~~
../Core/Src/main.c:192:29: note: in expansion of macro 'JOYSTICK_PUSHED_PIN'
  192 |         initliazePinToInput(JOYSTICK_PUSHED_PIN, JOYSTICK_PORT);
      |                             ^~~~~~~~~~~~~~~~~~~
../Core/Src/main.c:82:40: note: expected 'GPIO_TypeDef *' but argument is of type 'short unsigned int'
   82 | void initliazePinToInput(GPIO_TypeDef *port, int pin);
      |                          ~~~~~~~~~~~~~~^~~~
In file included from ../Drivers/CMSIS/Device/ST/STM32L4xx/Include/stm32l4xx.h:155,
                 from ../Drivers/STM32L4xx_HAL_Driver/Inc/stm32l4xx_hal_def.h:29,
                 from ../Drivers/STM32L4xx_HAL_Driver/Inc/stm32l4xx_hal_rcc.h:27,
                 from ../Core/Inc/stm32l4xx_hal_conf.h:258:
../Drivers/CMSIS/Device/ST/STM32L4xx/Include/stm32l496xx.h:1491:29: warning: passing argument 2 of 'initliazePinToInput' makes integer from pointer without a cast [-Wint-conversion]
 1491 | #define GPIOE               ((GPIO_TypeDef *) GPIOE_BASE)
      |                             ^~~~~~~~~~~~~~~~~~~~~~~~~~~~~
      |                             |
      |                             GPIO_TypeDef *
../Core/Src/main.c:56:23: note: in expansion of macro 'GPIOE'
   56 | #define JOYSTICK_PORT GPIOE
      |                       ^~~~~
../Core/Src/main.c:192:50: note: in expansion of macro 'JOYSTICK_PORT'
  192 |         initliazePinToInput(JOYSTICK_PUSHED_PIN, JOYSTICK_PORT);
      |                                                  ^~~~~~~~~~~~~
../Core/Src/main.c:82:50: note: expected 'int' but argument is of type 'GPIO_TypeDef *'
   82 | void initliazePinToInput(GPIO_TypeDef *port, int pin);
      |                                              ~~~~^~~
make: *** [Core/Src/subdir.mk:34: Core/Src/main.o] Error 1
"make -j12 all" terminated with exit code 2. Build might be incomplete.
23:40:21 **** Incremental Build of configuration Debug for project DisplayCounter ****
make -j12 all 
arm-none-eabi-gcc "../Core/Src/main.c" -mcpu=cortex-m4 -std=gnu11 -g3 -DDEBUG -DUSE_HAL_DRIVER -DSTM32L496xx -c -I../Core/Inc -I../Drivers/STM32L4xx_HAL_Driver/Inc -I../Drivers/STM32L4xx_HAL_Driver/Inc/Legacy -I../Drivers/CMSIS/Device/ST/STM32L4xx/Include -I../Drivers/CMSIS/Include -O0 -ffunction-sections -fdata-sections -Wall -fstack-usage -fcyclomatic-complexity -MMD -MP -MF"Core/Src/main.d" -MT"Core/Src/main.o" --specs=nano.specs -mfpu=fpv4-sp-d16 -mfloat-abi=hard -mthumb -o "Core/Src/main.o"
../Core/Src/main.c: In function 'main':
../Core/Src/main.c:119:3: warning: implicit declaration of function 'initializationOf7SegmentDisplay'; did you mean 'initializationOfSegments'? [-Wimplicit-function-declaration]
  119 |   initializationOf7SegmentDisplay();
      |   ^~~~~~~~~~~~~~~~~~~~~~~~~~~~~~~
      |   initializationOfSegments
../Core/Src/main.c: At top level:
../Core/Src/main.c:188:1: error: expected identifier or '(' before '}' token
  188 | }
      | ^
In file included from ../Core/Inc/stm32l4xx_hal_conf.h:262,
                 from ../Drivers/STM32L4xx_HAL_Driver/Inc/stm32l4xx_hal.h:29,
                 from ../Core/Inc/main.h:30,
                 from ../Core/Src/main.c:22:
../Core/Src/main.c: In function 'initializationOfJoystick':
../Drivers/STM32L4xx_HAL_Driver/Inc/stm32l4xx_hal_gpio.h:98:36: warning: passing argument 1 of 'initliazePinToInput' makes pointer from integer without a cast [-Wint-conversion]
   98 | #define GPIO_PIN_15                ((uint16_t)0x8000)  /* Pin 15 selected   */
      |                                    ^~~~~~~~~~~~~~~~~~
      |                                    |
      |                                    short unsigned int
../Core/Src/main.c:54:29: note: in expansion of macro 'GPIO_PIN_15'
   54 | #define JOYSTICK_PUSHED_PIN GPIO_PIN_15
      |                             ^~~~~~~~~~~
../Core/Src/main.c:192:29: note: in expansion of macro 'JOYSTICK_PUSHED_PIN'
  192 |         initliazePinToInput(JOYSTICK_PUSHED_PIN, JOYSTICK_PORT);
      |                             ^~~~~~~~~~~~~~~~~~~
../Core/Src/main.c:82:40: note: expected 'GPIO_TypeDef *' but argument is of type 'short unsigned int'
   82 | void initliazePinToInput(GPIO_TypeDef *port, int pin);
      |                          ~~~~~~~~~~~~~~^~~~
In file included from ../Drivers/CMSIS/Device/ST/STM32L4xx/Include/stm32l4xx.h:155,
                 from ../Drivers/STM32L4xx_HAL_Driver/Inc/stm32l4xx_hal_def.h:29,
                 from ../Drivers/STM32L4xx_HAL_Driver/Inc/stm32l4xx_hal_rcc.h:27,
                 from ../Core/Inc/stm32l4xx_hal_conf.h:258:
../Drivers/CMSIS/Device/ST/STM32L4xx/Include/stm32l496xx.h:1491:29: warning: passing argument 2 of 'initliazePinToInput' makes integer from pointer without a cast [-Wint-conversion]
 1491 | #define GPIOE               ((GPIO_TypeDef *) GPIOE_BASE)
      |                             ^~~~~~~~~~~~~~~~~~~~~~~~~~~~~
      |                             |
      |                             GPIO_TypeDef *
../Core/Src/main.c:56:23: note: in expansion of macro 'GPIOE'
   56 | #define JOYSTICK_PORT GPIOE
      |                       ^~~~~
../Core/Src/main.c:192:50: note: in expansion of macro 'JOYSTICK_PORT'
  192 |         initliazePinToInput(JOYSTICK_PUSHED_PIN, JOYSTICK_PORT);
      |                                                  ^~~~~~~~~~~~~
../Core/Src/main.c:82:50: note: expected 'int' but argument is of type 'GPIO_TypeDef *'
   82 | void initliazePinToInput(GPIO_TypeDef *port, int pin);
      |                                              ~~~~^~~
make: *** [Core/Src/subdir.mk:34: Core/Src/main.o] Error 1
"make -j12 all" terminated with exit code 2. Build might be incomplete.
23:40:41 **** Incremental Build of configuration Debug for project DisplayCounter ****
make -j12 all 
arm-none-eabi-gcc "../Core/Src/main.c" -mcpu=cortex-m4 -std=gnu11 -g3 -DDEBUG -DUSE_HAL_DRIVER -DSTM32L496xx -c -I../Core/Inc -I../Drivers/STM32L4xx_HAL_Driver/Inc -I../Drivers/STM32L4xx_HAL_Driver/Inc/Legacy -I../Drivers/CMSIS/Device/ST/STM32L4xx/Include -I../Drivers/CMSIS/Include -O0 -ffunction-sections -fdata-sections -Wall -fstack-usage -fcyclomatic-complexity -MMD -MP -MF"Core/Src/main.d" -MT"Core/Src/main.o" --specs=nano.specs -mfpu=fpv4-sp-d16 -mfloat-abi=hard -mthumb -o "Core/Src/main.o"
../Core/Src/main.c: In function 'main':
../Core/Src/main.c:119:3: warning: implicit declaration of function 'initializationOf7SegmentDisplay'; did you mean 'initializationOfSegments'? [-Wimplicit-function-declaration]
  119 |   initializationOf7SegmentDisplay();
      |   ^~~~~~~~~~~~~~~~~~~~~~~~~~~~~~~
      |   initializationOfSegments
In file included from ../Core/Inc/stm32l4xx_hal_conf.h:262,
                 from ../Drivers/STM32L4xx_HAL_Driver/Inc/stm32l4xx_hal.h:29,
                 from ../Core/Inc/main.h:30,
                 from ../Core/Src/main.c:22:
../Core/Src/main.c: In function 'initializationOfJoystick':
../Drivers/STM32L4xx_HAL_Driver/Inc/stm32l4xx_hal_gpio.h:98:36: warning: passing argument 1 of 'initliazePinToInput' makes pointer from integer without a cast [-Wint-conversion]
   98 | #define GPIO_PIN_15                ((uint16_t)0x8000)  /* Pin 15 selected   */
      |                                    ^~~~~~~~~~~~~~~~~~
      |                                    |
      |                                    short unsigned int
../Core/Src/main.c:54:29: note: in expansion of macro 'GPIO_PIN_15'
   54 | #define JOYSTICK_PUSHED_PIN GPIO_PIN_15
      |                             ^~~~~~~~~~~
../Core/Src/main.c:194:29: note: in expansion of macro 'JOYSTICK_PUSHED_PIN'
  194 |         initliazePinToInput(JOYSTICK_PUSHED_PIN, JOYSTICK_PORT);
      |                             ^~~~~~~~~~~~~~~~~~~
../Core/Src/main.c:82:40: note: expected 'GPIO_TypeDef *' but argument is of type 'short unsigned int'
   82 | void initliazePinToInput(GPIO_TypeDef *port, int pin);
      |                          ~~~~~~~~~~~~~~^~~~
In file included from ../Drivers/CMSIS/Device/ST/STM32L4xx/Include/stm32l4xx.h:155,
                 from ../Drivers/STM32L4xx_HAL_Driver/Inc/stm32l4xx_hal_def.h:29,
                 from ../Drivers/STM32L4xx_HAL_Driver/Inc/stm32l4xx_hal_rcc.h:27,
                 from ../Core/Inc/stm32l4xx_hal_conf.h:258:
../Drivers/CMSIS/Device/ST/STM32L4xx/Include/stm32l496xx.h:1491:29: warning: passing argument 2 of 'initliazePinToInput' makes integer from pointer without a cast [-Wint-conversion]
 1491 | #define GPIOE               ((GPIO_TypeDef *) GPIOE_BASE)
      |                             ^~~~~~~~~~~~~~~~~~~~~~~~~~~~~
      |                             |
      |                             GPIO_TypeDef *
../Core/Src/main.c:56:23: note: in expansion of macro 'GPIOE'
   56 | #define JOYSTICK_PORT GPIOE
      |                       ^~~~~
../Core/Src/main.c:194:50: note: in expansion of macro 'JOYSTICK_PORT'
  194 |         initliazePinToInput(JOYSTICK_PUSHED_PIN, JOYSTICK_PORT);
      |                                                  ^~~~~~~~~~~~~
../Core/Src/main.c:82:50: note: expected 'int' but argument is of type 'GPIO_TypeDef *'
   82 | void initliazePinToInput(GPIO_TypeDef *port, int pin);
      |                                              ~~~~^~~
arm-none-eabi-gcc -o "DisplayCounter.elf" @"objects.list"   -mcpu=cortex-m4 -T"C:\Users\Damian\STM32CubeIDE\workspace_1.18.0\DisplayCounter\STM32L496ZGTX_FLASH.ld" --specs=nosys.specs -Wl,-Map="DisplayCounter.map" -Wl,--gc-sections -static --specs=nano.specs -mfpu=fpv4-sp-d16 -mfloat-abi=hard -mthumb -Wl,--start-group -lc -lm -Wl,--end-group
C:/ST/STM32CubeIDE_1.18.0/STM32CubeIDE/plugins/com.st.stm32cube.ide.mcu.externaltools.gnu-tools-for-stm32.13.3.rel1.win32_1.0.0.202411081344/tools/bin/../lib/gcc/arm-none-eabi/13.3.1/../../../../arm-none-eabi/bin/ld.exe: ./Core/Src/main.o: in function `main':
C:/Users/Damian/STM32CubeIDE/workspace_1.18.0/DisplayCounter/Debug/../Core/Src/main.c:119:(.text.main+0x10): undefined reference to `initializationOf7SegmentDisplay'
collect2.exe: error: ld returned 1 exit status
make: *** [makefile:64: DisplayCounter.elf] Error 1
"make -j12 all" terminated with exit code 2. Build might be incomplete.
23:41:47 **** Incremental Build of configuration Debug for project DisplayCounter ****
make -j12 all 
arm-none-eabi-gcc "../Core/Src/main.c" -mcpu=cortex-m4 -std=gnu11 -g3 -DDEBUG -DUSE_HAL_DRIVER -DSTM32L496xx -c -I../Core/Inc -I../Drivers/STM32L4xx_HAL_Driver/Inc -I../Drivers/STM32L4xx_HAL_Driver/Inc/Legacy -I../Drivers/CMSIS/Device/ST/STM32L4xx/Include -I../Drivers/CMSIS/Include -O0 -ffunction-sections -fdata-sections -Wall -fstack-usage -fcyclomatic-complexity -MMD -MP -MF"Core/Src/main.d" -MT"Core/Src/main.o" --specs=nano.specs -mfpu=fpv4-sp-d16 -mfloat-abi=hard -mthumb -o "Core/Src/main.o"
../Core/Src/main.c: In function 'main':
../Core/Src/main.c:120:3: warning: implicit declaration of function 'initializationOf7SegmentDisplay'; did you mean 'initializationOfSegments'? [-Wimplicit-function-declaration]
  120 |   initializationOf7SegmentDisplay();
      |   ^~~~~~~~~~~~~~~~~~~~~~~~~~~~~~~
      |   initializationOfSegments
In file included from ../Core/Inc/stm32l4xx_hal_conf.h:262,
                 from ../Drivers/STM32L4xx_HAL_Driver/Inc/stm32l4xx_hal.h:29,
                 from ../Core/Inc/main.h:30,
                 from ../Core/Src/main.c:22:
../Core/Src/main.c: In function 'initializationOfJoystick':
../Drivers/STM32L4xx_HAL_Driver/Inc/stm32l4xx_hal_gpio.h:98:36: warning: passing argument 1 of 'initliazePinToInput' makes pointer from integer without a cast [-Wint-conversion]
   98 | #define GPIO_PIN_15                ((uint16_t)0x8000)  /* Pin 15 selected   */
      |                                    ^~~~~~~~~~~~~~~~~~
      |                                    |
      |                                    short unsigned int
../Core/Src/main.c:55:29: note: in expansion of macro 'GPIO_PIN_15'
   55 | #define JOYSTICK_PUSHED_PIN GPIO_PIN_15
      |                             ^~~~~~~~~~~
../Core/Src/main.c:195:29: note: in expansion of macro 'JOYSTICK_PUSHED_PIN'
  195 |         initliazePinToInput(JOYSTICK_PUSHED_PIN, JOYSTICK_PORT);
      |                             ^~~~~~~~~~~~~~~~~~~
../Core/Src/main.c:83:40: note: expected 'GPIO_TypeDef *' but argument is of type 'short unsigned int'
   83 | void initliazePinToInput(GPIO_TypeDef *port, int pin);
      |                          ~~~~~~~~~~~~~~^~~~
In file included from ../Drivers/CMSIS/Device/ST/STM32L4xx/Include/stm32l4xx.h:155,
                 from ../Drivers/STM32L4xx_HAL_Driver/Inc/stm32l4xx_hal_def.h:29,
                 from ../Drivers/STM32L4xx_HAL_Driver/Inc/stm32l4xx_hal_rcc.h:27,
                 from ../Core/Inc/stm32l4xx_hal_conf.h:258:
../Drivers/CMSIS/Device/ST/STM32L4xx/Include/stm32l496xx.h:1491:29: warning: passing argument 2 of 'initliazePinToInput' makes integer from pointer without a cast [-Wint-conversion]
 1491 | #define GPIOE               ((GPIO_TypeDef *) GPIOE_BASE)
      |                             ^~~~~~~~~~~~~~~~~~~~~~~~~~~~~
      |                             |
      |                             GPIO_TypeDef *
../Core/Src/main.c:57:23: note: in expansion of macro 'GPIOE'
   57 | #define JOYSTICK_PORT GPIOE
      |                       ^~~~~
../Core/Src/main.c:195:50: note: in expansion of macro 'JOYSTICK_PORT'
  195 |         initliazePinToInput(JOYSTICK_PUSHED_PIN, JOYSTICK_PORT);
      |                                                  ^~~~~~~~~~~~~
../Core/Src/main.c:83:50: note: expected 'int' but argument is of type 'GPIO_TypeDef *'
   83 | void initliazePinToInput(GPIO_TypeDef *port, int pin);
      |                                              ~~~~^~~
../Core/Src/main.c: At top level:
../Core/Src/main.c:197:6: warning: conflicting types for 'initializationOf7SegmentDisplay'; have 'void(void)'
  197 | void initializationOf7SegmentDisplay(void)
      |      ^~~~~~~~~~~~~~~~~~~~~~~~~~~~~~~
../Core/Src/main.c:120:3: note: previous implicit declaration of 'initializationOf7SegmentDisplay' with type 'void(void)'
  120 |   initializationOf7SegmentDisplay();
      |   ^~~~~~~~~~~~~~~~~~~~~~~~~~~~~~~
../Core/Src/main.c: In function 'initializationOf7SegmentDisplay':
../Core/Src/main.c:199:55: error: expected '=', ',', ';', 'asm' or '__attribute__' before '{' token
  199 | void initliazePinToOutput(GPIO_TypeDef *port, int pin){
      |                                                       ^
../Core/Src/main.c:210:54: error: expected '=', ',', ';', 'asm' or '__attribute__' before '{' token
  210 | void initliazePinToInput(GPIO_TypeDef *port, int pin){
      |                                                      ^
../Core/Src/main.c:229:1: error: expected '=', ',', ';', 'asm' or '__attribute__' before '{' token
  229 | {
      | ^
../Core/Src/main.c:256: error: expected '{' at end of input
make: *** [Core/Src/subdir.mk:34: Core/Src/main.o] Error 1
"make -j12 all" terminated with exit code 2. Build might be incomplete.
23:41:48 **** Incremental Build of configuration Debug for project jumpingLight ****
make -j12 all 
arm-none-eabi-gcc "../Core/Src/main.c" -mcpu=cortex-m4 -std=gnu11 -g3 -DDEBUG -DUSE_HAL_DRIVER -DSTM32L496xx -c -I../Core/Inc -I../Drivers/STM32L4xx_HAL_Driver/Inc -I../Drivers/STM32L4xx_HAL_Driver/Inc/Legacy -I../Drivers/CMSIS/Device/ST/STM32L4xx/Include -I../Drivers/CMSIS/Include -O0 -ffunction-sections -fdata-sections -Wall -fstack-usage -fcyclomatic-complexity -MMD -MP -MF"Core/Src/main.d" -MT"Core/Src/main.o" --specs=nano.specs -mfpu=fpv4-sp-d16 -mfloat-abi=hard -mthumb -o "Core/Src/main.o"
../Core/Src/main.c: In function 'main':
../Core/Src/main.c:137:3: warning: implicit declaration of function 'initializeClocks' [-Wimplicit-function-declaration]
  137 |   initializeClocks();
      |   ^~~~~~~~~~~~~~~~
../Core/Src/main.c:152:43: error: 'INTERVAL' undeclared (first use in this function)
  152 |           if (HAL_GetTick() - lastTick >= INTERVAL) {
      |                                           ^~~~~~~~
../Core/Src/main.c:152:43: note: each undeclared identifier is reported only once for each function it appears in
../Core/Src/main.c:153:33: error: 'READINGS_PER_DIODE_SWAP' undeclared (first use in this function)
  153 |                   if(counter == READINGS_PER_DIODE_SWAP){
      |                                 ^~~~~~~~~~~~~~~~~~~~~~~
../Core/Src/main.c: In function 'controlJoystick':
../Core/Src/main.c:219:67: error: 'JOYSTICK_LEFT_PORT' undeclared (first use in this function); did you mean 'JOYSTICK_LEFT_PIN'?
  219 |     HAL_GPIO_WritePin(LED_RED_PORT, LED_RED_PIN, HAL_GPIO_ReadPin(JOYSTICK_LEFT_PORT, JOYSTICK_LEFT_PIN));
      |                                                                   ^~~~~~~~~~~~~~~~~~
      |                                                                   JOYSTICK_LEFT_PIN
../Core/Src/main.c:220:71: error: 'JOYSTICK_DOWN_PORT' undeclared (first use in this function); did you mean 'JOYSTICK_DOWN_PIN'?
  220 |     HAL_GPIO_WritePin(LED_GREEN_PORT, LED_GREEN_PIN, HAL_GPIO_ReadPin(JOYSTICK_DOWN_PORT, JOYSTICK_DOWN_PIN));
      |                                                                       ^~~~~~~~~~~~~~~~~~
      |                                                                       JOYSTICK_DOWN_PIN
../Core/Src/main.c:221:69: error: 'JOYSTICK_RIGHT_PORT' undeclared (first use in this function); did you mean 'JOYSTICK_RIGHT_PIN'?
  221 |     HAL_GPIO_WritePin(LED_BLUE_PORT, LED_BLUE_PIN, HAL_GPIO_ReadPin(JOYSTICK_RIGHT_PORT, JOYSTICK_RIGHT_PIN));
      |                                                                     ^~~~~~~~~~~~~~~~~~~
      |                                                                     JOYSTICK_RIGHT_PIN
../Core/Src/main.c:224:26: error: 'JOYSTICK_PUSHED_PORT' undeclared (first use in this function); did you mean 'JOYSTICK_PUSHED_PIN'?
  224 |     if (HAL_GPIO_ReadPin(JOYSTICK_PUSHED_PORT, JOYSTICK_PUSHED_PIN) == GPIO_PIN_SET) {
      |                          ^~~~~~~~~~~~~~~~~~~~
      |                          JOYSTICK_PUSHED_PIN
../Core/Src/main.c: At top level:
../Core/Src/main.c:230:6: warning: conflicting types for 'initializeClocks'; have 'void(void)'
  230 | void initializeClocks(void){
      |      ^~~~~~~~~~~~~~~~
../Core/Src/main.c:137:3: note: previous implicit declaration of 'initializeClocks' with type 'void(void)'
  137 |   initializeClocks();
      |   ^~~~~~~~~~~~~~~~
../Core/Src/main.c: In function 'initializationOfJoystick':
../Core/Src/main.c:246:17: warning: implicit declaration of function 'initliazePinToInput'; did you mean 'initliazePinToOutput'? [-Wimplicit-function-declaration]
  246 |                 initliazePinToInput(JOYSTICK_PORT, JOYSTICK_PORT);
      |                 ^~~~~~~~~~~~~~~~~~~
      |                 initliazePinToOutput
../Core/Src/main.c: At top level:
../Core/Src/main.c:263:6: warning: conflicting types for 'initliazePinToInput'; have 'void(GPIO_TypeDef *, int)'
  263 | void initliazePinToInput(GPIO_TypeDef *port, int pin){
      |      ^~~~~~~~~~~~~~~~~~~
../Core/Src/main.c:246:17: note: previous implicit declaration of 'initliazePinToInput' with type 'void(GPIO_TypeDef *, int)'
  246 |                 initliazePinToInput(JOYSTICK_PORT, JOYSTICK_PORT);
      |                 ^~~~~~~~~~~~~~~~~~~
make: *** [Core/Src/subdir.mk:34: Core/Src/main.o] Error 1
"make -j12 all" terminated with exit code 2. Build might be incomplete.
23:42:55 **** Incremental Build of configuration Debug for project DisplayCounter ****
make -j12 all 
arm-none-eabi-gcc "../Core/Src/main.c" -mcpu=cortex-m4 -std=gnu11 -g3 -DDEBUG -DUSE_HAL_DRIVER -DSTM32L496xx -c -I../Core/Inc -I../Drivers/STM32L4xx_HAL_Driver/Inc -I../Drivers/STM32L4xx_HAL_Driver/Inc/Legacy -I../Drivers/CMSIS/Device/ST/STM32L4xx/Include -I../Drivers/CMSIS/Include -O0 -ffunction-sections -fdata-sections -Wall -fstack-usage -fcyclomatic-complexity -MMD -MP -MF"Core/Src/main.d" -MT"Core/Src/main.o" --specs=nano.specs -mfpu=fpv4-sp-d16 -mfloat-abi=hard -mthumb -o "Core/Src/main.o"
../Core/Src/main.c: In function 'main':
../Core/Src/main.c:120:3: warning: implicit declaration of function 'initializationOf7SegmentDisplay'; did you mean 'initializationOfSegments'? [-Wimplicit-function-declaration]
  120 |   initializationOf7SegmentDisplay();
      |   ^~~~~~~~~~~~~~~~~~~~~~~~~~~~~~~
      |   initializationOfSegments
In file included from ../Core/Inc/stm32l4xx_hal_conf.h:262,
                 from ../Drivers/STM32L4xx_HAL_Driver/Inc/stm32l4xx_hal.h:29,
                 from ../Core/Inc/main.h:30,
                 from ../Core/Src/main.c:22:
../Core/Src/main.c: In function 'initializationOfJoystick':
../Drivers/STM32L4xx_HAL_Driver/Inc/stm32l4xx_hal_gpio.h:98:36: warning: passing argument 1 of 'initliazePinToInput' makes pointer from integer without a cast [-Wint-conversion]
   98 | #define GPIO_PIN_15                ((uint16_t)0x8000)  /* Pin 15 selected   */
      |                                    ^~~~~~~~~~~~~~~~~~
      |                                    |
      |                                    short unsigned int
../Core/Src/main.c:55:29: note: in expansion of macro 'GPIO_PIN_15'
   55 | #define JOYSTICK_PUSHED_PIN GPIO_PIN_15
      |                             ^~~~~~~~~~~
../Core/Src/main.c:195:29: note: in expansion of macro 'JOYSTICK_PUSHED_PIN'
  195 |         initliazePinToInput(JOYSTICK_PUSHED_PIN, JOYSTICK_PORT);
      |                             ^~~~~~~~~~~~~~~~~~~
../Core/Src/main.c:83:40: note: expected 'GPIO_TypeDef *' but argument is of type 'short unsigned int'
   83 | void initliazePinToInput(GPIO_TypeDef *port, int pin);
      |                          ~~~~~~~~~~~~~~^~~~
In file included from ../Drivers/CMSIS/Device/ST/STM32L4xx/Include/stm32l4xx.h:155,
                 from ../Drivers/STM32L4xx_HAL_Driver/Inc/stm32l4xx_hal_def.h:29,
                 from ../Drivers/STM32L4xx_HAL_Driver/Inc/stm32l4xx_hal_rcc.h:27,
                 from ../Core/Inc/stm32l4xx_hal_conf.h:258:
../Drivers/CMSIS/Device/ST/STM32L4xx/Include/stm32l496xx.h:1491:29: warning: passing argument 2 of 'initliazePinToInput' makes integer from pointer without a cast [-Wint-conversion]
 1491 | #define GPIOE               ((GPIO_TypeDef *) GPIOE_BASE)
      |                             ^~~~~~~~~~~~~~~~~~~~~~~~~~~~~
      |                             |
      |                             GPIO_TypeDef *
../Core/Src/main.c:57:23: note: in expansion of macro 'GPIOE'
   57 | #define JOYSTICK_PORT GPIOE
      |                       ^~~~~
../Core/Src/main.c:195:50: note: in expansion of macro 'JOYSTICK_PORT'
  195 |         initliazePinToInput(JOYSTICK_PUSHED_PIN, JOYSTICK_PORT);
      |                                                  ^~~~~~~~~~~~~
../Core/Src/main.c:83:50: note: expected 'int' but argument is of type 'GPIO_TypeDef *'
   83 | void initliazePinToInput(GPIO_TypeDef *port, int pin);
      |                                              ~~~~^~~
../Core/Src/main.c: At top level:
../Core/Src/main.c:197:6: warning: conflicting types for 'initializationOf7SegmentDisplay'; have 'void(void)'
  197 | void initializationOf7SegmentDisplay(void)
      |      ^~~~~~~~~~~~~~~~~~~~~~~~~~~~~~~
../Core/Src/main.c:120:3: note: previous implicit declaration of 'initializationOf7SegmentDisplay' with type 'void(void)'
  120 |   initializationOf7SegmentDisplay();
      |   ^~~~~~~~~~~~~~~~~~~~~~~~~~~~~~~
../Core/Src/main.c: In function 'initializationOf7SegmentDisplay':
../Core/Src/main.c:199:55: error: expected '=', ',', ';', 'asm' or '__attribute__' before '{' token
  199 | void initliazePinToOutput(GPIO_TypeDef *port, int pin){
      |                                                       ^
../Core/Src/main.c:210:54: error: expected '=', ',', ';', 'asm' or '__attribute__' before '{' token
  210 | void initliazePinToInput(GPIO_TypeDef *port, int pin){
      |                                                      ^
../Core/Src/main.c:229:1: error: expected '=', ',', ';', 'asm' or '__attribute__' before '{' token
  229 | {
      | ^
../Core/Src/main.c:256: error: expected '{' at end of input
make: *** [Core/Src/subdir.mk:34: Core/Src/main.o] Error 1
"make -j12 all" terminated with exit code 2. Build might be incomplete.
23:42:56 **** Incremental Build of configuration Debug for project jumpingLight ****
make -j12 all 
arm-none-eabi-gcc "../Core/Src/main.c" -mcpu=cortex-m4 -std=gnu11 -g3 -DDEBUG -DUSE_HAL_DRIVER -DSTM32L496xx -c -I../Core/Inc -I../Drivers/STM32L4xx_HAL_Driver/Inc -I../Drivers/STM32L4xx_HAL_Driver/Inc/Legacy -I../Drivers/CMSIS/Device/ST/STM32L4xx/Include -I../Drivers/CMSIS/Include -O0 -ffunction-sections -fdata-sections -Wall -fstack-usage -fcyclomatic-complexity -MMD -MP -MF"Core/Src/main.d" -MT"Core/Src/main.o" --specs=nano.specs -mfpu=fpv4-sp-d16 -mfloat-abi=hard -mthumb -o "Core/Src/main.o"
../Core/Src/main.c: In function 'main':
../Core/Src/main.c:137:3: warning: implicit declaration of function 'initializeClocks' [-Wimplicit-function-declaration]
  137 |   initializeClocks();
      |   ^~~~~~~~~~~~~~~~
../Core/Src/main.c:152:43: error: 'INTERVAL' undeclared (first use in this function)
  152 |           if (HAL_GetTick() - lastTick >= INTERVAL) {
      |                                           ^~~~~~~~
../Core/Src/main.c:152:43: note: each undeclared identifier is reported only once for each function it appears in
../Core/Src/main.c: In function 'controlJoystick':
../Core/Src/main.c:217:67: error: 'JOYSTICK_LEFT_PORT' undeclared (first use in this function); did you mean 'JOYSTICK_LEFT_PIN'?
  217 |     HAL_GPIO_WritePin(LED_RED_PORT, LED_RED_PIN, HAL_GPIO_ReadPin(JOYSTICK_LEFT_PORT, JOYSTICK_LEFT_PIN));
      |                                                                   ^~~~~~~~~~~~~~~~~~
      |                                                                   JOYSTICK_LEFT_PIN
../Core/Src/main.c:218:71: error: 'JOYSTICK_DOWN_PORT' undeclared (first use in this function); did you mean 'JOYSTICK_DOWN_PIN'?
  218 |     HAL_GPIO_WritePin(LED_GREEN_PORT, LED_GREEN_PIN, HAL_GPIO_ReadPin(JOYSTICK_DOWN_PORT, JOYSTICK_DOWN_PIN));
      |                                                                       ^~~~~~~~~~~~~~~~~~
      |                                                                       JOYSTICK_DOWN_PIN
../Core/Src/main.c:219:69: error: 'JOYSTICK_RIGHT_PORT' undeclared (first use in this function); did you mean 'JOYSTICK_RIGHT_PIN'?
  219 |     HAL_GPIO_WritePin(LED_BLUE_PORT, LED_BLUE_PIN, HAL_GPIO_ReadPin(JOYSTICK_RIGHT_PORT, JOYSTICK_RIGHT_PIN));
      |                                                                     ^~~~~~~~~~~~~~~~~~~
      |                                                                     JOYSTICK_RIGHT_PIN
../Core/Src/main.c:222:26: error: 'JOYSTICK_PUSHED_PORT' undeclared (first use in this function); did you mean 'JOYSTICK_PUSHED_PIN'?
  222 |     if (HAL_GPIO_ReadPin(JOYSTICK_PUSHED_PORT, JOYSTICK_PUSHED_PIN) == GPIO_PIN_SET) {
      |                          ^~~~~~~~~~~~~~~~~~~~
      |                          JOYSTICK_PUSHED_PIN
../Core/Src/main.c: At top level:
../Core/Src/main.c:228:6: warning: conflicting types for 'initializeClocks'; have 'void(void)'
  228 | void initializeClocks(void){
      |      ^~~~~~~~~~~~~~~~
../Core/Src/main.c:137:3: note: previous implicit declaration of 'initializeClocks' with type 'void(void)'
  137 |   initializeClocks();
      |   ^~~~~~~~~~~~~~~~
../Core/Src/main.c: In function 'initializationOfJoystick':
../Core/Src/main.c:244:17: warning: implicit declaration of function 'initliazePinToInput'; did you mean 'initliazePinToOutput'? [-Wimplicit-function-declaration]
  244 |                 initliazePinToInput(JOYSTICK_PORT, JOYSTICK_PORT);
      |                 ^~~~~~~~~~~~~~~~~~~
      |                 initliazePinToOutput
../Core/Src/main.c: At top level:
../Core/Src/main.c:261:6: warning: conflicting types for 'initliazePinToInput'; have 'void(GPIO_TypeDef *, int)'
  261 | void initliazePinToInput(GPIO_TypeDef *port, int pin){
      |      ^~~~~~~~~~~~~~~~~~~
../Core/Src/main.c:244:17: note: previous implicit declaration of 'initliazePinToInput' with type 'void(GPIO_TypeDef *, int)'
  244 |                 initliazePinToInput(JOYSTICK_PORT, JOYSTICK_PORT);
      |                 ^~~~~~~~~~~~~~~~~~~
make: *** [Core/Src/subdir.mk:34: Core/Src/main.o] Error 1
"make -j12 all" terminated with exit code 2. Build might be incomplete.
23:43:19 **** Incremental Build of configuration Debug for project DisplayCounter ****
make -j12 all 
arm-none-eabi-gcc "../Core/Src/main.c" -mcpu=cortex-m4 -std=gnu11 -g3 -DDEBUG -DUSE_HAL_DRIVER -DSTM32L496xx -c -I../Core/Inc -I../Drivers/STM32L4xx_HAL_Driver/Inc -I../Drivers/STM32L4xx_HAL_Driver/Inc/Legacy -I../Drivers/CMSIS/Device/ST/STM32L4xx/Include -I../Drivers/CMSIS/Include -O0 -ffunction-sections -fdata-sections -Wall -fstack-usage -fcyclomatic-complexity -MMD -MP -MF"Core/Src/main.d" -MT"Core/Src/main.o" --specs=nano.specs -mfpu=fpv4-sp-d16 -mfloat-abi=hard -mthumb -o "Core/Src/main.o"
../Core/Src/main.c: In function 'main':
../Core/Src/main.c:120:3: warning: implicit declaration of function 'initializationOf7SegmentDisplay'; did you mean 'initializationOfSegments'? [-Wimplicit-function-declaration]
  120 |   initializationOf7SegmentDisplay();
      |   ^~~~~~~~~~~~~~~~~~~~~~~~~~~~~~~
      |   initializationOfSegments
In file included from ../Core/Inc/stm32l4xx_hal_conf.h:262,
                 from ../Drivers/STM32L4xx_HAL_Driver/Inc/stm32l4xx_hal.h:29,
                 from ../Core/Inc/main.h:30,
                 from ../Core/Src/main.c:22:
../Core/Src/main.c: In function 'initializationOfJoystick':
../Drivers/STM32L4xx_HAL_Driver/Inc/stm32l4xx_hal_gpio.h:98:36: warning: passing argument 1 of 'initliazePinToInput' makes pointer from integer without a cast [-Wint-conversion]
   98 | #define GPIO_PIN_15                ((uint16_t)0x8000)  /* Pin 15 selected   */
      |                                    ^~~~~~~~~~~~~~~~~~
      |                                    |
      |                                    short unsigned int
../Core/Src/main.c:55:29: note: in expansion of macro 'GPIO_PIN_15'
   55 | #define JOYSTICK_PUSHED_PIN GPIO_PIN_15
      |                             ^~~~~~~~~~~
../Core/Src/main.c:195:29: note: in expansion of macro 'JOYSTICK_PUSHED_PIN'
  195 |         initliazePinToInput(JOYSTICK_PUSHED_PIN, JOYSTICK_PORT);
      |                             ^~~~~~~~~~~~~~~~~~~
../Core/Src/main.c:83:40: note: expected 'GPIO_TypeDef *' but argument is of type 'short unsigned int'
   83 | void initliazePinToInput(GPIO_TypeDef *port, int pin);
      |                          ~~~~~~~~~~~~~~^~~~
In file included from ../Drivers/CMSIS/Device/ST/STM32L4xx/Include/stm32l4xx.h:155,
                 from ../Drivers/STM32L4xx_HAL_Driver/Inc/stm32l4xx_hal_def.h:29,
                 from ../Drivers/STM32L4xx_HAL_Driver/Inc/stm32l4xx_hal_rcc.h:27,
                 from ../Core/Inc/stm32l4xx_hal_conf.h:258:
../Drivers/CMSIS/Device/ST/STM32L4xx/Include/stm32l496xx.h:1491:29: warning: passing argument 2 of 'initliazePinToInput' makes integer from pointer without a cast [-Wint-conversion]
 1491 | #define GPIOE               ((GPIO_TypeDef *) GPIOE_BASE)
      |                             ^~~~~~~~~~~~~~~~~~~~~~~~~~~~~
      |                             |
      |                             GPIO_TypeDef *
../Core/Src/main.c:57:23: note: in expansion of macro 'GPIOE'
   57 | #define JOYSTICK_PORT GPIOE
      |                       ^~~~~
../Core/Src/main.c:195:50: note: in expansion of macro 'JOYSTICK_PORT'
  195 |         initliazePinToInput(JOYSTICK_PUSHED_PIN, JOYSTICK_PORT);
      |                                                  ^~~~~~~~~~~~~
../Core/Src/main.c:83:50: note: expected 'int' but argument is of type 'GPIO_TypeDef *'
   83 | void initliazePinToInput(GPIO_TypeDef *port, int pin);
      |                                              ~~~~^~~
../Core/Src/main.c: At top level:
../Core/Src/main.c:197:6: warning: conflicting types for 'initializationOf7SegmentDisplay'; have 'void(void)'
  197 | void initializationOf7SegmentDisplay(void)
      |      ^~~~~~~~~~~~~~~~~~~~~~~~~~~~~~~
../Core/Src/main.c:120:3: note: previous implicit declaration of 'initializationOf7SegmentDisplay' with type 'void(void)'
  120 |   initializationOf7SegmentDisplay();
      |   ^~~~~~~~~~~~~~~~~~~~~~~~~~~~~~~
../Core/Src/main.c: In function 'initializationOf7SegmentDisplay':
../Core/Src/main.c:199:55: error: expected '=', ',', ';', 'asm' or '__attribute__' before '{' token
  199 | void initliazePinToOutput(GPIO_TypeDef *port, int pin){
      |                                                       ^
../Core/Src/main.c:210:54: error: expected '=', ',', ';', 'asm' or '__attribute__' before '{' token
  210 | void initliazePinToInput(GPIO_TypeDef *port, int pin){
      |                                                      ^
../Core/Src/main.c:229:1: error: expected '=', ',', ';', 'asm' or '__attribute__' before '{' token
  229 | {
      | ^
../Core/Src/main.c:256: error: expected '{' at end of input
make: *** [Core/Src/subdir.mk:34: Core/Src/main.o] Error 1
"make -j12 all" terminated with exit code 2. Build might be incomplete.
23:43:20 **** Incremental Build of configuration Debug for project jumpingLight ****
make -j12 all 
arm-none-eabi-gcc "../Core/Src/main.c" -mcpu=cortex-m4 -std=gnu11 -g3 -DDEBUG -DUSE_HAL_DRIVER -DSTM32L496xx -c -I../Core/Inc -I../Drivers/STM32L4xx_HAL_Driver/Inc -I../Drivers/STM32L4xx_HAL_Driver/Inc/Legacy -I../Drivers/CMSIS/Device/ST/STM32L4xx/Include -I../Drivers/CMSIS/Include -O0 -ffunction-sections -fdata-sections -Wall -fstack-usage -fcyclomatic-complexity -MMD -MP -MF"Core/Src/main.d" -MT"Core/Src/main.o" --specs=nano.specs -mfpu=fpv4-sp-d16 -mfloat-abi=hard -mthumb -o "Core/Src/main.o"
../Core/Src/main.c: In function 'main':
../Core/Src/main.c:137:3: warning: implicit declaration of function 'initializeClocks' [-Wimplicit-function-declaration]
  137 |   initializeClocks();
      |   ^~~~~~~~~~~~~~~~
../Core/Src/main.c: In function 'controlJoystick':
../Core/Src/main.c:217:67: error: 'JOYSTICK_LEFT_PORT' undeclared (first use in this function); did you mean 'JOYSTICK_LEFT_PIN'?
  217 |     HAL_GPIO_WritePin(LED_RED_PORT, LED_RED_PIN, HAL_GPIO_ReadPin(JOYSTICK_LEFT_PORT, JOYSTICK_LEFT_PIN));
      |                                                                   ^~~~~~~~~~~~~~~~~~
      |                                                                   JOYSTICK_LEFT_PIN
../Core/Src/main.c:217:67: note: each undeclared identifier is reported only once for each function it appears in
../Core/Src/main.c:218:71: error: 'JOYSTICK_DOWN_PORT' undeclared (first use in this function); did you mean 'JOYSTICK_DOWN_PIN'?
  218 |     HAL_GPIO_WritePin(LED_GREEN_PORT, LED_GREEN_PIN, HAL_GPIO_ReadPin(JOYSTICK_DOWN_PORT, JOYSTICK_DOWN_PIN));
      |                                                                       ^~~~~~~~~~~~~~~~~~
      |                                                                       JOYSTICK_DOWN_PIN
../Core/Src/main.c:219:69: error: 'JOYSTICK_RIGHT_PORT' undeclared (first use in this function); did you mean 'JOYSTICK_RIGHT_PIN'?
  219 |     HAL_GPIO_WritePin(LED_BLUE_PORT, LED_BLUE_PIN, HAL_GPIO_ReadPin(JOYSTICK_RIGHT_PORT, JOYSTICK_RIGHT_PIN));
      |                                                                     ^~~~~~~~~~~~~~~~~~~
      |                                                                     JOYSTICK_RIGHT_PIN
../Core/Src/main.c:222:26: error: 'JOYSTICK_PUSHED_PORT' undeclared (first use in this function); did you mean 'JOYSTICK_PUSHED_PIN'?
  222 |     if (HAL_GPIO_ReadPin(JOYSTICK_PUSHED_PORT, JOYSTICK_PUSHED_PIN) == GPIO_PIN_SET) {
      |                          ^~~~~~~~~~~~~~~~~~~~
      |                          JOYSTICK_PUSHED_PIN
../Core/Src/main.c: At top level:
../Core/Src/main.c:228:6: warning: conflicting types for 'initializeClocks'; have 'void(void)'
  228 | void initializeClocks(void){
      |      ^~~~~~~~~~~~~~~~
../Core/Src/main.c:137:3: note: previous implicit declaration of 'initializeClocks' with type 'void(void)'
  137 |   initializeClocks();
      |   ^~~~~~~~~~~~~~~~
../Core/Src/main.c: In function 'initializationOfJoystick':
../Core/Src/main.c:244:17: warning: implicit declaration of function 'initliazePinToInput'; did you mean 'initliazePinToOutput'? [-Wimplicit-function-declaration]
  244 |                 initliazePinToInput(JOYSTICK_PORT, JOYSTICK_PORT);
      |                 ^~~~~~~~~~~~~~~~~~~
      |                 initliazePinToOutput
../Core/Src/main.c: At top level:
../Core/Src/main.c:261:6: warning: conflicting types for 'initliazePinToInput'; have 'void(GPIO_TypeDef *, int)'
  261 | void initliazePinToInput(GPIO_TypeDef *port, int pin){
      |      ^~~~~~~~~~~~~~~~~~~
../Core/Src/main.c:244:17: note: previous implicit declaration of 'initliazePinToInput' with type 'void(GPIO_TypeDef *, int)'
  244 |                 initliazePinToInput(JOYSTICK_PORT, JOYSTICK_PORT);
      |                 ^~~~~~~~~~~~~~~~~~~
make: *** [Core/Src/subdir.mk:34: Core/Src/main.o] Error 1
"make -j12 all" terminated with exit code 2. Build might be incomplete.
23:43:46 **** Incremental Build of configuration Debug for project DisplayCounter ****
make -j12 all 
arm-none-eabi-gcc "../Core/Src/main.c" -mcpu=cortex-m4 -std=gnu11 -g3 -DDEBUG -DUSE_HAL_DRIVER -DSTM32L496xx -c -I../Core/Inc -I../Drivers/STM32L4xx_HAL_Driver/Inc -I../Drivers/STM32L4xx_HAL_Driver/Inc/Legacy -I../Drivers/CMSIS/Device/ST/STM32L4xx/Include -I../Drivers/CMSIS/Include -O0 -ffunction-sections -fdata-sections -Wall -fstack-usage -fcyclomatic-complexity -MMD -MP -MF"Core/Src/main.d" -MT"Core/Src/main.o" --specs=nano.specs -mfpu=fpv4-sp-d16 -mfloat-abi=hard -mthumb -o "Core/Src/main.o"
../Core/Src/main.c: In function 'main':
../Core/Src/main.c:120:3: warning: implicit declaration of function 'initializationOf7SegmentDisplay'; did you mean 'initializationOfSegments'? [-Wimplicit-function-declaration]
  120 |   initializationOf7SegmentDisplay();
      |   ^~~~~~~~~~~~~~~~~~~~~~~~~~~~~~~
      |   initializationOfSegments
In file included from ../Core/Inc/stm32l4xx_hal_conf.h:262,
                 from ../Drivers/STM32L4xx_HAL_Driver/Inc/stm32l4xx_hal.h:29,
                 from ../Core/Inc/main.h:30,
                 from ../Core/Src/main.c:22:
../Core/Src/main.c: In function 'initializationOfJoystick':
../Drivers/STM32L4xx_HAL_Driver/Inc/stm32l4xx_hal_gpio.h:98:36: warning: passing argument 1 of 'initliazePinToInput' makes pointer from integer without a cast [-Wint-conversion]
   98 | #define GPIO_PIN_15                ((uint16_t)0x8000)  /* Pin 15 selected   */
      |                                    ^~~~~~~~~~~~~~~~~~
      |                                    |
      |                                    short unsigned int
../Core/Src/main.c:55:29: note: in expansion of macro 'GPIO_PIN_15'
   55 | #define JOYSTICK_PUSHED_PIN GPIO_PIN_15
      |                             ^~~~~~~~~~~
../Core/Src/main.c:195:29: note: in expansion of macro 'JOYSTICK_PUSHED_PIN'
  195 |         initliazePinToInput(JOYSTICK_PUSHED_PIN, JOYSTICK_PORT);
      |                             ^~~~~~~~~~~~~~~~~~~
../Core/Src/main.c:83:40: note: expected 'GPIO_TypeDef *' but argument is of type 'short unsigned int'
   83 | void initliazePinToInput(GPIO_TypeDef *port, int pin);
      |                          ~~~~~~~~~~~~~~^~~~
In file included from ../Drivers/CMSIS/Device/ST/STM32L4xx/Include/stm32l4xx.h:155,
                 from ../Drivers/STM32L4xx_HAL_Driver/Inc/stm32l4xx_hal_def.h:29,
                 from ../Drivers/STM32L4xx_HAL_Driver/Inc/stm32l4xx_hal_rcc.h:27,
                 from ../Core/Inc/stm32l4xx_hal_conf.h:258:
../Drivers/CMSIS/Device/ST/STM32L4xx/Include/stm32l496xx.h:1491:29: warning: passing argument 2 of 'initliazePinToInput' makes integer from pointer without a cast [-Wint-conversion]
 1491 | #define GPIOE               ((GPIO_TypeDef *) GPIOE_BASE)
      |                             ^~~~~~~~~~~~~~~~~~~~~~~~~~~~~
      |                             |
      |                             GPIO_TypeDef *
../Core/Src/main.c:57:23: note: in expansion of macro 'GPIOE'
   57 | #define JOYSTICK_PORT GPIOE
      |                       ^~~~~
../Core/Src/main.c:195:50: note: in expansion of macro 'JOYSTICK_PORT'
  195 |         initliazePinToInput(JOYSTICK_PUSHED_PIN, JOYSTICK_PORT);
      |                                                  ^~~~~~~~~~~~~
../Core/Src/main.c:83:50: note: expected 'int' but argument is of type 'GPIO_TypeDef *'
   83 | void initliazePinToInput(GPIO_TypeDef *port, int pin);
      |                                              ~~~~^~~
../Core/Src/main.c: At top level:
../Core/Src/main.c:197:6: warning: conflicting types for 'initializationOf7SegmentDisplay'; have 'void(void)'
  197 | void initializationOf7SegmentDisplay(void)
      |      ^~~~~~~~~~~~~~~~~~~~~~~~~~~~~~~
../Core/Src/main.c:120:3: note: previous implicit declaration of 'initializationOf7SegmentDisplay' with type 'void(void)'
  120 |   initializationOf7SegmentDisplay();
      |   ^~~~~~~~~~~~~~~~~~~~~~~~~~~~~~~
../Core/Src/main.c: In function 'initializationOf7SegmentDisplay':
../Core/Src/main.c:199:55: error: expected '=', ',', ';', 'asm' or '__attribute__' before '{' token
  199 | void initliazePinToOutput(GPIO_TypeDef *port, int pin){
      |                                                       ^
../Core/Src/main.c:210:54: error: expected '=', ',', ';', 'asm' or '__attribute__' before '{' token
  210 | void initliazePinToInput(GPIO_TypeDef *port, int pin){
      |                                                      ^
../Core/Src/main.c:229:1: error: expected '=', ',', ';', 'asm' or '__attribute__' before '{' token
  229 | {
      | ^
../Core/Src/main.c:256: error: expected '{' at end of input
make: *** [Core/Src/subdir.mk:34: Core/Src/main.o] Error 1
"make -j12 all" terminated with exit code 2. Build might be incomplete.
23:43:47 **** Incremental Build of configuration Debug for project jumpingLight ****
make -j12 all 
arm-none-eabi-gcc "../Core/Src/main.c" -mcpu=cortex-m4 -std=gnu11 -g3 -DDEBUG -DUSE_HAL_DRIVER -DSTM32L496xx -c -I../Core/Inc -I../Drivers/STM32L4xx_HAL_Driver/Inc -I../Drivers/STM32L4xx_HAL_Driver/Inc/Legacy -I../Drivers/CMSIS/Device/ST/STM32L4xx/Include -I../Drivers/CMSIS/Include -O0 -ffunction-sections -fdata-sections -Wall -fstack-usage -fcyclomatic-complexity -MMD -MP -MF"Core/Src/main.d" -MT"Core/Src/main.o" --specs=nano.specs -mfpu=fpv4-sp-d16 -mfloat-abi=hard -mthumb -o "Core/Src/main.o"
../Core/Src/main.c: In function 'controlJoystick':
../Core/Src/main.c:218:67: error: 'JOYSTICK_LEFT_PORT' undeclared (first use in this function); did you mean 'JOYSTICK_LEFT_PIN'?
  218 |     HAL_GPIO_WritePin(LED_RED_PORT, LED_RED_PIN, HAL_GPIO_ReadPin(JOYSTICK_LEFT_PORT, JOYSTICK_LEFT_PIN));
      |                                                                   ^~~~~~~~~~~~~~~~~~
      |                                                                   JOYSTICK_LEFT_PIN
../Core/Src/main.c:218:67: note: each undeclared identifier is reported only once for each function it appears in
../Core/Src/main.c:219:71: error: 'JOYSTICK_DOWN_PORT' undeclared (first use in this function); did you mean 'JOYSTICK_DOWN_PIN'?
  219 |     HAL_GPIO_WritePin(LED_GREEN_PORT, LED_GREEN_PIN, HAL_GPIO_ReadPin(JOYSTICK_DOWN_PORT, JOYSTICK_DOWN_PIN));
      |                                                                       ^~~~~~~~~~~~~~~~~~
      |                                                                       JOYSTICK_DOWN_PIN
../Core/Src/main.c:220:69: error: 'JOYSTICK_RIGHT_PORT' undeclared (first use in this function); did you mean 'JOYSTICK_RIGHT_PIN'?
  220 |     HAL_GPIO_WritePin(LED_BLUE_PORT, LED_BLUE_PIN, HAL_GPIO_ReadPin(JOYSTICK_RIGHT_PORT, JOYSTICK_RIGHT_PIN));
      |                                                                     ^~~~~~~~~~~~~~~~~~~
      |                                                                     JOYSTICK_RIGHT_PIN
../Core/Src/main.c:223:26: error: 'JOYSTICK_PUSHED_PORT' undeclared (first use in this function); did you mean 'JOYSTICK_PUSHED_PIN'?
  223 |     if (HAL_GPIO_ReadPin(JOYSTICK_PUSHED_PORT, JOYSTICK_PUSHED_PIN) == GPIO_PIN_SET) {
      |                          ^~~~~~~~~~~~~~~~~~~~
      |                          JOYSTICK_PUSHED_PIN
../Core/Src/main.c: In function 'initializationOfJoystick':
../Core/Src/main.c:245:17: warning: implicit declaration of function 'initliazePinToInput'; did you mean 'initliazePinToOutput'? [-Wimplicit-function-declaration]
  245 |                 initliazePinToInput(JOYSTICK_PORT, JOYSTICK_PORT);
      |                 ^~~~~~~~~~~~~~~~~~~
      |                 initliazePinToOutput
../Core/Src/main.c: At top level:
../Core/Src/main.c:262:6: warning: conflicting types for 'initliazePinToInput'; have 'void(GPIO_TypeDef *, int)'
  262 | void initliazePinToInput(GPIO_TypeDef *port, int pin){
      |      ^~~~~~~~~~~~~~~~~~~
../Core/Src/main.c:245:17: note: previous implicit declaration of 'initliazePinToInput' with type 'void(GPIO_TypeDef *, int)'
  245 |                 initliazePinToInput(JOYSTICK_PORT, JOYSTICK_PORT);
      |                 ^~~~~~~~~~~~~~~~~~~
make: *** [Core/Src/subdir.mk:34: Core/Src/main.o] Error 1
"make -j12 all" terminated with exit code 2. Build might be incomplete.
23:44:16 **** Incremental Build of configuration Debug for project DisplayCounter ****
make -j12 all 
arm-none-eabi-gcc "../Core/Src/main.c" -mcpu=cortex-m4 -std=gnu11 -g3 -DDEBUG -DUSE_HAL_DRIVER -DSTM32L496xx -c -I../Core/Inc -I../Drivers/STM32L4xx_HAL_Driver/Inc -I../Drivers/STM32L4xx_HAL_Driver/Inc/Legacy -I../Drivers/CMSIS/Device/ST/STM32L4xx/Include -I../Drivers/CMSIS/Include -O0 -ffunction-sections -fdata-sections -Wall -fstack-usage -fcyclomatic-complexity -MMD -MP -MF"Core/Src/main.d" -MT"Core/Src/main.o" --specs=nano.specs -mfpu=fpv4-sp-d16 -mfloat-abi=hard -mthumb -o "Core/Src/main.o"
../Core/Src/main.c: In function 'main':
../Core/Src/main.c:120:3: warning: implicit declaration of function 'initializationOf7SegmentDisplay'; did you mean 'initializationOfSegments'? [-Wimplicit-function-declaration]
  120 |   initializationOf7SegmentDisplay();
      |   ^~~~~~~~~~~~~~~~~~~~~~~~~~~~~~~
      |   initializationOfSegments
In file included from ../Core/Inc/stm32l4xx_hal_conf.h:262,
                 from ../Drivers/STM32L4xx_HAL_Driver/Inc/stm32l4xx_hal.h:29,
                 from ../Core/Inc/main.h:30,
                 from ../Core/Src/main.c:22:
../Core/Src/main.c: In function 'initializationOfJoystick':
../Drivers/STM32L4xx_HAL_Driver/Inc/stm32l4xx_hal_gpio.h:98:36: warning: passing argument 1 of 'initliazePinToInput' makes pointer from integer without a cast [-Wint-conversion]
   98 | #define GPIO_PIN_15                ((uint16_t)0x8000)  /* Pin 15 selected   */
      |                                    ^~~~~~~~~~~~~~~~~~
      |                                    |
      |                                    short unsigned int
../Core/Src/main.c:55:29: note: in expansion of macro 'GPIO_PIN_15'
   55 | #define JOYSTICK_PUSHED_PIN GPIO_PIN_15
      |                             ^~~~~~~~~~~
../Core/Src/main.c:195:29: note: in expansion of macro 'JOYSTICK_PUSHED_PIN'
  195 |         initliazePinToInput(JOYSTICK_PUSHED_PIN, JOYSTICK_PORT);
      |                             ^~~~~~~~~~~~~~~~~~~
../Core/Src/main.c:83:40: note: expected 'GPIO_TypeDef *' but argument is of type 'short unsigned int'
   83 | void initliazePinToInput(GPIO_TypeDef *port, int pin);
      |                          ~~~~~~~~~~~~~~^~~~
In file included from ../Drivers/CMSIS/Device/ST/STM32L4xx/Include/stm32l4xx.h:155,
                 from ../Drivers/STM32L4xx_HAL_Driver/Inc/stm32l4xx_hal_def.h:29,
                 from ../Drivers/STM32L4xx_HAL_Driver/Inc/stm32l4xx_hal_rcc.h:27,
                 from ../Core/Inc/stm32l4xx_hal_conf.h:258:
../Drivers/CMSIS/Device/ST/STM32L4xx/Include/stm32l496xx.h:1491:29: warning: passing argument 2 of 'initliazePinToInput' makes integer from pointer without a cast [-Wint-conversion]
 1491 | #define GPIOE               ((GPIO_TypeDef *) GPIOE_BASE)
      |                             ^~~~~~~~~~~~~~~~~~~~~~~~~~~~~
      |                             |
      |                             GPIO_TypeDef *
../Core/Src/main.c:57:23: note: in expansion of macro 'GPIOE'
   57 | #define JOYSTICK_PORT GPIOE
      |                       ^~~~~
../Core/Src/main.c:195:50: note: in expansion of macro 'JOYSTICK_PORT'
  195 |         initliazePinToInput(JOYSTICK_PUSHED_PIN, JOYSTICK_PORT);
      |                                                  ^~~~~~~~~~~~~
../Core/Src/main.c:83:50: note: expected 'int' but argument is of type 'GPIO_TypeDef *'
   83 | void initliazePinToInput(GPIO_TypeDef *port, int pin);
      |                                              ~~~~^~~
../Core/Src/main.c: At top level:
../Core/Src/main.c:197:6: warning: conflicting types for 'initializationOf7SegmentDisplay'; have 'void(void)'
  197 | void initializationOf7SegmentDisplay(void)
      |      ^~~~~~~~~~~~~~~~~~~~~~~~~~~~~~~
../Core/Src/main.c:120:3: note: previous implicit declaration of 'initializationOf7SegmentDisplay' with type 'void(void)'
  120 |   initializationOf7SegmentDisplay();
      |   ^~~~~~~~~~~~~~~~~~~~~~~~~~~~~~~
../Core/Src/main.c: In function 'initializationOf7SegmentDisplay':
../Core/Src/main.c:199:55: error: expected '=', ',', ';', 'asm' or '__attribute__' before '{' token
  199 | void initliazePinToOutput(GPIO_TypeDef *port, int pin){
      |                                                       ^
../Core/Src/main.c:210:54: error: expected '=', ',', ';', 'asm' or '__attribute__' before '{' token
  210 | void initliazePinToInput(GPIO_TypeDef *port, int pin){
      |                                                      ^
../Core/Src/main.c:229:1: error: expected '=', ',', ';', 'asm' or '__attribute__' before '{' token
  229 | {
      | ^
../Core/Src/main.c:256: error: expected '{' at end of input
make: *** [Core/Src/subdir.mk:34: Core/Src/main.o] Error 1
"make -j12 all" terminated with exit code 2. Build might be incomplete.
23:44:17 **** Incremental Build of configuration Debug for project jumpingLight ****
make -j12 all 
arm-none-eabi-gcc "../Core/Src/main.c" -mcpu=cortex-m4 -std=gnu11 -g3 -DDEBUG -DUSE_HAL_DRIVER -DSTM32L496xx -c -I../Core/Inc -I../Drivers/STM32L4xx_HAL_Driver/Inc -I../Drivers/STM32L4xx_HAL_Driver/Inc/Legacy -I../Drivers/CMSIS/Device/ST/STM32L4xx/Include -I../Drivers/CMSIS/Include -O0 -ffunction-sections -fdata-sections -Wall -fstack-usage -fcyclomatic-complexity -MMD -MP -MF"Core/Src/main.d" -MT"Core/Src/main.o" --specs=nano.specs -mfpu=fpv4-sp-d16 -mfloat-abi=hard -mthumb -o "Core/Src/main.o"
../Core/Src/main.c: In function 'controlJoystick':
../Core/Src/main.c:223:26: error: 'JOYSTICK_PUSHED_PORT' undeclared (first use in this function); did you mean 'JOYSTICK_PUSHED_PIN'?
  223 |     if (HAL_GPIO_ReadPin(JOYSTICK_PUSHED_PORT, JOYSTICK_PUSHED_PIN) == GPIO_PIN_SET) {
      |                          ^~~~~~~~~~~~~~~~~~~~
      |                          JOYSTICK_PUSHED_PIN
../Core/Src/main.c:223:26: note: each undeclared identifier is reported only once for each function it appears in
../Core/Src/main.c: In function 'initializationOfJoystick':
../Core/Src/main.c:245:17: warning: implicit declaration of function 'initliazePinToInput'; did you mean 'initliazePinToOutput'? [-Wimplicit-function-declaration]
  245 |                 initliazePinToInput(JOYSTICK_PORT, JOYSTICK_PORT);
      |                 ^~~~~~~~~~~~~~~~~~~
      |                 initliazePinToOutput
../Core/Src/main.c: At top level:
../Core/Src/main.c:262:6: warning: conflicting types for 'initliazePinToInput'; have 'void(GPIO_TypeDef *, int)'
  262 | void initliazePinToInput(GPIO_TypeDef *port, int pin){
      |      ^~~~~~~~~~~~~~~~~~~
../Core/Src/main.c:245:17: note: previous implicit declaration of 'initliazePinToInput' with type 'void(GPIO_TypeDef *, int)'
  245 |                 initliazePinToInput(JOYSTICK_PORT, JOYSTICK_PORT);
      |                 ^~~~~~~~~~~~~~~~~~~
make: *** [Core/Src/subdir.mk:34: Core/Src/main.o] Error 1
"make -j12 all" terminated with exit code 2. Build might be incomplete.
23:44:21 **** Incremental Build of configuration Debug for project DisplayCounter ****
make -j12 all 
arm-none-eabi-gcc "../Core/Src/main.c" -mcpu=cortex-m4 -std=gnu11 -g3 -DDEBUG -DUSE_HAL_DRIVER -DSTM32L496xx -c -I../Core/Inc -I../Drivers/STM32L4xx_HAL_Driver/Inc -I../Drivers/STM32L4xx_HAL_Driver/Inc/Legacy -I../Drivers/CMSIS/Device/ST/STM32L4xx/Include -I../Drivers/CMSIS/Include -O0 -ffunction-sections -fdata-sections -Wall -fstack-usage -fcyclomatic-complexity -MMD -MP -MF"Core/Src/main.d" -MT"Core/Src/main.o" --specs=nano.specs -mfpu=fpv4-sp-d16 -mfloat-abi=hard -mthumb -o "Core/Src/main.o"
../Core/Src/main.c: In function 'main':
../Core/Src/main.c:120:3: warning: implicit declaration of function 'initializationOf7SegmentDisplay'; did you mean 'initializationOfSegments'? [-Wimplicit-function-declaration]
  120 |   initializationOf7SegmentDisplay();
      |   ^~~~~~~~~~~~~~~~~~~~~~~~~~~~~~~
      |   initializationOfSegments
In file included from ../Core/Inc/stm32l4xx_hal_conf.h:262,
                 from ../Drivers/STM32L4xx_HAL_Driver/Inc/stm32l4xx_hal.h:29,
                 from ../Core/Inc/main.h:30,
                 from ../Core/Src/main.c:22:
../Core/Src/main.c: In function 'initializationOfJoystick':
../Drivers/STM32L4xx_HAL_Driver/Inc/stm32l4xx_hal_gpio.h:98:36: warning: passing argument 1 of 'initliazePinToInput' makes pointer from integer without a cast [-Wint-conversion]
   98 | #define GPIO_PIN_15                ((uint16_t)0x8000)  /* Pin 15 selected   */
      |                                    ^~~~~~~~~~~~~~~~~~
      |                                    |
      |                                    short unsigned int
../Core/Src/main.c:55:29: note: in expansion of macro 'GPIO_PIN_15'
   55 | #define JOYSTICK_PUSHED_PIN GPIO_PIN_15
      |                             ^~~~~~~~~~~
../Core/Src/main.c:195:29: note: in expansion of macro 'JOYSTICK_PUSHED_PIN'
  195 |         initliazePinToInput(JOYSTICK_PUSHED_PIN, JOYSTICK_PORT);
      |                             ^~~~~~~~~~~~~~~~~~~
../Core/Src/main.c:83:40: note: expected 'GPIO_TypeDef *' but argument is of type 'short unsigned int'
   83 | void initliazePinToInput(GPIO_TypeDef *port, int pin);
      |                          ~~~~~~~~~~~~~~^~~~
In file included from ../Drivers/CMSIS/Device/ST/STM32L4xx/Include/stm32l4xx.h:155,
                 from ../Drivers/STM32L4xx_HAL_Driver/Inc/stm32l4xx_hal_def.h:29,
                 from ../Drivers/STM32L4xx_HAL_Driver/Inc/stm32l4xx_hal_rcc.h:27,
                 from ../Core/Inc/stm32l4xx_hal_conf.h:258:
../Drivers/CMSIS/Device/ST/STM32L4xx/Include/stm32l496xx.h:1491:29: warning: passing argument 2 of 'initliazePinToInput' makes integer from pointer without a cast [-Wint-conversion]
 1491 | #define GPIOE               ((GPIO_TypeDef *) GPIOE_BASE)
      |                             ^~~~~~~~~~~~~~~~~~~~~~~~~~~~~
      |                             |
      |                             GPIO_TypeDef *
../Core/Src/main.c:57:23: note: in expansion of macro 'GPIOE'
   57 | #define JOYSTICK_PORT GPIOE
      |                       ^~~~~
../Core/Src/main.c:195:50: note: in expansion of macro 'JOYSTICK_PORT'
  195 |         initliazePinToInput(JOYSTICK_PUSHED_PIN, JOYSTICK_PORT);
      |                                                  ^~~~~~~~~~~~~
../Core/Src/main.c:83:50: note: expected 'int' but argument is of type 'GPIO_TypeDef *'
   83 | void initliazePinToInput(GPIO_TypeDef *port, int pin);
      |                                              ~~~~^~~
../Core/Src/main.c: At top level:
../Core/Src/main.c:197:6: warning: conflicting types for 'initializationOf7SegmentDisplay'; have 'void(void)'
  197 | void initializationOf7SegmentDisplay(void)
      |      ^~~~~~~~~~~~~~~~~~~~~~~~~~~~~~~
../Core/Src/main.c:120:3: note: previous implicit declaration of 'initializationOf7SegmentDisplay' with type 'void(void)'
  120 |   initializationOf7SegmentDisplay();
      |   ^~~~~~~~~~~~~~~~~~~~~~~~~~~~~~~
../Core/Src/main.c: In function 'initializationOf7SegmentDisplay':
../Core/Src/main.c:199:55: error: expected '=', ',', ';', 'asm' or '__attribute__' before '{' token
  199 | void initliazePinToOutput(GPIO_TypeDef *port, int pin){
      |                                                       ^
../Core/Src/main.c:210:54: error: expected '=', ',', ';', 'asm' or '__attribute__' before '{' token
  210 | void initliazePinToInput(GPIO_TypeDef *port, int pin){
      |                                                      ^
../Core/Src/main.c:229:1: error: expected '=', ',', ';', 'asm' or '__attribute__' before '{' token
  229 | {
      | ^
../Core/Src/main.c:256: error: expected '{' at end of input
make: *** [Core/Src/subdir.mk:34: Core/Src/main.o] Error 1
"make -j12 all" terminated with exit code 2. Build might be incomplete.
23:44:22 **** Incremental Build of configuration Debug for project jumpingLight ****
make -j12 all 
arm-none-eabi-gcc "../Core/Src/main.c" -mcpu=cortex-m4 -std=gnu11 -g3 -DDEBUG -DUSE_HAL_DRIVER -DSTM32L496xx -c -I../Core/Inc -I../Drivers/STM32L4xx_HAL_Driver/Inc -I../Drivers/STM32L4xx_HAL_Driver/Inc/Legacy -I../Drivers/CMSIS/Device/ST/STM32L4xx/Include -I../Drivers/CMSIS/Include -O0 -ffunction-sections -fdata-sections -Wall -fstack-usage -fcyclomatic-complexity -MMD -MP -MF"Core/Src/main.d" -MT"Core/Src/main.o" --specs=nano.specs -mfpu=fpv4-sp-d16 -mfloat-abi=hard -mthumb -o "Core/Src/main.o"
../Core/Src/main.c: In function 'initializationOfJoystick':
../Core/Src/main.c:245:17: warning: implicit declaration of function 'initliazePinToInput'; did you mean 'initliazePinToOutput'? [-Wimplicit-function-declaration]
  245 |                 initliazePinToInput(JOYSTICK_PORT, JOYSTICK_PORT);
      |                 ^~~~~~~~~~~~~~~~~~~
      |                 initliazePinToOutput
../Core/Src/main.c: At top level:
../Core/Src/main.c:262:6: warning: conflicting types for 'initliazePinToInput'; have 'void(GPIO_TypeDef *, int)'
  262 | void initliazePinToInput(GPIO_TypeDef *port, int pin){
      |      ^~~~~~~~~~~~~~~~~~~
../Core/Src/main.c:245:17: note: previous implicit declaration of 'initliazePinToInput' with type 'void(GPIO_TypeDef *, int)'
  245 |                 initliazePinToInput(JOYSTICK_PORT, JOYSTICK_PORT);
      |                 ^~~~~~~~~~~~~~~~~~~
arm-none-eabi-gcc -o "jumpingLight.elf" @"objects.list"   -mcpu=cortex-m4 -T"C:\Users\Damian\STM32CubeIDE\workspace_1.18.0\jumpingLight\STM32L496ZGTX_FLASH.ld" --specs=nosys.specs -Wl,-Map="jumpingLight.map" -Wl,--gc-sections -static --specs=nano.specs -mfpu=fpv4-sp-d16 -mfloat-abi=hard -mthumb -Wl,--start-group -lc -lm -Wl,--end-group
Finished building target: jumpingLight.elf
 
arm-none-eabi-size  jumpingLight.elf 
arm-none-eabi-objdump -h -S jumpingLight.elf  > "jumpingLight.list"
   text	   data	    bss	    dec	    hex	filename
   6676	     76	   1572	   8324	   2084	jumpingLight.elf
Finished building: default.size.stdout
 
Finished building: jumpingLight.list
 
23:45:09 **** Incremental Build of configuration Debug for project DisplayCounter ****
make -j12 all 
arm-none-eabi-gcc "../Core/Src/main.c" -mcpu=cortex-m4 -std=gnu11 -g3 -DDEBUG -DUSE_HAL_DRIVER -DSTM32L496xx -c -I../Core/Inc -I../Drivers/STM32L4xx_HAL_Driver/Inc -I../Drivers/STM32L4xx_HAL_Driver/Inc/Legacy -I../Drivers/CMSIS/Device/ST/STM32L4xx/Include -I../Drivers/CMSIS/Include -O0 -ffunction-sections -fdata-sections -Wall -fstack-usage -fcyclomatic-complexity -MMD -MP -MF"Core/Src/main.d" -MT"Core/Src/main.o" --specs=nano.specs -mfpu=fpv4-sp-d16 -mfloat-abi=hard -mthumb -o "Core/Src/main.o"
../Core/Src/main.c: In function 'main':
../Core/Src/main.c:120:3: warning: implicit declaration of function 'initializationOf7SegmentDisplay'; did you mean 'initializationOfSegments'? [-Wimplicit-function-declaration]
  120 |   initializationOf7SegmentDisplay();
      |   ^~~~~~~~~~~~~~~~~~~~~~~~~~~~~~~
      |   initializationOfSegments
In file included from ../Core/Inc/stm32l4xx_hal_conf.h:262,
                 from ../Drivers/STM32L4xx_HAL_Driver/Inc/stm32l4xx_hal.h:29,
                 from ../Core/Inc/main.h:30,
                 from ../Core/Src/main.c:22:
../Core/Src/main.c: In function 'initializationOfJoystick':
../Drivers/STM32L4xx_HAL_Driver/Inc/stm32l4xx_hal_gpio.h:98:36: warning: passing argument 1 of 'initliazePinToInput' makes pointer from integer without a cast [-Wint-conversion]
   98 | #define GPIO_PIN_15                ((uint16_t)0x8000)  /* Pin 15 selected   */
      |                                    ^~~~~~~~~~~~~~~~~~
      |                                    |
      |                                    short unsigned int
../Core/Src/main.c:55:29: note: in expansion of macro 'GPIO_PIN_15'
   55 | #define JOYSTICK_PUSHED_PIN GPIO_PIN_15
      |                             ^~~~~~~~~~~
../Core/Src/main.c:195:29: note: in expansion of macro 'JOYSTICK_PUSHED_PIN'
  195 |         initliazePinToInput(JOYSTICK_PUSHED_PIN, JOYSTICK_PORT);
      |                             ^~~~~~~~~~~~~~~~~~~
../Core/Src/main.c:83:40: note: expected 'GPIO_TypeDef *' but argument is of type 'short unsigned int'
   83 | void initliazePinToInput(GPIO_TypeDef *port, int pin);
      |                          ~~~~~~~~~~~~~~^~~~
In file included from ../Drivers/CMSIS/Device/ST/STM32L4xx/Include/stm32l4xx.h:155,
                 from ../Drivers/STM32L4xx_HAL_Driver/Inc/stm32l4xx_hal_def.h:29,
                 from ../Drivers/STM32L4xx_HAL_Driver/Inc/stm32l4xx_hal_rcc.h:27,
                 from ../Core/Inc/stm32l4xx_hal_conf.h:258:
../Drivers/CMSIS/Device/ST/STM32L4xx/Include/stm32l496xx.h:1491:29: warning: passing argument 2 of 'initliazePinToInput' makes integer from pointer without a cast [-Wint-conversion]
 1491 | #define GPIOE               ((GPIO_TypeDef *) GPIOE_BASE)
      |                             ^~~~~~~~~~~~~~~~~~~~~~~~~~~~~
      |                             |
      |                             GPIO_TypeDef *
../Core/Src/main.c:57:23: note: in expansion of macro 'GPIOE'
   57 | #define JOYSTICK_PORT GPIOE
      |                       ^~~~~
../Core/Src/main.c:195:50: note: in expansion of macro 'JOYSTICK_PORT'
  195 |         initliazePinToInput(JOYSTICK_PUSHED_PIN, JOYSTICK_PORT);
      |                                                  ^~~~~~~~~~~~~
../Core/Src/main.c:83:50: note: expected 'int' but argument is of type 'GPIO_TypeDef *'
   83 | void initliazePinToInput(GPIO_TypeDef *port, int pin);
      |                                              ~~~~^~~
../Core/Src/main.c: At top level:
../Core/Src/main.c:197:6: warning: conflicting types for 'initializationOf7SegmentDisplay'; have 'void(void)'
  197 | void initializationOf7SegmentDisplay(void)
      |      ^~~~~~~~~~~~~~~~~~~~~~~~~~~~~~~
../Core/Src/main.c:120:3: note: previous implicit declaration of 'initializationOf7SegmentDisplay' with type 'void(void)'
  120 |   initializationOf7SegmentDisplay();
      |   ^~~~~~~~~~~~~~~~~~~~~~~~~~~~~~~
../Core/Src/main.c: In function 'initializationOf7SegmentDisplay':
../Core/Src/main.c:199:55: error: expected '=', ',', ';', 'asm' or '__attribute__' before '{' token
  199 | void initliazePinToOutput(GPIO_TypeDef *port, int pin){
      |                                                       ^
../Core/Src/main.c:210:54: error: expected '=', ',', ';', 'asm' or '__attribute__' before '{' token
  210 | void initliazePinToInput(GPIO_TypeDef *port, int pin){
      |                                                      ^
../Core/Src/main.c:229:1: error: expected '=', ',', ';', 'asm' or '__attribute__' before '{' token
  229 | {
      | ^
../Core/Src/main.c:256: error: expected '{' at end of input
make: *** [Core/Src/subdir.mk:34: Core/Src/main.o] Error 1
"make -j12 all" terminated with exit code 2. Build might be incomplete.
23:45:10 **** Incremental Build of configuration Debug for project jumpingLight ****
make -j12 all 
arm-none-eabi-gcc "../Core/Src/main.c" -mcpu=cortex-m4 -std=gnu11 -g3 -DDEBUG -DUSE_HAL_DRIVER -DSTM32L496xx -c -I../Core/Inc -I../Drivers/STM32L4xx_HAL_Driver/Inc -I../Drivers/STM32L4xx_HAL_Driver/Inc/Legacy -I../Drivers/CMSIS/Device/ST/STM32L4xx/Include -I../Drivers/CMSIS/Include -O0 -ffunction-sections -fdata-sections -Wall -fstack-usage -fcyclomatic-complexity -MMD -MP -MF"Core/Src/main.d" -MT"Core/Src/main.o" --specs=nano.specs -mfpu=fpv4-sp-d16 -mfloat-abi=hard -mthumb -o "Core/Src/main.o"
arm-none-eabi-gcc -o "jumpingLight.elf" @"objects.list"   -mcpu=cortex-m4 -T"C:\Users\Damian\STM32CubeIDE\workspace_1.18.0\jumpingLight\STM32L496ZGTX_FLASH.ld" --specs=nosys.specs -Wl,-Map="jumpingLight.map" -Wl,--gc-sections -static --specs=nano.specs -mfpu=fpv4-sp-d16 -mfloat-abi=hard -mthumb -Wl,--start-group -lc -lm -Wl,--end-group
Finished building target: jumpingLight.elf
 
arm-none-eabi-size  jumpingLight.elf 
arm-none-eabi-objdump -h -S jumpingLight.elf  > "jumpingLight.list"
   text	   data	    bss	    dec	    hex	filename
   6720	     80	   1576	   8376	   20b8	jumpingLight.elf
Finished building: default.size.stdout
 
Finished building: jumpingLight.list
 
23:45:17 **** Incremental Build of configuration Debug for project DisplayCounter ****
make -j12 all 
arm-none-eabi-gcc "../Core/Src/main.c" -mcpu=cortex-m4 -std=gnu11 -g3 -DDEBUG -DUSE_HAL_DRIVER -DSTM32L496xx -c -I../Core/Inc -I../Drivers/STM32L4xx_HAL_Driver/Inc -I../Drivers/STM32L4xx_HAL_Driver/Inc/Legacy -I../Drivers/CMSIS/Device/ST/STM32L4xx/Include -I../Drivers/CMSIS/Include -O0 -ffunction-sections -fdata-sections -Wall -fstack-usage -fcyclomatic-complexity -MMD -MP -MF"Core/Src/main.d" -MT"Core/Src/main.o" --specs=nano.specs -mfpu=fpv4-sp-d16 -mfloat-abi=hard -mthumb -o "Core/Src/main.o"
../Core/Src/main.c: In function 'main':
../Core/Src/main.c:120:3: warning: implicit declaration of function 'initializationOf7SegmentDisplay'; did you mean 'initializationOfSegments'? [-Wimplicit-function-declaration]
  120 |   initializationOf7SegmentDisplay();
      |   ^~~~~~~~~~~~~~~~~~~~~~~~~~~~~~~
      |   initializationOfSegments
In file included from ../Core/Inc/stm32l4xx_hal_conf.h:262,
                 from ../Drivers/STM32L4xx_HAL_Driver/Inc/stm32l4xx_hal.h:29,
                 from ../Core/Inc/main.h:30,
                 from ../Core/Src/main.c:22:
../Core/Src/main.c: In function 'initializationOfJoystick':
../Drivers/STM32L4xx_HAL_Driver/Inc/stm32l4xx_hal_gpio.h:98:36: warning: passing argument 1 of 'initliazePinToInput' makes pointer from integer without a cast [-Wint-conversion]
   98 | #define GPIO_PIN_15                ((uint16_t)0x8000)  /* Pin 15 selected   */
      |                                    ^~~~~~~~~~~~~~~~~~
      |                                    |
      |                                    short unsigned int
../Core/Src/main.c:55:29: note: in expansion of macro 'GPIO_PIN_15'
   55 | #define JOYSTICK_PUSHED_PIN GPIO_PIN_15
      |                             ^~~~~~~~~~~
../Core/Src/main.c:195:29: note: in expansion of macro 'JOYSTICK_PUSHED_PIN'
  195 |         initliazePinToInput(JOYSTICK_PUSHED_PIN, JOYSTICK_PORT);
      |                             ^~~~~~~~~~~~~~~~~~~
../Core/Src/main.c:83:40: note: expected 'GPIO_TypeDef *' but argument is of type 'short unsigned int'
   83 | void initliazePinToInput(GPIO_TypeDef *port, int pin);
      |                          ~~~~~~~~~~~~~~^~~~
In file included from ../Drivers/CMSIS/Device/ST/STM32L4xx/Include/stm32l4xx.h:155,
                 from ../Drivers/STM32L4xx_HAL_Driver/Inc/stm32l4xx_hal_def.h:29,
                 from ../Drivers/STM32L4xx_HAL_Driver/Inc/stm32l4xx_hal_rcc.h:27,
                 from ../Core/Inc/stm32l4xx_hal_conf.h:258:
../Drivers/CMSIS/Device/ST/STM32L4xx/Include/stm32l496xx.h:1491:29: warning: passing argument 2 of 'initliazePinToInput' makes integer from pointer without a cast [-Wint-conversion]
 1491 | #define GPIOE               ((GPIO_TypeDef *) GPIOE_BASE)
      |                             ^~~~~~~~~~~~~~~~~~~~~~~~~~~~~
      |                             |
      |                             GPIO_TypeDef *
../Core/Src/main.c:57:23: note: in expansion of macro 'GPIOE'
   57 | #define JOYSTICK_PORT GPIOE
      |                       ^~~~~
../Core/Src/main.c:195:50: note: in expansion of macro 'JOYSTICK_PORT'
  195 |         initliazePinToInput(JOYSTICK_PUSHED_PIN, JOYSTICK_PORT);
      |                                                  ^~~~~~~~~~~~~
../Core/Src/main.c:83:50: note: expected 'int' but argument is of type 'GPIO_TypeDef *'
   83 | void initliazePinToInput(GPIO_TypeDef *port, int pin);
      |                                              ~~~~^~~
../Core/Src/main.c: At top level:
../Core/Src/main.c:197:6: warning: conflicting types for 'initializationOf7SegmentDisplay'; have 'void(void)'
  197 | void initializationOf7SegmentDisplay(void)
      |      ^~~~~~~~~~~~~~~~~~~~~~~~~~~~~~~
../Core/Src/main.c:120:3: note: previous implicit declaration of 'initializationOf7SegmentDisplay' with type 'void(void)'
  120 |   initializationOf7SegmentDisplay();
      |   ^~~~~~~~~~~~~~~~~~~~~~~~~~~~~~~
../Core/Src/main.c: In function 'initializationOf7SegmentDisplay':
../Core/Src/main.c:199:55: error: expected '=', ',', ';', 'asm' or '__attribute__' before '{' token
  199 | void initliazePinToOutput(GPIO_TypeDef *port, int pin){
      |                                                       ^
../Core/Src/main.c:210:54: error: expected '=', ',', ';', 'asm' or '__attribute__' before '{' token
  210 | void initliazePinToInput(GPIO_TypeDef *port, int pin){
      |                                                      ^
../Core/Src/main.c:229:1: error: expected '=', ',', ';', 'asm' or '__attribute__' before '{' token
  229 | {
      | ^
../Core/Src/main.c:256: error: expected '{' at end of input
make: *** [Core/Src/subdir.mk:34: Core/Src/main.o] Error 1
"make -j12 all" terminated with exit code 2. Build might be incomplete.
23:45:18 **** Incremental Build of configuration Debug for project jumpingLight ****
make -j12 all 
arm-none-eabi-size  jumpingLight.elf 
   text	   data	    bss	    dec	    hex	filename
   6720	     80	   1576	   8376	   20b8	jumpingLight.elf
Finished building: default.size.stdout
 
23:45:26 **** Incremental Build of configuration Debug for project DisplayCounter ****
make -j12 all 
arm-none-eabi-gcc "../Core/Src/main.c" -mcpu=cortex-m4 -std=gnu11 -g3 -DDEBUG -DUSE_HAL_DRIVER -DSTM32L496xx -c -I../Core/Inc -I../Drivers/STM32L4xx_HAL_Driver/Inc -I../Drivers/STM32L4xx_HAL_Driver/Inc/Legacy -I../Drivers/CMSIS/Device/ST/STM32L4xx/Include -I../Drivers/CMSIS/Include -O0 -ffunction-sections -fdata-sections -Wall -fstack-usage -fcyclomatic-complexity -MMD -MP -MF"Core/Src/main.d" -MT"Core/Src/main.o" --specs=nano.specs -mfpu=fpv4-sp-d16 -mfloat-abi=hard -mthumb -o "Core/Src/main.o"
../Core/Src/main.c: In function 'main':
../Core/Src/main.c:120:3: warning: implicit declaration of function 'initializationOf7SegmentDisplay'; did you mean 'initializationOfSegments'? [-Wimplicit-function-declaration]
  120 |   initializationOf7SegmentDisplay();
      |   ^~~~~~~~~~~~~~~~~~~~~~~~~~~~~~~
      |   initializationOfSegments
In file included from ../Core/Inc/stm32l4xx_hal_conf.h:262,
                 from ../Drivers/STM32L4xx_HAL_Driver/Inc/stm32l4xx_hal.h:29,
                 from ../Core/Inc/main.h:30,
                 from ../Core/Src/main.c:22:
../Core/Src/main.c: In function 'initializationOfJoystick':
../Drivers/STM32L4xx_HAL_Driver/Inc/stm32l4xx_hal_gpio.h:98:36: warning: passing argument 1 of 'initliazePinToInput' makes pointer from integer without a cast [-Wint-conversion]
   98 | #define GPIO_PIN_15                ((uint16_t)0x8000)  /* Pin 15 selected   */
      |                                    ^~~~~~~~~~~~~~~~~~
      |                                    |
      |                                    short unsigned int
../Core/Src/main.c:55:29: note: in expansion of macro 'GPIO_PIN_15'
   55 | #define JOYSTICK_PUSHED_PIN GPIO_PIN_15
      |                             ^~~~~~~~~~~
../Core/Src/main.c:195:29: note: in expansion of macro 'JOYSTICK_PUSHED_PIN'
  195 |         initliazePinToInput(JOYSTICK_PUSHED_PIN, JOYSTICK_PORT);
      |                             ^~~~~~~~~~~~~~~~~~~
../Core/Src/main.c:83:40: note: expected 'GPIO_TypeDef *' but argument is of type 'short unsigned int'
   83 | void initliazePinToInput(GPIO_TypeDef *port, int pin);
      |                          ~~~~~~~~~~~~~~^~~~
In file included from ../Drivers/CMSIS/Device/ST/STM32L4xx/Include/stm32l4xx.h:155,
                 from ../Drivers/STM32L4xx_HAL_Driver/Inc/stm32l4xx_hal_def.h:29,
                 from ../Drivers/STM32L4xx_HAL_Driver/Inc/stm32l4xx_hal_rcc.h:27,
                 from ../Core/Inc/stm32l4xx_hal_conf.h:258:
../Drivers/CMSIS/Device/ST/STM32L4xx/Include/stm32l496xx.h:1491:29: warning: passing argument 2 of 'initliazePinToInput' makes integer from pointer without a cast [-Wint-conversion]
 1491 | #define GPIOE               ((GPIO_TypeDef *) GPIOE_BASE)
      |                             ^~~~~~~~~~~~~~~~~~~~~~~~~~~~~
      |                             |
      |                             GPIO_TypeDef *
../Core/Src/main.c:57:23: note: in expansion of macro 'GPIOE'
   57 | #define JOYSTICK_PORT GPIOE
      |                       ^~~~~
../Core/Src/main.c:195:50: note: in expansion of macro 'JOYSTICK_PORT'
  195 |         initliazePinToInput(JOYSTICK_PUSHED_PIN, JOYSTICK_PORT);
      |                                                  ^~~~~~~~~~~~~
../Core/Src/main.c:83:50: note: expected 'int' but argument is of type 'GPIO_TypeDef *'
   83 | void initliazePinToInput(GPIO_TypeDef *port, int pin);
      |                                              ~~~~^~~
../Core/Src/main.c: At top level:
../Core/Src/main.c:197:6: warning: conflicting types for 'initializationOf7SegmentDisplay'; have 'void(void)'
  197 | void initializationOf7SegmentDisplay(void)
      |      ^~~~~~~~~~~~~~~~~~~~~~~~~~~~~~~
../Core/Src/main.c:120:3: note: previous implicit declaration of 'initializationOf7SegmentDisplay' with type 'void(void)'
  120 |   initializationOf7SegmentDisplay();
      |   ^~~~~~~~~~~~~~~~~~~~~~~~~~~~~~~
../Core/Src/main.c: In function 'initializationOf7SegmentDisplay':
../Core/Src/main.c:199:55: error: expected '=', ',', ';', 'asm' or '__attribute__' before '{' token
  199 | void initliazePinToOutput(GPIO_TypeDef *port, int pin){
      |                                                       ^
../Core/Src/main.c:210:54: error: expected '=', ',', ';', 'asm' or '__attribute__' before '{' token
  210 | void initliazePinToInput(GPIO_TypeDef *port, int pin){
      |                                                      ^
../Core/Src/main.c:229:1: error: expected '=', ',', ';', 'asm' or '__attribute__' before '{' token
  229 | {
      | ^
../Core/Src/main.c:256: error: expected '{' at end of input
make: *** [Core/Src/subdir.mk:34: Core/Src/main.o] Error 1
"make -j12 all" terminated with exit code 2. Build might be incomplete.
23:45:27 **** Incremental Build of configuration Debug for project jumpingLight ****
make -j12 all 
arm-none-eabi-size  jumpingLight.elf 
   text	   data	    bss	    dec	    hex	filename
   6720	     80	   1576	   8376	   20b8	jumpingLight.elf
Finished building: default.size.stdout
 
23:45:37 **** Incremental Build of configuration Debug for project DisplayCounter ****
make -j12 all 
arm-none-eabi-gcc "../Core/Src/main.c" -mcpu=cortex-m4 -std=gnu11 -g3 -DDEBUG -DUSE_HAL_DRIVER -DSTM32L496xx -c -I../Core/Inc -I../Drivers/STM32L4xx_HAL_Driver/Inc -I../Drivers/STM32L4xx_HAL_Driver/Inc/Legacy -I../Drivers/CMSIS/Device/ST/STM32L4xx/Include -I../Drivers/CMSIS/Include -O0 -ffunction-sections -fdata-sections -Wall -fstack-usage -fcyclomatic-complexity -MMD -MP -MF"Core/Src/main.d" -MT"Core/Src/main.o" --specs=nano.specs -mfpu=fpv4-sp-d16 -mfloat-abi=hard -mthumb -o "Core/Src/main.o"
../Core/Src/main.c: In function 'main':
../Core/Src/main.c:120:3: warning: implicit declaration of function 'initializationOf7SegmentDisplay'; did you mean 'initializationOfSegments'? [-Wimplicit-function-declaration]
  120 |   initializationOf7SegmentDisplay();
      |   ^~~~~~~~~~~~~~~~~~~~~~~~~~~~~~~
      |   initializationOfSegments
In file included from ../Core/Inc/stm32l4xx_hal_conf.h:262,
                 from ../Drivers/STM32L4xx_HAL_Driver/Inc/stm32l4xx_hal.h:29,
                 from ../Core/Inc/main.h:30,
                 from ../Core/Src/main.c:22:
../Core/Src/main.c: In function 'initializationOfJoystick':
../Drivers/STM32L4xx_HAL_Driver/Inc/stm32l4xx_hal_gpio.h:98:36: warning: passing argument 1 of 'initliazePinToInput' makes pointer from integer without a cast [-Wint-conversion]
   98 | #define GPIO_PIN_15                ((uint16_t)0x8000)  /* Pin 15 selected   */
      |                                    ^~~~~~~~~~~~~~~~~~
      |                                    |
      |                                    short unsigned int
../Core/Src/main.c:55:29: note: in expansion of macro 'GPIO_PIN_15'
   55 | #define JOYSTICK_PUSHED_PIN GPIO_PIN_15
      |                             ^~~~~~~~~~~
../Core/Src/main.c:195:29: note: in expansion of macro 'JOYSTICK_PUSHED_PIN'
  195 |         initliazePinToInput(JOYSTICK_PUSHED_PIN, JOYSTICK_PORT);
      |                             ^~~~~~~~~~~~~~~~~~~
../Core/Src/main.c:83:40: note: expected 'GPIO_TypeDef *' but argument is of type 'short unsigned int'
   83 | void initliazePinToInput(GPIO_TypeDef *port, int pin);
      |                          ~~~~~~~~~~~~~~^~~~
In file included from ../Drivers/CMSIS/Device/ST/STM32L4xx/Include/stm32l4xx.h:155,
                 from ../Drivers/STM32L4xx_HAL_Driver/Inc/stm32l4xx_hal_def.h:29,
                 from ../Drivers/STM32L4xx_HAL_Driver/Inc/stm32l4xx_hal_rcc.h:27,
                 from ../Core/Inc/stm32l4xx_hal_conf.h:258:
../Drivers/CMSIS/Device/ST/STM32L4xx/Include/stm32l496xx.h:1491:29: warning: passing argument 2 of 'initliazePinToInput' makes integer from pointer without a cast [-Wint-conversion]
 1491 | #define GPIOE               ((GPIO_TypeDef *) GPIOE_BASE)
      |                             ^~~~~~~~~~~~~~~~~~~~~~~~~~~~~
      |                             |
      |                             GPIO_TypeDef *
../Core/Src/main.c:57:23: note: in expansion of macro 'GPIOE'
   57 | #define JOYSTICK_PORT GPIOE
      |                       ^~~~~
../Core/Src/main.c:195:50: note: in expansion of macro 'JOYSTICK_PORT'
  195 |         initliazePinToInput(JOYSTICK_PUSHED_PIN, JOYSTICK_PORT);
      |                                                  ^~~~~~~~~~~~~
../Core/Src/main.c:83:50: note: expected 'int' but argument is of type 'GPIO_TypeDef *'
   83 | void initliazePinToInput(GPIO_TypeDef *port, int pin);
      |                                              ~~~~^~~
../Core/Src/main.c: At top level:
../Core/Src/main.c:197:6: warning: conflicting types for 'initializationOf7SegmentDisplay'; have 'void(void)'
  197 | void initializationOf7SegmentDisplay(void)
      |      ^~~~~~~~~~~~~~~~~~~~~~~~~~~~~~~
../Core/Src/main.c:120:3: note: previous implicit declaration of 'initializationOf7SegmentDisplay' with type 'void(void)'
  120 |   initializationOf7SegmentDisplay();
      |   ^~~~~~~~~~~~~~~~~~~~~~~~~~~~~~~
../Core/Src/main.c: In function 'initializationOf7SegmentDisplay':
../Core/Src/main.c:199:55: error: expected '=', ',', ';', 'asm' or '__attribute__' before '{' token
  199 | void initliazePinToOutput(GPIO_TypeDef *port, int pin){
      |                                                       ^
../Core/Src/main.c:210:54: error: expected '=', ',', ';', 'asm' or '__attribute__' before '{' token
  210 | void initliazePinToInput(GPIO_TypeDef *port, int pin){
      |                                                      ^
../Core/Src/main.c:229:1: error: expected '=', ',', ';', 'asm' or '__attribute__' before '{' token
  229 | {
      | ^
../Core/Src/main.c:256: error: expected '{' at end of input
make: *** [Core/Src/subdir.mk:34: Core/Src/main.o] Error 1
"make -j12 all" terminated with exit code 2. Build might be incomplete.
23:45:38 **** Incremental Build of configuration Debug for project jumpingLight ****
make -j12 all 
arm-none-eabi-gcc "../Core/Src/main.c" -mcpu=cortex-m4 -std=gnu11 -g3 -DDEBUG -DUSE_HAL_DRIVER -DSTM32L496xx -c -I../Core/Inc -I../Drivers/STM32L4xx_HAL_Driver/Inc -I../Drivers/STM32L4xx_HAL_Driver/Inc/Legacy -I../Drivers/CMSIS/Device/ST/STM32L4xx/Include -I../Drivers/CMSIS/Include -O0 -ffunction-sections -fdata-sections -Wall -fstack-usage -fcyclomatic-complexity -MMD -MP -MF"Core/Src/main.d" -MT"Core/Src/main.o" --specs=nano.specs -mfpu=fpv4-sp-d16 -mfloat-abi=hard -mthumb -o "Core/Src/main.o"
../Core/Src/main.c: In function 'initializationOfJoystick':
../Core/Src/main.c:245:17: warning: implicit declaration of function 'initliazePinToInput'; did you mean 'initliazePinToOutput'? [-Wimplicit-function-declaration]
  245 |                 initliazePinToInput(JOYSTICK_PORT, JOYSTICK_PORT);
      |                 ^~~~~~~~~~~~~~~~~~~
      |                 initliazePinToOutput
../Core/Src/main.c: At top level:
../Core/Src/main.c:262:6: warning: conflicting types for 'initliazePinToInput'; have 'void(GPIO_TypeDef *, int)'
  262 | void initliazePinToInput(GPIO_TypeDef *port, int pin){
      |      ^~~~~~~~~~~~~~~~~~~
../Core/Src/main.c:245:17: note: previous implicit declaration of 'initliazePinToInput' with type 'void(GPIO_TypeDef *, int)'
  245 |                 initliazePinToInput(JOYSTICK_PORT, JOYSTICK_PORT);
      |                 ^~~~~~~~~~~~~~~~~~~
arm-none-eabi-gcc -o "jumpingLight.elf" @"objects.list"   -mcpu=cortex-m4 -T"C:\Users\Damian\STM32CubeIDE\workspace_1.18.0\jumpingLight\STM32L496ZGTX_FLASH.ld" --specs=nosys.specs -Wl,-Map="jumpingLight.map" -Wl,--gc-sections -static --specs=nano.specs -mfpu=fpv4-sp-d16 -mfloat-abi=hard -mthumb -Wl,--start-group -lc -lm -Wl,--end-group
Finished building target: jumpingLight.elf
 
arm-none-eabi-size  jumpingLight.elf 
arm-none-eabi-objdump -h -S jumpingLight.elf  > "jumpingLight.list"
   text	   data	    bss	    dec	    hex	filename
   6676	     76	   1572	   8324	   2084	jumpingLight.elf
Finished building: default.size.stdout
 
Finished building: jumpingLight.list
 
23:45:59 **** Incremental Build of configuration Debug for project DisplayCounter ****
make -j12 all 
arm-none-eabi-gcc "../Core/Src/main.c" -mcpu=cortex-m4 -std=gnu11 -g3 -DDEBUG -DUSE_HAL_DRIVER -DSTM32L496xx -c -I../Core/Inc -I../Drivers/STM32L4xx_HAL_Driver/Inc -I../Drivers/STM32L4xx_HAL_Driver/Inc/Legacy -I../Drivers/CMSIS/Device/ST/STM32L4xx/Include -I../Drivers/CMSIS/Include -O0 -ffunction-sections -fdata-sections -Wall -fstack-usage -fcyclomatic-complexity -MMD -MP -MF"Core/Src/main.d" -MT"Core/Src/main.o" --specs=nano.specs -mfpu=fpv4-sp-d16 -mfloat-abi=hard -mthumb -o "Core/Src/main.o"
../Core/Src/main.c: In function 'main':
../Core/Src/main.c:120:3: warning: implicit declaration of function 'initializationOf7SegmentDisplay'; did you mean 'initializationOfSegments'? [-Wimplicit-function-declaration]
  120 |   initializationOf7SegmentDisplay();
      |   ^~~~~~~~~~~~~~~~~~~~~~~~~~~~~~~
      |   initializationOfSegments
In file included from ../Core/Inc/stm32l4xx_hal_conf.h:262,
                 from ../Drivers/STM32L4xx_HAL_Driver/Inc/stm32l4xx_hal.h:29,
                 from ../Core/Inc/main.h:30,
                 from ../Core/Src/main.c:22:
../Core/Src/main.c: In function 'initializationOfJoystick':
../Drivers/STM32L4xx_HAL_Driver/Inc/stm32l4xx_hal_gpio.h:98:36: warning: passing argument 1 of 'initliazePinToInput' makes pointer from integer without a cast [-Wint-conversion]
   98 | #define GPIO_PIN_15                ((uint16_t)0x8000)  /* Pin 15 selected   */
      |                                    ^~~~~~~~~~~~~~~~~~
      |                                    |
      |                                    short unsigned int
../Core/Src/main.c:55:29: note: in expansion of macro 'GPIO_PIN_15'
   55 | #define JOYSTICK_PUSHED_PIN GPIO_PIN_15
      |                             ^~~~~~~~~~~
../Core/Src/main.c:195:29: note: in expansion of macro 'JOYSTICK_PUSHED_PIN'
  195 |         initliazePinToInput(JOYSTICK_PUSHED_PIN, JOYSTICK_PORT);
      |                             ^~~~~~~~~~~~~~~~~~~
../Core/Src/main.c:83:40: note: expected 'GPIO_TypeDef *' but argument is of type 'short unsigned int'
   83 | void initliazePinToInput(GPIO_TypeDef *port, int pin);
      |                          ~~~~~~~~~~~~~~^~~~
In file included from ../Drivers/CMSIS/Device/ST/STM32L4xx/Include/stm32l4xx.h:155,
                 from ../Drivers/STM32L4xx_HAL_Driver/Inc/stm32l4xx_hal_def.h:29,
                 from ../Drivers/STM32L4xx_HAL_Driver/Inc/stm32l4xx_hal_rcc.h:27,
                 from ../Core/Inc/stm32l4xx_hal_conf.h:258:
../Drivers/CMSIS/Device/ST/STM32L4xx/Include/stm32l496xx.h:1491:29: warning: passing argument 2 of 'initliazePinToInput' makes integer from pointer without a cast [-Wint-conversion]
 1491 | #define GPIOE               ((GPIO_TypeDef *) GPIOE_BASE)
      |                             ^~~~~~~~~~~~~~~~~~~~~~~~~~~~~
      |                             |
      |                             GPIO_TypeDef *
../Core/Src/main.c:57:23: note: in expansion of macro 'GPIOE'
   57 | #define JOYSTICK_PORT GPIOE
      |                       ^~~~~
../Core/Src/main.c:195:50: note: in expansion of macro 'JOYSTICK_PORT'
  195 |         initliazePinToInput(JOYSTICK_PUSHED_PIN, JOYSTICK_PORT);
      |                                                  ^~~~~~~~~~~~~
../Core/Src/main.c:83:50: note: expected 'int' but argument is of type 'GPIO_TypeDef *'
   83 | void initliazePinToInput(GPIO_TypeDef *port, int pin);
      |                                              ~~~~^~~
../Core/Src/main.c: At top level:
../Core/Src/main.c:197:6: warning: conflicting types for 'initializationOf7SegmentDisplay'; have 'void(void)'
  197 | void initializationOf7SegmentDisplay(void)
      |      ^~~~~~~~~~~~~~~~~~~~~~~~~~~~~~~
../Core/Src/main.c:120:3: note: previous implicit declaration of 'initializationOf7SegmentDisplay' with type 'void(void)'
  120 |   initializationOf7SegmentDisplay();
      |   ^~~~~~~~~~~~~~~~~~~~~~~~~~~~~~~
../Core/Src/main.c: In function 'initializationOf7SegmentDisplay':
../Core/Src/main.c:199:55: error: expected '=', ',', ';', 'asm' or '__attribute__' before '{' token
  199 | void initliazePinToOutput(GPIO_TypeDef *port, int pin){
      |                                                       ^
../Core/Src/main.c:210:54: error: expected '=', ',', ';', 'asm' or '__attribute__' before '{' token
  210 | void initliazePinToInput(GPIO_TypeDef *port, int pin){
      |                                                      ^
../Core/Src/main.c:229:1: error: expected '=', ',', ';', 'asm' or '__attribute__' before '{' token
  229 | {
      | ^
../Core/Src/main.c:256: error: expected '{' at end of input
make: *** [Core/Src/subdir.mk:34: Core/Src/main.o] Error 1
"make -j12 all" terminated with exit code 2. Build might be incomplete.
23:46:00 **** Incremental Build of configuration Debug for project jumpingLight ****
make -j12 all 
arm-none-eabi-gcc "../Core/Src/main.c" -mcpu=cortex-m4 -std=gnu11 -g3 -DDEBUG -DUSE_HAL_DRIVER -DSTM32L496xx -c -I../Core/Inc -I../Drivers/STM32L4xx_HAL_Driver/Inc -I../Drivers/STM32L4xx_HAL_Driver/Inc/Legacy -I../Drivers/CMSIS/Device/ST/STM32L4xx/Include -I../Drivers/CMSIS/Include -O0 -ffunction-sections -fdata-sections -Wall -fstack-usage -fcyclomatic-complexity -MMD -MP -MF"Core/Src/main.d" -MT"Core/Src/main.o" --specs=nano.specs -mfpu=fpv4-sp-d16 -mfloat-abi=hard -mthumb -o "Core/Src/main.o"
In file included from ../Drivers/CMSIS/Device/ST/STM32L4xx/Include/stm32l4xx.h:155,
                 from ../Drivers/STM32L4xx_HAL_Driver/Inc/stm32l4xx_hal_def.h:29,
                 from ../Drivers/STM32L4xx_HAL_Driver/Inc/stm32l4xx_hal_rcc.h:27,
                 from ../Core/Inc/stm32l4xx_hal_conf.h:258,
                 from ../Drivers/STM32L4xx_HAL_Driver/Inc/stm32l4xx_hal.h:29,
                 from ../Core/Inc/main.h:30,
                 from ../Core/Src/main.c:22:
../Core/Src/main.c: In function 'initializationOfJoystick':
../Drivers/CMSIS/Device/ST/STM32L4xx/Include/stm32l496xx.h:1491:29: warning: passing argument 2 of 'initliazePinToInput' makes integer from pointer without a cast [-Wint-conversion]
 1491 | #define GPIOE               ((GPIO_TypeDef *) GPIOE_BASE)
      |                             ^~~~~~~~~~~~~~~~~~~~~~~~~~~~~
      |                             |
      |                             GPIO_TypeDef *
../Core/Src/main.c:72:23: note: in expansion of macro 'GPIOE'
   72 | #define JOYSTICK_PORT GPIOE
      |                       ^~~~~
../Core/Src/main.c:246:52: note: in expansion of macro 'JOYSTICK_PORT'
  246 |                 initliazePinToInput(JOYSTICK_PORT, JOYSTICK_PORT);
      |                                                    ^~~~~~~~~~~~~
../Core/Src/main.c:104:50: note: expected 'int' but argument is of type 'GPIO_TypeDef *'
  104 | void initliazePinToInput(GPIO_TypeDef *port, int pin);
      |                                              ~~~~^~~
arm-none-eabi-gcc -o "jumpingLight.elf" @"objects.list"   -mcpu=cortex-m4 -T"C:\Users\Damian\STM32CubeIDE\workspace_1.18.0\jumpingLight\STM32L496ZGTX_FLASH.ld" --specs=nosys.specs -Wl,-Map="jumpingLight.map" -Wl,--gc-sections -static --specs=nano.specs -mfpu=fpv4-sp-d16 -mfloat-abi=hard -mthumb -Wl,--start-group -lc -lm -Wl,--end-group
Finished building target: jumpingLight.elf
 
arm-none-eabi-size  jumpingLight.elf 
arm-none-eabi-objdump -h -S jumpingLight.elf  > "jumpingLight.list"
   text	   data	    bss	    dec	    hex	filename
   6676	     76	   1572	   8324	   2084	jumpingLight.elf
Finished building: default.size.stdout
 
Finished building: jumpingLight.list
 
23:48:18 **** Incremental Build of configuration Debug for project DisplayCounter ****
make -j12 all 
arm-none-eabi-gcc "../Core/Src/main.c" -mcpu=cortex-m4 -std=gnu11 -g3 -DDEBUG -DUSE_HAL_DRIVER -DSTM32L496xx -c -I../Core/Inc -I../Drivers/STM32L4xx_HAL_Driver/Inc -I../Drivers/STM32L4xx_HAL_Driver/Inc/Legacy -I../Drivers/CMSIS/Device/ST/STM32L4xx/Include -I../Drivers/CMSIS/Include -O0 -ffunction-sections -fdata-sections -Wall -fstack-usage -fcyclomatic-complexity -MMD -MP -MF"Core/Src/main.d" -MT"Core/Src/main.o" --specs=nano.specs -mfpu=fpv4-sp-d16 -mfloat-abi=hard -mthumb -o "Core/Src/main.o"
../Core/Src/main.c: In function 'main':
../Core/Src/main.c:120:3: warning: implicit declaration of function 'initializationOf7SegmentDisplay'; did you mean 'initializationOfSegments'? [-Wimplicit-function-declaration]
  120 |   initializationOf7SegmentDisplay();
      |   ^~~~~~~~~~~~~~~~~~~~~~~~~~~~~~~
      |   initializationOfSegments
In file included from ../Core/Inc/stm32l4xx_hal_conf.h:262,
                 from ../Drivers/STM32L4xx_HAL_Driver/Inc/stm32l4xx_hal.h:29,
                 from ../Core/Inc/main.h:30,
                 from ../Core/Src/main.c:22:
../Core/Src/main.c: In function 'initializationOfJoystick':
../Drivers/STM32L4xx_HAL_Driver/Inc/stm32l4xx_hal_gpio.h:98:36: warning: passing argument 1 of 'initliazePinToInput' makes pointer from integer without a cast [-Wint-conversion]
   98 | #define GPIO_PIN_15                ((uint16_t)0x8000)  /* Pin 15 selected   */
      |                                    ^~~~~~~~~~~~~~~~~~
      |                                    |
      |                                    short unsigned int
../Core/Src/main.c:55:29: note: in expansion of macro 'GPIO_PIN_15'
   55 | #define JOYSTICK_PUSHED_PIN GPIO_PIN_15
      |                             ^~~~~~~~~~~
../Core/Src/main.c:195:29: note: in expansion of macro 'JOYSTICK_PUSHED_PIN'
  195 |         initliazePinToInput(JOYSTICK_PUSHED_PIN, JOYSTICK_PORT);
      |                             ^~~~~~~~~~~~~~~~~~~
../Core/Src/main.c:83:40: note: expected 'GPIO_TypeDef *' but argument is of type 'short unsigned int'
   83 | void initliazePinToInput(GPIO_TypeDef *port, int pin);
      |                          ~~~~~~~~~~~~~~^~~~
In file included from ../Drivers/CMSIS/Device/ST/STM32L4xx/Include/stm32l4xx.h:155,
                 from ../Drivers/STM32L4xx_HAL_Driver/Inc/stm32l4xx_hal_def.h:29,
                 from ../Drivers/STM32L4xx_HAL_Driver/Inc/stm32l4xx_hal_rcc.h:27,
                 from ../Core/Inc/stm32l4xx_hal_conf.h:258:
../Drivers/CMSIS/Device/ST/STM32L4xx/Include/stm32l496xx.h:1491:29: warning: passing argument 2 of 'initliazePinToInput' makes integer from pointer without a cast [-Wint-conversion]
 1491 | #define GPIOE               ((GPIO_TypeDef *) GPIOE_BASE)
      |                             ^~~~~~~~~~~~~~~~~~~~~~~~~~~~~
      |                             |
      |                             GPIO_TypeDef *
../Core/Src/main.c:57:23: note: in expansion of macro 'GPIOE'
   57 | #define JOYSTICK_PORT GPIOE
      |                       ^~~~~
../Core/Src/main.c:195:50: note: in expansion of macro 'JOYSTICK_PORT'
  195 |         initliazePinToInput(JOYSTICK_PUSHED_PIN, JOYSTICK_PORT);
      |                                                  ^~~~~~~~~~~~~
../Core/Src/main.c:83:50: note: expected 'int' but argument is of type 'GPIO_TypeDef *'
   83 | void initliazePinToInput(GPIO_TypeDef *port, int pin);
      |                                              ~~~~^~~
../Core/Src/main.c: At top level:
../Core/Src/main.c:197:6: warning: conflicting types for 'initializationOf7SegmentDisplay'; have 'void(void)'
  197 | void initializationOf7SegmentDisplay(void)
      |      ^~~~~~~~~~~~~~~~~~~~~~~~~~~~~~~
../Core/Src/main.c:120:3: note: previous implicit declaration of 'initializationOf7SegmentDisplay' with type 'void(void)'
  120 |   initializationOf7SegmentDisplay();
      |   ^~~~~~~~~~~~~~~~~~~~~~~~~~~~~~~
../Core/Src/main.c: In function 'initializationOf7SegmentDisplay':
../Core/Src/main.c:199:55: error: expected '=', ',', ';', 'asm' or '__attribute__' before '{' token
  199 | void initliazePinToOutput(GPIO_TypeDef *port, int pin){
      |                                                       ^
../Core/Src/main.c:210:54: error: expected '=', ',', ';', 'asm' or '__attribute__' before '{' token
  210 | void initliazePinToInput(GPIO_TypeDef *port, int pin){
      |                                                      ^
../Core/Src/main.c:229:1: error: expected '=', ',', ';', 'asm' or '__attribute__' before '{' token
  229 | {
      | ^
../Core/Src/main.c:256: error: expected '{' at end of input
make: *** [Core/Src/subdir.mk:34: Core/Src/main.o] Error 1
"make -j12 all" terminated with exit code 2. Build might be incomplete.
23:48:19 **** Incremental Build of configuration Debug for project jumpingLight ****
make -j12 all 
arm-none-eabi-gcc "../Core/Src/main.c" -mcpu=cortex-m4 -std=gnu11 -g3 -DDEBUG -DUSE_HAL_DRIVER -DSTM32L496xx -c -I../Core/Inc -I../Drivers/STM32L4xx_HAL_Driver/Inc -I../Drivers/STM32L4xx_HAL_Driver/Inc/Legacy -I../Drivers/CMSIS/Device/ST/STM32L4xx/Include -I../Drivers/CMSIS/Include -O0 -ffunction-sections -fdata-sections -Wall -fstack-usage -fcyclomatic-complexity -MMD -MP -MF"Core/Src/main.d" -MT"Core/Src/main.o" --specs=nano.specs -mfpu=fpv4-sp-d16 -mfloat-abi=hard -mthumb -o "Core/Src/main.o"
../Core/Src/main.c: In function 'initializationOfJoystickOfLEDS':
../Core/Src/main.c:252:46: warning: passing argument 1 of 'initliazePinToOutput' makes pointer from integer without a cast [-Wint-conversion]
  252 |                 initliazePinToOutput(LED_PINS[i], LED_PORTS[i]);
      |                                      ~~~~~~~~^~~
      |                                              |
      |                                              int
../Core/Src/main.c:103:41: note: expected 'GPIO_TypeDef *' but argument is of type 'int'
  103 | void initliazePinToOutput(GPIO_TypeDef *port, int pin);
      |                           ~~~~~~~~~~~~~~^~~~
../Core/Src/main.c:252:60: warning: passing argument 2 of 'initliazePinToOutput' makes integer from pointer without a cast [-Wint-conversion]
  252 |                 initliazePinToOutput(LED_PINS[i], LED_PORTS[i]);
      |                                                   ~~~~~~~~~^~~
      |                                                            |
      |                                                            GPIO_TypeDef *
../Core/Src/main.c:103:51: note: expected 'int' but argument is of type 'GPIO_TypeDef *'
  103 | void initliazePinToOutput(GPIO_TypeDef *port, int pin);
      |                                               ~~~~^~~
arm-none-eabi-gcc -o "jumpingLight.elf" @"objects.list"   -mcpu=cortex-m4 -T"C:\Users\Damian\STM32CubeIDE\workspace_1.18.0\jumpingLight\STM32L496ZGTX_FLASH.ld" --specs=nosys.specs -Wl,-Map="jumpingLight.map" -Wl,--gc-sections -static --specs=nano.specs -mfpu=fpv4-sp-d16 -mfloat-abi=hard -mthumb -Wl,--start-group -lc -lm -Wl,--end-group
Finished building target: jumpingLight.elf
 
arm-none-eabi-size  jumpingLight.elf 
arm-none-eabi-objdump -h -S jumpingLight.elf  > "jumpingLight.list"
   text	   data	    bss	    dec	    hex	filename
   6688	     96	   1568	   8352	   20a0	jumpingLight.elf
Finished building: default.size.stdout
 
Finished building: jumpingLight.list
 
23:48:40 **** Incremental Build of configuration Debug for project DisplayCounter ****
make -j12 all 
arm-none-eabi-gcc "../Core/Src/main.c" -mcpu=cortex-m4 -std=gnu11 -g3 -DDEBUG -DUSE_HAL_DRIVER -DSTM32L496xx -c -I../Core/Inc -I../Drivers/STM32L4xx_HAL_Driver/Inc -I../Drivers/STM32L4xx_HAL_Driver/Inc/Legacy -I../Drivers/CMSIS/Device/ST/STM32L4xx/Include -I../Drivers/CMSIS/Include -O0 -ffunction-sections -fdata-sections -Wall -fstack-usage -fcyclomatic-complexity -MMD -MP -MF"Core/Src/main.d" -MT"Core/Src/main.o" --specs=nano.specs -mfpu=fpv4-sp-d16 -mfloat-abi=hard -mthumb -o "Core/Src/main.o"
../Core/Src/main.c: In function 'main':
../Core/Src/main.c:120:3: warning: implicit declaration of function 'initializationOf7SegmentDisplay'; did you mean 'initializationOfSegments'? [-Wimplicit-function-declaration]
  120 |   initializationOf7SegmentDisplay();
      |   ^~~~~~~~~~~~~~~~~~~~~~~~~~~~~~~
      |   initializationOfSegments
In file included from ../Core/Inc/stm32l4xx_hal_conf.h:262,
                 from ../Drivers/STM32L4xx_HAL_Driver/Inc/stm32l4xx_hal.h:29,
                 from ../Core/Inc/main.h:30,
                 from ../Core/Src/main.c:22:
../Core/Src/main.c: In function 'initializationOfJoystick':
../Drivers/STM32L4xx_HAL_Driver/Inc/stm32l4xx_hal_gpio.h:98:36: warning: passing argument 1 of 'initliazePinToInput' makes pointer from integer without a cast [-Wint-conversion]
   98 | #define GPIO_PIN_15                ((uint16_t)0x8000)  /* Pin 15 selected   */
      |                                    ^~~~~~~~~~~~~~~~~~
      |                                    |
      |                                    short unsigned int
../Core/Src/main.c:55:29: note: in expansion of macro 'GPIO_PIN_15'
   55 | #define JOYSTICK_PUSHED_PIN GPIO_PIN_15
      |                             ^~~~~~~~~~~
../Core/Src/main.c:195:29: note: in expansion of macro 'JOYSTICK_PUSHED_PIN'
  195 |         initliazePinToInput(JOYSTICK_PUSHED_PIN, JOYSTICK_PORT);
      |                             ^~~~~~~~~~~~~~~~~~~
../Core/Src/main.c:83:40: note: expected 'GPIO_TypeDef *' but argument is of type 'short unsigned int'
   83 | void initliazePinToInput(GPIO_TypeDef *port, int pin);
      |                          ~~~~~~~~~~~~~~^~~~
In file included from ../Drivers/CMSIS/Device/ST/STM32L4xx/Include/stm32l4xx.h:155,
                 from ../Drivers/STM32L4xx_HAL_Driver/Inc/stm32l4xx_hal_def.h:29,
                 from ../Drivers/STM32L4xx_HAL_Driver/Inc/stm32l4xx_hal_rcc.h:27,
                 from ../Core/Inc/stm32l4xx_hal_conf.h:258:
../Drivers/CMSIS/Device/ST/STM32L4xx/Include/stm32l496xx.h:1491:29: warning: passing argument 2 of 'initliazePinToInput' makes integer from pointer without a cast [-Wint-conversion]
 1491 | #define GPIOE               ((GPIO_TypeDef *) GPIOE_BASE)
      |                             ^~~~~~~~~~~~~~~~~~~~~~~~~~~~~
      |                             |
      |                             GPIO_TypeDef *
../Core/Src/main.c:57:23: note: in expansion of macro 'GPIOE'
   57 | #define JOYSTICK_PORT GPIOE
      |                       ^~~~~
../Core/Src/main.c:195:50: note: in expansion of macro 'JOYSTICK_PORT'
  195 |         initliazePinToInput(JOYSTICK_PUSHED_PIN, JOYSTICK_PORT);
      |                                                  ^~~~~~~~~~~~~
../Core/Src/main.c:83:50: note: expected 'int' but argument is of type 'GPIO_TypeDef *'
   83 | void initliazePinToInput(GPIO_TypeDef *port, int pin);
      |                                              ~~~~^~~
../Core/Src/main.c: At top level:
../Core/Src/main.c:197:6: warning: conflicting types for 'initializationOf7SegmentDisplay'; have 'void(void)'
  197 | void initializationOf7SegmentDisplay(void)
      |      ^~~~~~~~~~~~~~~~~~~~~~~~~~~~~~~
../Core/Src/main.c:120:3: note: previous implicit declaration of 'initializationOf7SegmentDisplay' with type 'void(void)'
  120 |   initializationOf7SegmentDisplay();
      |   ^~~~~~~~~~~~~~~~~~~~~~~~~~~~~~~
../Core/Src/main.c: In function 'initializationOf7SegmentDisplay':
../Core/Src/main.c:199:55: error: expected '=', ',', ';', 'asm' or '__attribute__' before '{' token
  199 | void initliazePinToOutput(GPIO_TypeDef *port, int pin){
      |                                                       ^
../Core/Src/main.c:210:54: error: expected '=', ',', ';', 'asm' or '__attribute__' before '{' token
  210 | void initliazePinToInput(GPIO_TypeDef *port, int pin){
      |                                                      ^
../Core/Src/main.c:229:1: error: expected '=', ',', ';', 'asm' or '__attribute__' before '{' token
  229 | {
      | ^
../Core/Src/main.c:256: error: expected '{' at end of input
make: *** [Core/Src/subdir.mk:34: Core/Src/main.o] Error 1
"make -j12 all" terminated with exit code 2. Build might be incomplete.
23:48:41 **** Incremental Build of configuration Debug for project jumpingLight ****
make -j12 all 
arm-none-eabi-gcc "../Core/Src/main.c" -mcpu=cortex-m4 -std=gnu11 -g3 -DDEBUG -DUSE_HAL_DRIVER -DSTM32L496xx -c -I../Core/Inc -I../Drivers/STM32L4xx_HAL_Driver/Inc -I../Drivers/STM32L4xx_HAL_Driver/Inc/Legacy -I../Drivers/CMSIS/Device/ST/STM32L4xx/Include -I../Drivers/CMSIS/Include -O0 -ffunction-sections -fdata-sections -Wall -fstack-usage -fcyclomatic-complexity -MMD -MP -MF"Core/Src/main.d" -MT"Core/Src/main.o" --specs=nano.specs -mfpu=fpv4-sp-d16 -mfloat-abi=hard -mthumb -o "Core/Src/main.o"
arm-none-eabi-gcc -o "jumpingLight.elf" @"objects.list"   -mcpu=cortex-m4 -T"C:\Users\Damian\STM32CubeIDE\workspace_1.18.0\jumpingLight\STM32L496ZGTX_FLASH.ld" --specs=nosys.specs -Wl,-Map="jumpingLight.map" -Wl,--gc-sections -static --specs=nano.specs -mfpu=fpv4-sp-d16 -mfloat-abi=hard -mthumb -Wl,--start-group -lc -lm -Wl,--end-group
Finished building target: jumpingLight.elf
 
arm-none-eabi-size  jumpingLight.elf 
arm-none-eabi-objdump -h -S jumpingLight.elf  > "jumpingLight.list"
   text	   data	    bss	    dec	    hex	filename
   6688	     96	   1568	   8352	   20a0	jumpingLight.elf
Finished building: default.size.stdout
 
Finished building: jumpingLight.list
 
23:49:20 **** Incremental Build of configuration Debug for project DisplayCounter ****
make -j12 all 
arm-none-eabi-gcc "../Core/Src/main.c" -mcpu=cortex-m4 -std=gnu11 -g3 -DDEBUG -DUSE_HAL_DRIVER -DSTM32L496xx -c -I../Core/Inc -I../Drivers/STM32L4xx_HAL_Driver/Inc -I../Drivers/STM32L4xx_HAL_Driver/Inc/Legacy -I../Drivers/CMSIS/Device/ST/STM32L4xx/Include -I../Drivers/CMSIS/Include -O0 -ffunction-sections -fdata-sections -Wall -fstack-usage -fcyclomatic-complexity -MMD -MP -MF"Core/Src/main.d" -MT"Core/Src/main.o" --specs=nano.specs -mfpu=fpv4-sp-d16 -mfloat-abi=hard -mthumb -o "Core/Src/main.o"
../Core/Src/main.c: In function 'main':
../Core/Src/main.c:120:3: warning: implicit declaration of function 'initializationOf7SegmentDisplay'; did you mean 'initializationOfSegments'? [-Wimplicit-function-declaration]
  120 |   initializationOf7SegmentDisplay();
      |   ^~~~~~~~~~~~~~~~~~~~~~~~~~~~~~~
      |   initializationOfSegments
In file included from ../Core/Inc/stm32l4xx_hal_conf.h:262,
                 from ../Drivers/STM32L4xx_HAL_Driver/Inc/stm32l4xx_hal.h:29,
                 from ../Core/Inc/main.h:30,
                 from ../Core/Src/main.c:22:
../Core/Src/main.c: In function 'initializationOfJoystick':
../Drivers/STM32L4xx_HAL_Driver/Inc/stm32l4xx_hal_gpio.h:98:36: warning: passing argument 1 of 'initliazePinToInput' makes pointer from integer without a cast [-Wint-conversion]
   98 | #define GPIO_PIN_15                ((uint16_t)0x8000)  /* Pin 15 selected   */
      |                                    ^~~~~~~~~~~~~~~~~~
      |                                    |
      |                                    short unsigned int
../Core/Src/main.c:55:29: note: in expansion of macro 'GPIO_PIN_15'
   55 | #define JOYSTICK_PUSHED_PIN GPIO_PIN_15
      |                             ^~~~~~~~~~~
../Core/Src/main.c:195:29: note: in expansion of macro 'JOYSTICK_PUSHED_PIN'
  195 |         initliazePinToInput(JOYSTICK_PUSHED_PIN, JOYSTICK_PORT);
      |                             ^~~~~~~~~~~~~~~~~~~
../Core/Src/main.c:83:40: note: expected 'GPIO_TypeDef *' but argument is of type 'short unsigned int'
   83 | void initliazePinToInput(GPIO_TypeDef *port, int pin);
      |                          ~~~~~~~~~~~~~~^~~~
In file included from ../Drivers/CMSIS/Device/ST/STM32L4xx/Include/stm32l4xx.h:155,
                 from ../Drivers/STM32L4xx_HAL_Driver/Inc/stm32l4xx_hal_def.h:29,
                 from ../Drivers/STM32L4xx_HAL_Driver/Inc/stm32l4xx_hal_rcc.h:27,
                 from ../Core/Inc/stm32l4xx_hal_conf.h:258:
../Drivers/CMSIS/Device/ST/STM32L4xx/Include/stm32l496xx.h:1491:29: warning: passing argument 2 of 'initliazePinToInput' makes integer from pointer without a cast [-Wint-conversion]
 1491 | #define GPIOE               ((GPIO_TypeDef *) GPIOE_BASE)
      |                             ^~~~~~~~~~~~~~~~~~~~~~~~~~~~~
      |                             |
      |                             GPIO_TypeDef *
../Core/Src/main.c:57:23: note: in expansion of macro 'GPIOE'
   57 | #define JOYSTICK_PORT GPIOE
      |                       ^~~~~
../Core/Src/main.c:195:50: note: in expansion of macro 'JOYSTICK_PORT'
  195 |         initliazePinToInput(JOYSTICK_PUSHED_PIN, JOYSTICK_PORT);
      |                                                  ^~~~~~~~~~~~~
../Core/Src/main.c:83:50: note: expected 'int' but argument is of type 'GPIO_TypeDef *'
   83 | void initliazePinToInput(GPIO_TypeDef *port, int pin);
      |                                              ~~~~^~~
../Core/Src/main.c: At top level:
../Core/Src/main.c:197:6: warning: conflicting types for 'initializationOf7SegmentDisplay'; have 'void(void)'
  197 | void initializationOf7SegmentDisplay(void)
      |      ^~~~~~~~~~~~~~~~~~~~~~~~~~~~~~~
../Core/Src/main.c:120:3: note: previous implicit declaration of 'initializationOf7SegmentDisplay' with type 'void(void)'
  120 |   initializationOf7SegmentDisplay();
      |   ^~~~~~~~~~~~~~~~~~~~~~~~~~~~~~~
../Core/Src/main.c: In function 'initializationOf7SegmentDisplay':
../Core/Src/main.c:199:55: error: expected '=', ',', ';', 'asm' or '__attribute__' before '{' token
  199 | void initliazePinToOutput(GPIO_TypeDef *port, int pin){
      |                                                       ^
../Core/Src/main.c:210:54: error: expected '=', ',', ';', 'asm' or '__attribute__' before '{' token
  210 | void initliazePinToInput(GPIO_TypeDef *port, int pin){
      |                                                      ^
../Core/Src/main.c:229:1: error: expected '=', ',', ';', 'asm' or '__attribute__' before '{' token
  229 | {
      | ^
../Core/Src/main.c:256: error: expected '{' at end of input
make: *** [Core/Src/subdir.mk:34: Core/Src/main.o] Error 1
"make -j12 all" terminated with exit code 2. Build might be incomplete.
23:49:21 **** Incremental Build of configuration Debug for project jumpingLight ****
make -j12 all 
arm-none-eabi-gcc "../Core/Src/main.c" -mcpu=cortex-m4 -std=gnu11 -g3 -DDEBUG -DUSE_HAL_DRIVER -DSTM32L496xx -c -I../Core/Inc -I../Drivers/STM32L4xx_HAL_Driver/Inc -I../Drivers/STM32L4xx_HAL_Driver/Inc/Legacy -I../Drivers/CMSIS/Device/ST/STM32L4xx/Include -I../Drivers/CMSIS/Include -O0 -ffunction-sections -fdata-sections -Wall -fstack-usage -fcyclomatic-complexity -MMD -MP -MF"Core/Src/main.d" -MT"Core/Src/main.o" --specs=nano.specs -mfpu=fpv4-sp-d16 -mfloat-abi=hard -mthumb -o "Core/Src/main.o"
../Core/Src/main.c: In function 'main':
../Core/Src/main.c:142:3: warning: implicit declaration of function 'initializationOfJoystickOfLEDS'; did you mean 'initializationOfJoystick'? [-Wimplicit-function-declaration]
  142 |   initializationOfJoystickOfLEDS();
      |   ^~~~~~~~~~~~~~~~~~~~~~~~~~~~~~
      |   initializationOfJoystick
../Core/Src/main.c: At top level:
../Core/Src/main.c:251:6: warning: conflicting types for 'initializationOfJoystickOfLEDS'; have 'void(void)'
  251 | void initializationOfJoystickOfLEDS(void){
      |      ^~~~~~~~~~~~~~~~~~~~~~~~~~~~~~
../Core/Src/main.c:142:3: note: previous implicit declaration of 'initializationOfJoystickOfLEDS' with type 'void(void)'
  142 |   initializationOfJoystickOfLEDS();
      |   ^~~~~~~~~~~~~~~~~~~~~~~~~~~~~~
arm-none-eabi-gcc -o "jumpingLight.elf" @"objects.list"   -mcpu=cortex-m4 -T"C:\Users\Damian\STM32CubeIDE\workspace_1.18.0\jumpingLight\STM32L496ZGTX_FLASH.ld" --specs=nosys.specs -Wl,-Map="jumpingLight.map" -Wl,--gc-sections -static --specs=nano.specs -mfpu=fpv4-sp-d16 -mfloat-abi=hard -mthumb -Wl,--start-group -lc -lm -Wl,--end-group
Finished building target: jumpingLight.elf
 
arm-none-eabi-size  jumpingLight.elf 
arm-none-eabi-objdump -h -S jumpingLight.elf  > "jumpingLight.list"
   text	   data	    bss	    dec	    hex	filename
   6784	    120	   1568	   8472	   2118	jumpingLight.elf
Finished building: default.size.stdout
 
Finished building: jumpingLight.list
 
23:49:30 **** Incremental Build of configuration Debug for project DisplayCounter ****
make -j12 all 
arm-none-eabi-gcc "../Core/Src/main.c" -mcpu=cortex-m4 -std=gnu11 -g3 -DDEBUG -DUSE_HAL_DRIVER -DSTM32L496xx -c -I../Core/Inc -I../Drivers/STM32L4xx_HAL_Driver/Inc -I../Drivers/STM32L4xx_HAL_Driver/Inc/Legacy -I../Drivers/CMSIS/Device/ST/STM32L4xx/Include -I../Drivers/CMSIS/Include -O0 -ffunction-sections -fdata-sections -Wall -fstack-usage -fcyclomatic-complexity -MMD -MP -MF"Core/Src/main.d" -MT"Core/Src/main.o" --specs=nano.specs -mfpu=fpv4-sp-d16 -mfloat-abi=hard -mthumb -o "Core/Src/main.o"
../Core/Src/main.c: In function 'main':
../Core/Src/main.c:120:3: warning: implicit declaration of function 'initializationOf7SegmentDisplay'; did you mean 'initializationOfSegments'? [-Wimplicit-function-declaration]
  120 |   initializationOf7SegmentDisplay();
      |   ^~~~~~~~~~~~~~~~~~~~~~~~~~~~~~~
      |   initializationOfSegments
In file included from ../Core/Inc/stm32l4xx_hal_conf.h:262,
                 from ../Drivers/STM32L4xx_HAL_Driver/Inc/stm32l4xx_hal.h:29,
                 from ../Core/Inc/main.h:30,
                 from ../Core/Src/main.c:22:
../Core/Src/main.c: In function 'initializationOfJoystick':
../Drivers/STM32L4xx_HAL_Driver/Inc/stm32l4xx_hal_gpio.h:98:36: warning: passing argument 1 of 'initliazePinToInput' makes pointer from integer without a cast [-Wint-conversion]
   98 | #define GPIO_PIN_15                ((uint16_t)0x8000)  /* Pin 15 selected   */
      |                                    ^~~~~~~~~~~~~~~~~~
      |                                    |
      |                                    short unsigned int
../Core/Src/main.c:55:29: note: in expansion of macro 'GPIO_PIN_15'
   55 | #define JOYSTICK_PUSHED_PIN GPIO_PIN_15
      |                             ^~~~~~~~~~~
../Core/Src/main.c:195:29: note: in expansion of macro 'JOYSTICK_PUSHED_PIN'
  195 |         initliazePinToInput(JOYSTICK_PUSHED_PIN, JOYSTICK_PORT);
      |                             ^~~~~~~~~~~~~~~~~~~
../Core/Src/main.c:83:40: note: expected 'GPIO_TypeDef *' but argument is of type 'short unsigned int'
   83 | void initliazePinToInput(GPIO_TypeDef *port, int pin);
      |                          ~~~~~~~~~~~~~~^~~~
In file included from ../Drivers/CMSIS/Device/ST/STM32L4xx/Include/stm32l4xx.h:155,
                 from ../Drivers/STM32L4xx_HAL_Driver/Inc/stm32l4xx_hal_def.h:29,
                 from ../Drivers/STM32L4xx_HAL_Driver/Inc/stm32l4xx_hal_rcc.h:27,
                 from ../Core/Inc/stm32l4xx_hal_conf.h:258:
../Drivers/CMSIS/Device/ST/STM32L4xx/Include/stm32l496xx.h:1491:29: warning: passing argument 2 of 'initliazePinToInput' makes integer from pointer without a cast [-Wint-conversion]
 1491 | #define GPIOE               ((GPIO_TypeDef *) GPIOE_BASE)
      |                             ^~~~~~~~~~~~~~~~~~~~~~~~~~~~~
      |                             |
      |                             GPIO_TypeDef *
../Core/Src/main.c:57:23: note: in expansion of macro 'GPIOE'
   57 | #define JOYSTICK_PORT GPIOE
      |                       ^~~~~
../Core/Src/main.c:195:50: note: in expansion of macro 'JOYSTICK_PORT'
  195 |         initliazePinToInput(JOYSTICK_PUSHED_PIN, JOYSTICK_PORT);
      |                                                  ^~~~~~~~~~~~~
../Core/Src/main.c:83:50: note: expected 'int' but argument is of type 'GPIO_TypeDef *'
   83 | void initliazePinToInput(GPIO_TypeDef *port, int pin);
      |                                              ~~~~^~~
../Core/Src/main.c: At top level:
../Core/Src/main.c:197:6: warning: conflicting types for 'initializationOf7SegmentDisplay'; have 'void(void)'
  197 | void initializationOf7SegmentDisplay(void)
      |      ^~~~~~~~~~~~~~~~~~~~~~~~~~~~~~~
../Core/Src/main.c:120:3: note: previous implicit declaration of 'initializationOf7SegmentDisplay' with type 'void(void)'
  120 |   initializationOf7SegmentDisplay();
      |   ^~~~~~~~~~~~~~~~~~~~~~~~~~~~~~~
../Core/Src/main.c: In function 'initializationOf7SegmentDisplay':
../Core/Src/main.c:199:55: error: expected '=', ',', ';', 'asm' or '__attribute__' before '{' token
  199 | void initliazePinToOutput(GPIO_TypeDef *port, int pin){
      |                                                       ^
../Core/Src/main.c:210:54: error: expected '=', ',', ';', 'asm' or '__attribute__' before '{' token
  210 | void initliazePinToInput(GPIO_TypeDef *port, int pin){
      |                                                      ^
../Core/Src/main.c:229:1: error: expected '=', ',', ';', 'asm' or '__attribute__' before '{' token
  229 | {
      | ^
../Core/Src/main.c:256: error: expected '{' at end of input
make: *** [Core/Src/subdir.mk:34: Core/Src/main.o] Error 1
"make -j12 all" terminated with exit code 2. Build might be incomplete.
23:49:31 **** Incremental Build of configuration Debug for project jumpingLight ****
make -j12 all 
arm-none-eabi-size  jumpingLight.elf 
   text	   data	    bss	    dec	    hex	filename
   6784	    120	   1568	   8472	   2118	jumpingLight.elf
Finished building: default.size.stdout
 
23:50:43 **** Incremental Build of configuration Debug for project DisplayCounter ****
make -j12 all 
arm-none-eabi-gcc "../Core/Src/main.c" -mcpu=cortex-m4 -std=gnu11 -g3 -DDEBUG -DUSE_HAL_DRIVER -DSTM32L496xx -c -I../Core/Inc -I../Drivers/STM32L4xx_HAL_Driver/Inc -I../Drivers/STM32L4xx_HAL_Driver/Inc/Legacy -I../Drivers/CMSIS/Device/ST/STM32L4xx/Include -I../Drivers/CMSIS/Include -O0 -ffunction-sections -fdata-sections -Wall -fstack-usage -fcyclomatic-complexity -MMD -MP -MF"Core/Src/main.d" -MT"Core/Src/main.o" --specs=nano.specs -mfpu=fpv4-sp-d16 -mfloat-abi=hard -mthumb -o "Core/Src/main.o"
../Core/Src/main.c: In function 'main':
../Core/Src/main.c:122:3: warning: implicit declaration of function 'initializationOf7SegmentDisplay'; did you mean 'initializationOfSegments'? [-Wimplicit-function-declaration]
  122 |   initializationOf7SegmentDisplay();
      |   ^~~~~~~~~~~~~~~~~~~~~~~~~~~~~~~
      |   initializationOfSegments
In file included from ../Core/Inc/stm32l4xx_hal_conf.h:262,
                 from ../Drivers/STM32L4xx_HAL_Driver/Inc/stm32l4xx_hal.h:29,
                 from ../Core/Inc/main.h:30,
                 from ../Core/Src/main.c:22:
../Core/Src/main.c: In function 'initializationOfJoystick':
../Drivers/STM32L4xx_HAL_Driver/Inc/stm32l4xx_hal_gpio.h:98:36: warning: passing argument 1 of 'initliazePinToInput' makes pointer from integer without a cast [-Wint-conversion]
   98 | #define GPIO_PIN_15                ((uint16_t)0x8000)  /* Pin 15 selected   */
      |                                    ^~~~~~~~~~~~~~~~~~
      |                                    |
      |                                    short unsigned int
../Core/Src/main.c:57:29: note: in expansion of macro 'GPIO_PIN_15'
   57 | #define JOYSTICK_PUSHED_PIN GPIO_PIN_15
      |                             ^~~~~~~~~~~
../Core/Src/main.c:198:29: note: in expansion of macro 'JOYSTICK_PUSHED_PIN'
  198 |         initliazePinToInput(JOYSTICK_PUSHED_PIN, JOYSTICK_PORT);
      |                             ^~~~~~~~~~~~~~~~~~~
../Core/Src/main.c:85:40: note: expected 'GPIO_TypeDef *' but argument is of type 'short unsigned int'
   85 | void initliazePinToInput(GPIO_TypeDef *port, int pin);
      |                          ~~~~~~~~~~~~~~^~~~
In file included from ../Drivers/CMSIS/Device/ST/STM32L4xx/Include/stm32l4xx.h:155,
                 from ../Drivers/STM32L4xx_HAL_Driver/Inc/stm32l4xx_hal_def.h:29,
                 from ../Drivers/STM32L4xx_HAL_Driver/Inc/stm32l4xx_hal_rcc.h:27,
                 from ../Core/Inc/stm32l4xx_hal_conf.h:258:
../Drivers/CMSIS/Device/ST/STM32L4xx/Include/stm32l496xx.h:1491:29: warning: passing argument 2 of 'initliazePinToInput' makes integer from pointer without a cast [-Wint-conversion]
 1491 | #define GPIOE               ((GPIO_TypeDef *) GPIOE_BASE)
      |                             ^~~~~~~~~~~~~~~~~~~~~~~~~~~~~
      |                             |
      |                             GPIO_TypeDef *
../Core/Src/main.c:59:23: note: in expansion of macro 'GPIOE'
   59 | #define JOYSTICK_PORT GPIOE
      |                       ^~~~~
../Core/Src/main.c:198:50: note: in expansion of macro 'JOYSTICK_PORT'
  198 |         initliazePinToInput(JOYSTICK_PUSHED_PIN, JOYSTICK_PORT);
      |                                                  ^~~~~~~~~~~~~
../Core/Src/main.c:85:50: note: expected 'int' but argument is of type 'GPIO_TypeDef *'
   85 | void initliazePinToInput(GPIO_TypeDef *port, int pin);
      |                                              ~~~~^~~
../Core/Src/main.c: At top level:
../Core/Src/main.c:200:6: warning: conflicting types for 'initializationOf7SegmentDisplay'; have 'void(void)'
  200 | void initializationOf7SegmentDisplay(void)
      |      ^~~~~~~~~~~~~~~~~~~~~~~~~~~~~~~
../Core/Src/main.c:122:3: note: previous implicit declaration of 'initializationOf7SegmentDisplay' with type 'void(void)'
  122 |   initializationOf7SegmentDisplay();
      |   ^~~~~~~~~~~~~~~~~~~~~~~~~~~~~~~
../Core/Src/main.c: In function 'initializationOf7SegmentDisplay':
../Core/Src/main.c:202:55: error: expected '=', ',', ';', 'asm' or '__attribute__' before '{' token
  202 | void initliazePinToOutput(GPIO_TypeDef *port, int pin){
      |                                                       ^
../Core/Src/main.c:213:54: error: expected '=', ',', ';', 'asm' or '__attribute__' before '{' token
  213 | void initliazePinToInput(GPIO_TypeDef *port, int pin){
      |                                                      ^
../Core/Src/main.c:232:1: error: expected '=', ',', ';', 'asm' or '__attribute__' before '{' token
  232 | {
      | ^
../Core/Src/main.c:259: error: expected '{' at end of input
make: *** [Core/Src/subdir.mk:34: Core/Src/main.o] Error 1
"make -j12 all" terminated with exit code 2. Build might be incomplete.
23:50:44 **** Incremental Build of configuration Debug for project jumpingLight ****
make -j12 all 
arm-none-eabi-size  jumpingLight.elf 
   text	   data	    bss	    dec	    hex	filename
   6784	    120	   1568	   8472	   2118	jumpingLight.elf
Finished building: default.size.stdout
 
23:52:17 **** Incremental Build of configuration Debug for project DisplayCounter ****
make -j12 all 
arm-none-eabi-gcc "../Core/Src/main.c" -mcpu=cortex-m4 -std=gnu11 -g3 -DDEBUG -DUSE_HAL_DRIVER -DSTM32L496xx -c -I../Core/Inc -I../Drivers/STM32L4xx_HAL_Driver/Inc -I../Drivers/STM32L4xx_HAL_Driver/Inc/Legacy -I../Drivers/CMSIS/Device/ST/STM32L4xx/Include -I../Drivers/CMSIS/Include -O0 -ffunction-sections -fdata-sections -Wall -fstack-usage -fcyclomatic-complexity -MMD -MP -MF"Core/Src/main.d" -MT"Core/Src/main.o" --specs=nano.specs -mfpu=fpv4-sp-d16 -mfloat-abi=hard -mthumb -o "Core/Src/main.o"
In file included from ../Core/Inc/stm32l4xx_hal_conf.h:262,
                 from ../Drivers/STM32L4xx_HAL_Driver/Inc/stm32l4xx_hal.h:29,
                 from ../Core/Inc/main.h:30,
                 from ../Core/Src/main.c:22:
../Core/Src/main.c: In function 'initializationOfJoystick':
../Drivers/STM32L4xx_HAL_Driver/Inc/stm32l4xx_hal_gpio.h:98:36: warning: passing argument 1 of 'initliazePinToInput' makes pointer from integer without a cast [-Wint-conversion]
   98 | #define GPIO_PIN_15                ((uint16_t)0x8000)  /* Pin 15 selected   */
      |                                    ^~~~~~~~~~~~~~~~~~
      |                                    |
      |                                    short unsigned int
../Core/Src/main.c:57:29: note: in expansion of macro 'GPIO_PIN_15'
   57 | #define JOYSTICK_PUSHED_PIN GPIO_PIN_15
      |                             ^~~~~~~~~~~
../Core/Src/main.c:199:29: note: in expansion of macro 'JOYSTICK_PUSHED_PIN'
  199 |         initliazePinToInput(JOYSTICK_PUSHED_PIN, JOYSTICK_PORT);
      |                             ^~~~~~~~~~~~~~~~~~~
../Core/Src/main.c:86:40: note: expected 'GPIO_TypeDef *' but argument is of type 'short unsigned int'
   86 | void initliazePinToInput(GPIO_TypeDef *port, int pin);
      |                          ~~~~~~~~~~~~~~^~~~
In file included from ../Drivers/CMSIS/Device/ST/STM32L4xx/Include/stm32l4xx.h:155,
                 from ../Drivers/STM32L4xx_HAL_Driver/Inc/stm32l4xx_hal_def.h:29,
                 from ../Drivers/STM32L4xx_HAL_Driver/Inc/stm32l4xx_hal_rcc.h:27,
                 from ../Core/Inc/stm32l4xx_hal_conf.h:258:
../Drivers/CMSIS/Device/ST/STM32L4xx/Include/stm32l496xx.h:1491:29: warning: passing argument 2 of 'initliazePinToInput' makes integer from pointer without a cast [-Wint-conversion]
 1491 | #define GPIOE               ((GPIO_TypeDef *) GPIOE_BASE)
      |                             ^~~~~~~~~~~~~~~~~~~~~~~~~~~~~
      |                             |
      |                             GPIO_TypeDef *
../Core/Src/main.c:59:23: note: in expansion of macro 'GPIOE'
   59 | #define JOYSTICK_PORT GPIOE
      |                       ^~~~~
../Core/Src/main.c:199:50: note: in expansion of macro 'JOYSTICK_PORT'
  199 |         initliazePinToInput(JOYSTICK_PUSHED_PIN, JOYSTICK_PORT);
      |                                                  ^~~~~~~~~~~~~
../Core/Src/main.c:86:50: note: expected 'int' but argument is of type 'GPIO_TypeDef *'
   86 | void initliazePinToInput(GPIO_TypeDef *port, int pin);
      |                                              ~~~~^~~
../Core/Src/main.c: In function 'initializationOf7SegmentDisplay':
../Core/Src/main.c:203:55: error: expected '=', ',', ';', 'asm' or '__attribute__' before '{' token
  203 | void initliazePinToOutput(GPIO_TypeDef *port, int pin){
      |                                                       ^
../Core/Src/main.c:214:54: error: expected '=', ',', ';', 'asm' or '__attribute__' before '{' token
  214 | void initliazePinToInput(GPIO_TypeDef *port, int pin){
      |                                                      ^
../Core/Src/main.c:233:1: error: expected '=', ',', ';', 'asm' or '__attribute__' before '{' token
  233 | {
      | ^
../Core/Src/main.c:260: error: expected '{' at end of input
make: *** [Core/Src/subdir.mk:34: Core/Src/main.o] Error 1
"make -j12 all" terminated with exit code 2. Build might be incomplete.
23:52:18 **** Incremental Build of configuration Debug for project jumpingLight ****
make -j12 all 
arm-none-eabi-size  jumpingLight.elf 
   text	   data	    bss	    dec	    hex	filename
   6784	    120	   1568	   8472	   2118	jumpingLight.elf
Finished building: default.size.stdout
 
23:53:42 **** Incremental Build of configuration Debug for project DisplayCounter ****
make -j12 all 
arm-none-eabi-gcc "../Core/Src/main.c" -mcpu=cortex-m4 -std=gnu11 -g3 -DDEBUG -DUSE_HAL_DRIVER -DSTM32L496xx -c -I../Core/Inc -I../Drivers/STM32L4xx_HAL_Driver/Inc -I../Drivers/STM32L4xx_HAL_Driver/Inc/Legacy -I../Drivers/CMSIS/Device/ST/STM32L4xx/Include -I../Drivers/CMSIS/Include -O0 -ffunction-sections -fdata-sections -Wall -fstack-usage -fcyclomatic-complexity -MMD -MP -MF"Core/Src/main.d" -MT"Core/Src/main.o" --specs=nano.specs -mfpu=fpv4-sp-d16 -mfloat-abi=hard -mthumb -o "Core/Src/main.o"
../Core/Src/main.c: In function 'initializationOf7SegmentDisplay':
../Core/Src/main.c:200:28: error: 'NUMBER_OF_PINS' undeclared (first use in this function); did you mean 'NUMBER_OF_SEGMENTS'?
  200 |         for(int i = 0; i < NUMBER_OF_PINS; i++){
      |                            ^~~~~~~~~~~~~~
      |                            NUMBER_OF_SEGMENTS
../Core/Src/main.c:200:28: note: each undeclared identifier is reported only once for each function it appears in
make: *** [Core/Src/subdir.mk:34: Core/Src/main.o] Error 1
"make -j12 all" terminated with exit code 2. Build might be incomplete.
23:53:42 **** Incremental Build of configuration Debug for project jumpingLight ****
make -j12 all 
arm-none-eabi-size  jumpingLight.elf 
   text	   data	    bss	    dec	    hex	filename
   6784	    120	   1568	   8472	   2118	jumpingLight.elf
Finished building: default.size.stdout
 
23:53:53 **** Incremental Build of configuration Debug for project DisplayCounter ****
make -j12 all 
arm-none-eabi-gcc "../Core/Src/main.c" -mcpu=cortex-m4 -std=gnu11 -g3 -DDEBUG -DUSE_HAL_DRIVER -DSTM32L496xx -c -I../Core/Inc -I../Drivers/STM32L4xx_HAL_Driver/Inc -I../Drivers/STM32L4xx_HAL_Driver/Inc/Legacy -I../Drivers/CMSIS/Device/ST/STM32L4xx/Include -I../Drivers/CMSIS/Include -O0 -ffunction-sections -fdata-sections -Wall -fstack-usage -fcyclomatic-complexity -MMD -MP -MF"Core/Src/main.d" -MT"Core/Src/main.o" --specs=nano.specs -mfpu=fpv4-sp-d16 -mfloat-abi=hard -mthumb -o "Core/Src/main.o"
arm-none-eabi-gcc -o "DisplayCounter.elf" @"objects.list"   -mcpu=cortex-m4 -T"C:\Users\Damian\STM32CubeIDE\workspace_1.18.0\DisplayCounter\STM32L496ZGTX_FLASH.ld" --specs=nosys.specs -Wl,-Map="DisplayCounter.map" -Wl,--gc-sections -static --specs=nano.specs -mfpu=fpv4-sp-d16 -mfloat-abi=hard -mthumb -Wl,--start-group -lc -lm -Wl,--end-group
Finished building target: DisplayCounter.elf
 
arm-none-eabi-size  DisplayCounter.elf 
arm-none-eabi-objdump -h -S DisplayCounter.elf  > "DisplayCounter.list"
   text	   data	    bss	    dec	    hex	filename
   6204	     40	   1568	   7812	   1e84	DisplayCounter.elf
Finished building: default.size.stdout
 
Finished building: DisplayCounter.list
 
23:53:54 **** Incremental Build of configuration Debug for project jumpingLight ****
make -j12 all 
arm-none-eabi-size  jumpingLight.elf 
   text	   data	    bss	    dec	    hex	filename
   6784	    120	   1568	   8472	   2118	jumpingLight.elf
Finished building: default.size.stdout
 
23:55:18 **** Incremental Build of configuration Debug for project DisplayCounter ****
make -j12 all 
arm-none-eabi-gcc "../Core/Src/main.c" -mcpu=cortex-m4 -std=gnu11 -g3 -DDEBUG -DUSE_HAL_DRIVER -DSTM32L496xx -c -I../Core/Inc -I../Drivers/STM32L4xx_HAL_Driver/Inc -I../Drivers/STM32L4xx_HAL_Driver/Inc/Legacy -I../Drivers/CMSIS/Device/ST/STM32L4xx/Include -I../Drivers/CMSIS/Include -O0 -ffunction-sections -fdata-sections -Wall -fstack-usage -fcyclomatic-complexity -MMD -MP -MF"Core/Src/main.d" -MT"Core/Src/main.o" --specs=nano.specs -mfpu=fpv4-sp-d16 -mfloat-abi=hard -mthumb -o "Core/Src/main.o"
../Core/Src/main.c: In function 'main':
../Core/Src/main.c:122:3: warning: implicit declaration of function 'initializationOf7SegmentDisplay'; did you mean 'initializationOfSegments'? [-Wimplicit-function-declaration]
  122 |   initializationOf7SegmentDisplay();
      |   ^~~~~~~~~~~~~~~~~~~~~~~~~~~~~~~
      |   initializationOfSegments
arm-none-eabi-gcc -o "DisplayCounter.elf" @"objects.list"   -mcpu=cortex-m4 -T"C:\Users\Damian\STM32CubeIDE\workspace_1.18.0\DisplayCounter\STM32L496ZGTX_FLASH.ld" --specs=nosys.specs -Wl,-Map="DisplayCounter.map" -Wl,--gc-sections -static --specs=nano.specs -mfpu=fpv4-sp-d16 -mfloat-abi=hard -mthumb -Wl,--start-group -lc -lm -Wl,--end-group
C:/ST/STM32CubeIDE_1.18.0/STM32CubeIDE/plugins/com.st.stm32cube.ide.mcu.externaltools.gnu-tools-for-stm32.13.3.rel1.win32_1.0.0.202411081344/tools/bin/../lib/gcc/arm-none-eabi/13.3.1/../../../../arm-none-eabi/bin/ld.exe: ./Core/Src/main.o: in function `main':
C:/Users/Damian/STM32CubeIDE/workspace_1.18.0/DisplayCounter/Debug/../Core/Src/main.c:122:(.text.main+0x10): undefined reference to `initializationOf7SegmentDisplay'
collect2.exe: error: ld returned 1 exit status
make: *** [makefile:64: DisplayCounter.elf] Error 1
"make -j12 all" terminated with exit code 2. Build might be incomplete.
23:55:20 **** Incremental Build of configuration Debug for project jumpingLight ****
make -j12 all 
arm-none-eabi-size  jumpingLight.elf 
   text	   data	    bss	    dec	    hex	filename
   6784	    120	   1568	   8472	   2118	jumpingLight.elf
Finished building: default.size.stdout
 
23:55:50 **** Incremental Build of configuration Debug for project DisplayCounter ****
make -j12 all 
arm-none-eabi-gcc "../Core/Src/main.c" -mcpu=cortex-m4 -std=gnu11 -g3 -DDEBUG -DUSE_HAL_DRIVER -DSTM32L496xx -c -I../Core/Inc -I../Drivers/STM32L4xx_HAL_Driver/Inc -I../Drivers/STM32L4xx_HAL_Driver/Inc/Legacy -I../Drivers/CMSIS/Device/ST/STM32L4xx/Include -I../Drivers/CMSIS/Include -O0 -ffunction-sections -fdata-sections -Wall -fstack-usage -fcyclomatic-complexity -MMD -MP -MF"Core/Src/main.d" -MT"Core/Src/main.o" --specs=nano.specs -mfpu=fpv4-sp-d16 -mfloat-abi=hard -mthumb -o "Core/Src/main.o"
arm-none-eabi-gcc -o "DisplayCounter.elf" @"objects.list"   -mcpu=cortex-m4 -T"C:\Users\Damian\STM32CubeIDE\workspace_1.18.0\DisplayCounter\STM32L496ZGTX_FLASH.ld" --specs=nosys.specs -Wl,-Map="DisplayCounter.map" -Wl,--gc-sections -static --specs=nano.specs -mfpu=fpv4-sp-d16 -mfloat-abi=hard -mthumb -Wl,--start-group -lc -lm -Wl,--end-group
Finished building target: DisplayCounter.elf
 
arm-none-eabi-size  DisplayCounter.elf 
arm-none-eabi-objdump -h -S DisplayCounter.elf  > "DisplayCounter.list"
   text	   data	    bss	    dec	    hex	filename
   6332	     40	   1568	   7940	   1f04	DisplayCounter.elf
Finished building: default.size.stdout
 
Finished building: DisplayCounter.list
 
23:55:52 **** Incremental Build of configuration Debug for project jumpingLight ****
make -j12 all 
arm-none-eabi-size  jumpingLight.elf 
   text	   data	    bss	    dec	    hex	filename
   6784	    120	   1568	   8472	   2118	jumpingLight.elf
Finished building: default.size.stdout
 
00:08:40 **** Incremental Build of configuration Debug for project DisplayCounter ****
make -j12 all 
arm-none-eabi-gcc "../Core/Src/main.c" -mcpu=cortex-m4 -std=gnu11 -g3 -DDEBUG -DUSE_HAL_DRIVER -DSTM32L496xx -c -I../Core/Inc -I../Drivers/STM32L4xx_HAL_Driver/Inc -I../Drivers/STM32L4xx_HAL_Driver/Inc/Legacy -I../Drivers/CMSIS/Device/ST/STM32L4xx/Include -I../Drivers/CMSIS/Include -O0 -ffunction-sections -fdata-sections -Wall -fstack-usage -fcyclomatic-complexity -MMD -MP -MF"Core/Src/main.d" -MT"Core/Src/main.o" --specs=nano.specs -mfpu=fpv4-sp-d16 -mfloat-abi=hard -mthumb -o "Core/Src/main.o"
../Core/Src/main.c:90:97: error: 'SEGMENT_DP' undeclared here (not in a function); did you mean 'SEGMENT_D'?
   90 | const int SEGMENTS_PINS[7] = {SEGMENT_A, SEGMENT_B, SEGMENT_C, SEGMENT_D, SEGMENT_F, SEGMENT_G, SEGMENT_DP};
      |                                                                                                 ^~~~~~~~~~
      |                                                                                                 SEGMENT_D
../Core/Src/main.c: In function 'main':
../Core/Src/main.c:144:7: warning: unused variable 'counting_direction' [-Wunused-variable]
  144 |   int counting_direction = 1;  // 1 for up, -1 for down
      |       ^~~~~~~~~~~~~~~~~~
../Core/Src/main.c:143:7: warning: unused variable 'counter' [-Wunused-variable]
  143 |   int counter = 0;  // Counter value
      |       ^~~~~~~
make: *** [Core/Src/subdir.mk:34: Core/Src/main.o] Error 1
"make -j12 all" terminated with exit code 2. Build might be incomplete.
00:08:41 **** Incremental Build of configuration Debug for project jumpingLight ****
make -j12 all 
arm-none-eabi-size  jumpingLight.elf 
   text	   data	    bss	    dec	    hex	filename
   6784	    120	   1568	   8472	   2118	jumpingLight.elf
Finished building: default.size.stdout
 
00:09:29 **** Incremental Build of configuration Debug for project DisplayCounter ****
make -j12 all 
arm-none-eabi-gcc "../Core/Src/main.c" -mcpu=cortex-m4 -std=gnu11 -g3 -DDEBUG -DUSE_HAL_DRIVER -DSTM32L496xx -c -I../Core/Inc -I../Drivers/STM32L4xx_HAL_Driver/Inc -I../Drivers/STM32L4xx_HAL_Driver/Inc/Legacy -I../Drivers/CMSIS/Device/ST/STM32L4xx/Include -I../Drivers/CMSIS/Include -O0 -ffunction-sections -fdata-sections -Wall -fstack-usage -fcyclomatic-complexity -MMD -MP -MF"Core/Src/main.d" -MT"Core/Src/main.o" --specs=nano.specs -mfpu=fpv4-sp-d16 -mfloat-abi=hard -mthumb -o "Core/Src/main.o"
../Core/Src/main.c: In function 'main':
../Core/Src/main.c:144:7: warning: unused variable 'counting_direction' [-Wunused-variable]
  144 |   int counting_direction = 1;  // 1 for up, -1 for down
      |       ^~~~~~~~~~~~~~~~~~
../Core/Src/main.c:143:7: warning: unused variable 'counter' [-Wunused-variable]
  143 |   int counter = 0;  // Counter value
      |       ^~~~~~~
arm-none-eabi-gcc -o "DisplayCounter.elf" @"objects.list"   -mcpu=cortex-m4 -T"C:\Users\Damian\STM32CubeIDE\workspace_1.18.0\DisplayCounter\STM32L496ZGTX_FLASH.ld" --specs=nosys.specs -Wl,-Map="DisplayCounter.map" -Wl,--gc-sections -static --specs=nano.specs -mfpu=fpv4-sp-d16 -mfloat-abi=hard -mthumb -Wl,--start-group -lc -lm -Wl,--end-group
Finished building target: DisplayCounter.elf
 
arm-none-eabi-size  DisplayCounter.elf 
arm-none-eabi-objdump -h -S DisplayCounter.elf  > "DisplayCounter.list"
   text	   data	    bss	    dec	    hex	filename
   6372	     12	   1572	   7956	   1f14	DisplayCounter.elf
Finished building: default.size.stdout
 
Finished building: DisplayCounter.list
 
00:09:30 **** Incremental Build of configuration Debug for project jumpingLight ****
make -j12 all 
arm-none-eabi-size  jumpingLight.elf 
   text	   data	    bss	    dec	    hex	filename
   6784	    120	   1568	   8472	   2118	jumpingLight.elf
Finished building: default.size.stdout
 
00:12:07 **** Incremental Build of configuration Debug for project DisplayCounter ****
make -j12 all 
arm-none-eabi-gcc "../Core/Src/main.c" -mcpu=cortex-m4 -std=gnu11 -g3 -DDEBUG -DUSE_HAL_DRIVER -DSTM32L496xx -c -I../Core/Inc -I../Drivers/STM32L4xx_HAL_Driver/Inc -I../Drivers/STM32L4xx_HAL_Driver/Inc/Legacy -I../Drivers/CMSIS/Device/ST/STM32L4xx/Include -I../Drivers/CMSIS/Include -O0 -ffunction-sections -fdata-sections -Wall -fstack-usage -fcyclomatic-complexity -MMD -MP -MF"Core/Src/main.d" -MT"Core/Src/main.o" --specs=nano.specs -mfpu=fpv4-sp-d16 -mfloat-abi=hard -mthumb -o "Core/Src/main.o"
../Core/Src/main.c: In function 'main':
../Core/Src/main.c:157:67: error: expected ')' before '{' token
  157 |           if (HAL_GPIO_ReadPin(JOYSTICK_PORT, JOYSTICK_PUSHED_PIN){
      |              ~                                                    ^
      |                                                                   )
../Core/Src/main.c:168:3: error: expected expression before '}' token
  168 |   }
      |   ^
../Core/Src/main.c:147:7: warning: unused variable 'direction' [-Wunused-variable]
  147 |   int direction = 1;  // 1 for up, -1 for down
      |       ^~~~~~~~~
../Core/Src/main.c:146:7: warning: unused variable 'counter' [-Wunused-variable]
  146 |   int counter = 0;  // Counter value
      |       ^~~~~~~
make: *** [Core/Src/subdir.mk:34: Core/Src/main.o] Error 1
"make -j12 all" terminated with exit code 2. Build might be incomplete.
00:12:08 **** Incremental Build of configuration Debug for project jumpingLight ****
make -j12 all 
arm-none-eabi-size  jumpingLight.elf 
   text	   data	    bss	    dec	    hex	filename
   6784	    120	   1568	   8472	   2118	jumpingLight.elf
Finished building: default.size.stdout
 
00:12:42 **** Incremental Build of configuration Debug for project DisplayCounter ****
make -j12 all 
arm-none-eabi-gcc "../Core/Src/main.c" -mcpu=cortex-m4 -std=gnu11 -g3 -DDEBUG -DUSE_HAL_DRIVER -DSTM32L496xx -c -I../Core/Inc -I../Drivers/STM32L4xx_HAL_Driver/Inc -I../Drivers/STM32L4xx_HAL_Driver/Inc/Legacy -I../Drivers/CMSIS/Device/ST/STM32L4xx/Include -I../Drivers/CMSIS/Include -O0 -ffunction-sections -fdata-sections -Wall -fstack-usage -fcyclomatic-complexity -MMD -MP -MF"Core/Src/main.d" -MT"Core/Src/main.o" --specs=nano.specs -mfpu=fpv4-sp-d16 -mfloat-abi=hard -mthumb -o "Core/Src/main.o"
../Core/Src/main.c: In function 'main':
../Core/Src/main.c:163:22: error: 'counting_direction' undeclared (first use in this function)
  163 |           counter += counting_direction;
      |                      ^~~~~~~~~~~~~~~~~~
../Core/Src/main.c:163:22: note: each undeclared identifier is reported only once for each function it appears in
../Core/Src/main.c:147:7: warning: variable 'direction' set but not used [-Wunused-but-set-variable]
  147 |   int direction = 1;  // 1 for up, -1 for down
      |       ^~~~~~~~~
make: *** [Core/Src/subdir.mk:34: Core/Src/main.o] Error 1
"make -j12 all" terminated with exit code 2. Build might be incomplete.
00:12:43 **** Incremental Build of configuration Debug for project jumpingLight ****
make -j12 all 
arm-none-eabi-size  jumpingLight.elf 
   text	   data	    bss	    dec	    hex	filename
   6784	    120	   1568	   8472	   2118	jumpingLight.elf
Finished building: default.size.stdout
 
00:12:51 **** Incremental Build of configuration Debug for project DisplayCounter ****
make -j12 all 
arm-none-eabi-gcc "../Core/Src/main.c" -mcpu=cortex-m4 -std=gnu11 -g3 -DDEBUG -DUSE_HAL_DRIVER -DSTM32L496xx -c -I../Core/Inc -I../Drivers/STM32L4xx_HAL_Driver/Inc -I../Drivers/STM32L4xx_HAL_Driver/Inc/Legacy -I../Drivers/CMSIS/Device/ST/STM32L4xx/Include -I../Drivers/CMSIS/Include -O0 -ffunction-sections -fdata-sections -Wall -fstack-usage -fcyclomatic-complexity -MMD -MP -MF"Core/Src/main.d" -MT"Core/Src/main.o" --specs=nano.specs -mfpu=fpv4-sp-d16 -mfloat-abi=hard -mthumb -o "Core/Src/main.o"
arm-none-eabi-gcc -o "DisplayCounter.elf" @"objects.list"   -mcpu=cortex-m4 -T"C:\Users\Damian\STM32CubeIDE\workspace_1.18.0\DisplayCounter\STM32L496ZGTX_FLASH.ld" --specs=nosys.specs -Wl,-Map="DisplayCounter.map" -Wl,--gc-sections -static --specs=nano.specs -mfpu=fpv4-sp-d16 -mfloat-abi=hard -mthumb -Wl,--start-group -lc -lm -Wl,--end-group
Finished building target: DisplayCounter.elf
 
arm-none-eabi-size  DisplayCounter.elf 
arm-none-eabi-objdump -h -S DisplayCounter.elf  > "DisplayCounter.list"
   text	   data	    bss	    dec	    hex	filename
   6760	     12	   1572	   8344	   2098	DisplayCounter.elf
Finished building: default.size.stdout
 
Finished building: DisplayCounter.list
 
00:12:52 **** Incremental Build of configuration Debug for project jumpingLight ****
make -j12 all 
arm-none-eabi-size  jumpingLight.elf 
   text	   data	    bss	    dec	    hex	filename
   6784	    120	   1568	   8472	   2118	jumpingLight.elf
Finished building: default.size.stdout
 
01:11:30 **** Build of configuration Debug for project DisplayCounter ****
make -j12 all 
arm-none-eabi-gcc "../Drivers/STM32L4xx_HAL_Driver/Src/stm32l4xx_hal.c" -mcpu=cortex-m4 -std=gnu11 -g3 -DDEBUG -DUSE_HAL_DRIVER -DSTM32L496xx -c -I../Core/Inc -I../Drivers/STM32L4xx_HAL_Driver/Inc -I../Drivers/STM32L4xx_HAL_Driver/Inc/Legacy -I../Drivers/CMSIS/Device/ST/STM32L4xx/Include -I../Drivers/CMSIS/Include -O0 -ffunction-sections -fdata-sections -Wall -fstack-usage -fcyclomatic-complexity -MMD -MP -MF"Drivers/STM32L4xx_HAL_Driver/Src/stm32l4xx_hal.d" -MT"Drivers/STM32L4xx_HAL_Driver/Src/stm32l4xx_hal.o" --specs=nano.specs -mfpu=fpv4-sp-d16 -mfloat-abi=hard -mthumb -o "Drivers/STM32L4xx_HAL_Driver/Src/stm32l4xx_hal.o"
arm-none-eabi-gcc "../Drivers/STM32L4xx_HAL_Driver/Src/stm32l4xx_hal_cortex.c" -mcpu=cortex-m4 -std=gnu11 -g3 -DDEBUG -DUSE_HAL_DRIVER -DSTM32L496xx -c -I../Core/Inc -I../Drivers/STM32L4xx_HAL_Driver/Inc -I../Drivers/STM32L4xx_HAL_Driver/Inc/Legacy -I../Drivers/CMSIS/Device/ST/STM32L4xx/Include -I../Drivers/CMSIS/Include -O0 -ffunction-sections -fdata-sections -Wall -fstack-usage -fcyclomatic-complexity -MMD -MP -MF"Drivers/STM32L4xx_HAL_Driver/Src/stm32l4xx_hal_cortex.d" -MT"Drivers/STM32L4xx_HAL_Driver/Src/stm32l4xx_hal_cortex.o" --specs=nano.specs -mfpu=fpv4-sp-d16 -mfloat-abi=hard -mthumb -o "Drivers/STM32L4xx_HAL_Driver/Src/stm32l4xx_hal_cortex.o"
arm-none-eabi-gcc "../Drivers/STM32L4xx_HAL_Driver/Src/stm32l4xx_hal_dma.c" -mcpu=cortex-m4 -std=gnu11 -g3 -DDEBUG -DUSE_HAL_DRIVER -DSTM32L496xx -c -I../Core/Inc -I../Drivers/STM32L4xx_HAL_Driver/Inc -I../Drivers/STM32L4xx_HAL_Driver/Inc/Legacy -I../Drivers/CMSIS/Device/ST/STM32L4xx/Include -I../Drivers/CMSIS/Include -O0 -ffunction-sections -fdata-sections -Wall -fstack-usage -fcyclomatic-complexity -MMD -MP -MF"Drivers/STM32L4xx_HAL_Driver/Src/stm32l4xx_hal_dma.d" -MT"Drivers/STM32L4xx_HAL_Driver/Src/stm32l4xx_hal_dma.o" --specs=nano.specs -mfpu=fpv4-sp-d16 -mfloat-abi=hard -mthumb -o "Drivers/STM32L4xx_HAL_Driver/Src/stm32l4xx_hal_dma.o"
arm-none-eabi-gcc "../Drivers/STM32L4xx_HAL_Driver/Src/stm32l4xx_hal_dma_ex.c" -mcpu=cortex-m4 -std=gnu11 -g3 -DDEBUG -DUSE_HAL_DRIVER -DSTM32L496xx -c -I../Core/Inc -I../Drivers/STM32L4xx_HAL_Driver/Inc -I../Drivers/STM32L4xx_HAL_Driver/Inc/Legacy -I../Drivers/CMSIS/Device/ST/STM32L4xx/Include -I../Drivers/CMSIS/Include -O0 -ffunction-sections -fdata-sections -Wall -fstack-usage -fcyclomatic-complexity -MMD -MP -MF"Drivers/STM32L4xx_HAL_Driver/Src/stm32l4xx_hal_dma_ex.d" -MT"Drivers/STM32L4xx_HAL_Driver/Src/stm32l4xx_hal_dma_ex.o" --specs=nano.specs -mfpu=fpv4-sp-d16 -mfloat-abi=hard -mthumb -o "Drivers/STM32L4xx_HAL_Driver/Src/stm32l4xx_hal_dma_ex.o"
arm-none-eabi-gcc "../Drivers/STM32L4xx_HAL_Driver/Src/stm32l4xx_hal_exti.c" -mcpu=cortex-m4 -std=gnu11 -g3 -DDEBUG -DUSE_HAL_DRIVER -DSTM32L496xx -c -I../Core/Inc -I../Drivers/STM32L4xx_HAL_Driver/Inc -I../Drivers/STM32L4xx_HAL_Driver/Inc/Legacy -I../Drivers/CMSIS/Device/ST/STM32L4xx/Include -I../Drivers/CMSIS/Include -O0 -ffunction-sections -fdata-sections -Wall -fstack-usage -fcyclomatic-complexity -MMD -MP -MF"Drivers/STM32L4xx_HAL_Driver/Src/stm32l4xx_hal_exti.d" -MT"Drivers/STM32L4xx_HAL_Driver/Src/stm32l4xx_hal_exti.o" --specs=nano.specs -mfpu=fpv4-sp-d16 -mfloat-abi=hard -mthumb -o "Drivers/STM32L4xx_HAL_Driver/Src/stm32l4xx_hal_exti.o"
arm-none-eabi-gcc "../Drivers/STM32L4xx_HAL_Driver/Src/stm32l4xx_hal_flash.c" -mcpu=cortex-m4 -std=gnu11 -g3 -DDEBUG -DUSE_HAL_DRIVER -DSTM32L496xx -c -I../Core/Inc -I../Drivers/STM32L4xx_HAL_Driver/Inc -I../Drivers/STM32L4xx_HAL_Driver/Inc/Legacy -I../Drivers/CMSIS/Device/ST/STM32L4xx/Include -I../Drivers/CMSIS/Include -O0 -ffunction-sections -fdata-sections -Wall -fstack-usage -fcyclomatic-complexity -MMD -MP -MF"Drivers/STM32L4xx_HAL_Driver/Src/stm32l4xx_hal_flash.d" -MT"Drivers/STM32L4xx_HAL_Driver/Src/stm32l4xx_hal_flash.o" --specs=nano.specs -mfpu=fpv4-sp-d16 -mfloat-abi=hard -mthumb -o "Drivers/STM32L4xx_HAL_Driver/Src/stm32l4xx_hal_flash.o"
arm-none-eabi-gcc "../Drivers/STM32L4xx_HAL_Driver/Src/stm32l4xx_hal_flash_ex.c" -mcpu=cortex-m4 -std=gnu11 -g3 -DDEBUG -DUSE_HAL_DRIVER -DSTM32L496xx -c -I../Core/Inc -I../Drivers/STM32L4xx_HAL_Driver/Inc -I../Drivers/STM32L4xx_HAL_Driver/Inc/Legacy -I../Drivers/CMSIS/Device/ST/STM32L4xx/Include -I../Drivers/CMSIS/Include -O0 -ffunction-sections -fdata-sections -Wall -fstack-usage -fcyclomatic-complexity -MMD -MP -MF"Drivers/STM32L4xx_HAL_Driver/Src/stm32l4xx_hal_flash_ex.d" -MT"Drivers/STM32L4xx_HAL_Driver/Src/stm32l4xx_hal_flash_ex.o" --specs=nano.specs -mfpu=fpv4-sp-d16 -mfloat-abi=hard -mthumb -o "Drivers/STM32L4xx_HAL_Driver/Src/stm32l4xx_hal_flash_ex.o"
arm-none-eabi-gcc "../Drivers/STM32L4xx_HAL_Driver/Src/stm32l4xx_hal_flash_ramfunc.c" -mcpu=cortex-m4 -std=gnu11 -g3 -DDEBUG -DUSE_HAL_DRIVER -DSTM32L496xx -c -I../Core/Inc -I../Drivers/STM32L4xx_HAL_Driver/Inc -I../Drivers/STM32L4xx_HAL_Driver/Inc/Legacy -I../Drivers/CMSIS/Device/ST/STM32L4xx/Include -I../Drivers/CMSIS/Include -O0 -ffunction-sections -fdata-sections -Wall -fstack-usage -fcyclomatic-complexity -MMD -MP -MF"Drivers/STM32L4xx_HAL_Driver/Src/stm32l4xx_hal_flash_ramfunc.d" -MT"Drivers/STM32L4xx_HAL_Driver/Src/stm32l4xx_hal_flash_ramfunc.o" --specs=nano.specs -mfpu=fpv4-sp-d16 -mfloat-abi=hard -mthumb -o "Drivers/STM32L4xx_HAL_Driver/Src/stm32l4xx_hal_flash_ramfunc.o"
arm-none-eabi-gcc "../Drivers/STM32L4xx_HAL_Driver/Src/stm32l4xx_hal_gpio.c" -mcpu=cortex-m4 -std=gnu11 -g3 -DDEBUG -DUSE_HAL_DRIVER -DSTM32L496xx -c -I../Core/Inc -I../Drivers/STM32L4xx_HAL_Driver/Inc -I../Drivers/STM32L4xx_HAL_Driver/Inc/Legacy -I../Drivers/CMSIS/Device/ST/STM32L4xx/Include -I../Drivers/CMSIS/Include -O0 -ffunction-sections -fdata-sections -Wall -fstack-usage -fcyclomatic-complexity -MMD -MP -MF"Drivers/STM32L4xx_HAL_Driver/Src/stm32l4xx_hal_gpio.d" -MT"Drivers/STM32L4xx_HAL_Driver/Src/stm32l4xx_hal_gpio.o" --specs=nano.specs -mfpu=fpv4-sp-d16 -mfloat-abi=hard -mthumb -o "Drivers/STM32L4xx_HAL_Driver/Src/stm32l4xx_hal_gpio.o"
arm-none-eabi-gcc "../Drivers/STM32L4xx_HAL_Driver/Src/stm32l4xx_hal_i2c.c" -mcpu=cortex-m4 -std=gnu11 -g3 -DDEBUG -DUSE_HAL_DRIVER -DSTM32L496xx -c -I../Core/Inc -I../Drivers/STM32L4xx_HAL_Driver/Inc -I../Drivers/STM32L4xx_HAL_Driver/Inc/Legacy -I../Drivers/CMSIS/Device/ST/STM32L4xx/Include -I../Drivers/CMSIS/Include -O0 -ffunction-sections -fdata-sections -Wall -fstack-usage -fcyclomatic-complexity -MMD -MP -MF"Drivers/STM32L4xx_HAL_Driver/Src/stm32l4xx_hal_i2c.d" -MT"Drivers/STM32L4xx_HAL_Driver/Src/stm32l4xx_hal_i2c.o" --specs=nano.specs -mfpu=fpv4-sp-d16 -mfloat-abi=hard -mthumb -o "Drivers/STM32L4xx_HAL_Driver/Src/stm32l4xx_hal_i2c.o"
arm-none-eabi-gcc "../Drivers/STM32L4xx_HAL_Driver/Src/stm32l4xx_hal_i2c_ex.c" -mcpu=cortex-m4 -std=gnu11 -g3 -DDEBUG -DUSE_HAL_DRIVER -DSTM32L496xx -c -I../Core/Inc -I../Drivers/STM32L4xx_HAL_Driver/Inc -I../Drivers/STM32L4xx_HAL_Driver/Inc/Legacy -I../Drivers/CMSIS/Device/ST/STM32L4xx/Include -I../Drivers/CMSIS/Include -O0 -ffunction-sections -fdata-sections -Wall -fstack-usage -fcyclomatic-complexity -MMD -MP -MF"Drivers/STM32L4xx_HAL_Driver/Src/stm32l4xx_hal_i2c_ex.d" -MT"Drivers/STM32L4xx_HAL_Driver/Src/stm32l4xx_hal_i2c_ex.o" --specs=nano.specs -mfpu=fpv4-sp-d16 -mfloat-abi=hard -mthumb -o "Drivers/STM32L4xx_HAL_Driver/Src/stm32l4xx_hal_i2c_ex.o"
arm-none-eabi-gcc "../Drivers/STM32L4xx_HAL_Driver/Src/stm32l4xx_hal_pwr.c" -mcpu=cortex-m4 -std=gnu11 -g3 -DDEBUG -DUSE_HAL_DRIVER -DSTM32L496xx -c -I../Core/Inc -I../Drivers/STM32L4xx_HAL_Driver/Inc -I../Drivers/STM32L4xx_HAL_Driver/Inc/Legacy -I../Drivers/CMSIS/Device/ST/STM32L4xx/Include -I../Drivers/CMSIS/Include -O0 -ffunction-sections -fdata-sections -Wall -fstack-usage -fcyclomatic-complexity -MMD -MP -MF"Drivers/STM32L4xx_HAL_Driver/Src/stm32l4xx_hal_pwr.d" -MT"Drivers/STM32L4xx_HAL_Driver/Src/stm32l4xx_hal_pwr.o" --specs=nano.specs -mfpu=fpv4-sp-d16 -mfloat-abi=hard -mthumb -o "Drivers/STM32L4xx_HAL_Driver/Src/stm32l4xx_hal_pwr.o"
arm-none-eabi-gcc "../Drivers/STM32L4xx_HAL_Driver/Src/stm32l4xx_hal_pwr_ex.c" -mcpu=cortex-m4 -std=gnu11 -g3 -DDEBUG -DUSE_HAL_DRIVER -DSTM32L496xx -c -I../Core/Inc -I../Drivers/STM32L4xx_HAL_Driver/Inc -I../Drivers/STM32L4xx_HAL_Driver/Inc/Legacy -I../Drivers/CMSIS/Device/ST/STM32L4xx/Include -I../Drivers/CMSIS/Include -O0 -ffunction-sections -fdata-sections -Wall -fstack-usage -fcyclomatic-complexity -MMD -MP -MF"Drivers/STM32L4xx_HAL_Driver/Src/stm32l4xx_hal_pwr_ex.d" -MT"Drivers/STM32L4xx_HAL_Driver/Src/stm32l4xx_hal_pwr_ex.o" --specs=nano.specs -mfpu=fpv4-sp-d16 -mfloat-abi=hard -mthumb -o "Drivers/STM32L4xx_HAL_Driver/Src/stm32l4xx_hal_pwr_ex.o"
arm-none-eabi-gcc "../Drivers/STM32L4xx_HAL_Driver/Src/stm32l4xx_hal_rcc.c" -mcpu=cortex-m4 -std=gnu11 -g3 -DDEBUG -DUSE_HAL_DRIVER -DSTM32L496xx -c -I../Core/Inc -I../Drivers/STM32L4xx_HAL_Driver/Inc -I../Drivers/STM32L4xx_HAL_Driver/Inc/Legacy -I../Drivers/CMSIS/Device/ST/STM32L4xx/Include -I../Drivers/CMSIS/Include -O0 -ffunction-sections -fdata-sections -Wall -fstack-usage -fcyclomatic-complexity -MMD -MP -MF"Drivers/STM32L4xx_HAL_Driver/Src/stm32l4xx_hal_rcc.d" -MT"Drivers/STM32L4xx_HAL_Driver/Src/stm32l4xx_hal_rcc.o" --specs=nano.specs -mfpu=fpv4-sp-d16 -mfloat-abi=hard -mthumb -o "Drivers/STM32L4xx_HAL_Driver/Src/stm32l4xx_hal_rcc.o"
arm-none-eabi-gcc "../Drivers/STM32L4xx_HAL_Driver/Src/stm32l4xx_hal_rcc_ex.c" -mcpu=cortex-m4 -std=gnu11 -g3 -DDEBUG -DUSE_HAL_DRIVER -DSTM32L496xx -c -I../Core/Inc -I../Drivers/STM32L4xx_HAL_Driver/Inc -I../Drivers/STM32L4xx_HAL_Driver/Inc/Legacy -I../Drivers/CMSIS/Device/ST/STM32L4xx/Include -I../Drivers/CMSIS/Include -O0 -ffunction-sections -fdata-sections -Wall -fstack-usage -fcyclomatic-complexity -MMD -MP -MF"Drivers/STM32L4xx_HAL_Driver/Src/stm32l4xx_hal_rcc_ex.d" -MT"Drivers/STM32L4xx_HAL_Driver/Src/stm32l4xx_hal_rcc_ex.o" --specs=nano.specs -mfpu=fpv4-sp-d16 -mfloat-abi=hard -mthumb -o "Drivers/STM32L4xx_HAL_Driver/Src/stm32l4xx_hal_rcc_ex.o"
arm-none-eabi-gcc -mcpu=cortex-m4 -g3 -DDEBUG -c -x assembler-with-cpp -MMD -MP -MF"Core/Startup/startup_stm32l496zgtx.d" -MT"Core/Startup/startup_stm32l496zgtx.o" --specs=nano.specs -mfpu=fpv4-sp-d16 -mfloat-abi=hard -mthumb -o "Core/Startup/startup_stm32l496zgtx.o" "../Core/Startup/startup_stm32l496zgtx.s"
arm-none-eabi-gcc "../Core/Src/main.c" -mcpu=cortex-m4 -std=gnu11 -g3 -DDEBUG -DUSE_HAL_DRIVER -DSTM32L496xx -c -I../Core/Inc -I../Drivers/STM32L4xx_HAL_Driver/Inc -I../Drivers/STM32L4xx_HAL_Driver/Inc/Legacy -I../Drivers/CMSIS/Device/ST/STM32L4xx/Include -I../Drivers/CMSIS/Include -O0 -ffunction-sections -fdata-sections -Wall -fstack-usage -fcyclomatic-complexity -MMD -MP -MF"Core/Src/main.d" -MT"Core/Src/main.o" --specs=nano.specs -mfpu=fpv4-sp-d16 -mfloat-abi=hard -mthumb -o "Core/Src/main.o"
arm-none-eabi-gcc "../Core/Src/stm32l4xx_hal_msp.c" -mcpu=cortex-m4 -std=gnu11 -g3 -DDEBUG -DUSE_HAL_DRIVER -DSTM32L496xx -c -I../Core/Inc -I../Drivers/STM32L4xx_HAL_Driver/Inc -I../Drivers/STM32L4xx_HAL_Driver/Inc/Legacy -I../Drivers/CMSIS/Device/ST/STM32L4xx/Include -I../Drivers/CMSIS/Include -O0 -ffunction-sections -fdata-sections -Wall -fstack-usage -fcyclomatic-complexity -MMD -MP -MF"Core/Src/stm32l4xx_hal_msp.d" -MT"Core/Src/stm32l4xx_hal_msp.o" --specs=nano.specs -mfpu=fpv4-sp-d16 -mfloat-abi=hard -mthumb -o "Core/Src/stm32l4xx_hal_msp.o"
arm-none-eabi-gcc "../Core/Src/stm32l4xx_it.c" -mcpu=cortex-m4 -std=gnu11 -g3 -DDEBUG -DUSE_HAL_DRIVER -DSTM32L496xx -c -I../Core/Inc -I../Drivers/STM32L4xx_HAL_Driver/Inc -I../Drivers/STM32L4xx_HAL_Driver/Inc/Legacy -I../Drivers/CMSIS/Device/ST/STM32L4xx/Include -I../Drivers/CMSIS/Include -O0 -ffunction-sections -fdata-sections -Wall -fstack-usage -fcyclomatic-complexity -MMD -MP -MF"Core/Src/stm32l4xx_it.d" -MT"Core/Src/stm32l4xx_it.o" --specs=nano.specs -mfpu=fpv4-sp-d16 -mfloat-abi=hard -mthumb -o "Core/Src/stm32l4xx_it.o"
arm-none-eabi-gcc "../Core/Src/syscalls.c" -mcpu=cortex-m4 -std=gnu11 -g3 -DDEBUG -DUSE_HAL_DRIVER -DSTM32L496xx -c -I../Core/Inc -I../Drivers/STM32L4xx_HAL_Driver/Inc -I../Drivers/STM32L4xx_HAL_Driver/Inc/Legacy -I../Drivers/CMSIS/Device/ST/STM32L4xx/Include -I../Drivers/CMSIS/Include -O0 -ffunction-sections -fdata-sections -Wall -fstack-usage -fcyclomatic-complexity -MMD -MP -MF"Core/Src/syscalls.d" -MT"Core/Src/syscalls.o" --specs=nano.specs -mfpu=fpv4-sp-d16 -mfloat-abi=hard -mthumb -o "Core/Src/syscalls.o"
arm-none-eabi-gcc "../Core/Src/sysmem.c" -mcpu=cortex-m4 -std=gnu11 -g3 -DDEBUG -DUSE_HAL_DRIVER -DSTM32L496xx -c -I../Core/Inc -I../Drivers/STM32L4xx_HAL_Driver/Inc -I../Drivers/STM32L4xx_HAL_Driver/Inc/Legacy -I../Drivers/CMSIS/Device/ST/STM32L4xx/Include -I../Drivers/CMSIS/Include -O0 -ffunction-sections -fdata-sections -Wall -fstack-usage -fcyclomatic-complexity -MMD -MP -MF"Core/Src/sysmem.d" -MT"Core/Src/sysmem.o" --specs=nano.specs -mfpu=fpv4-sp-d16 -mfloat-abi=hard -mthumb -o "Core/Src/sysmem.o"
arm-none-eabi-gcc "../Core/Src/system_stm32l4xx.c" -mcpu=cortex-m4 -std=gnu11 -g3 -DDEBUG -DUSE_HAL_DRIVER -DSTM32L496xx -c -I../Core/Inc -I../Drivers/STM32L4xx_HAL_Driver/Inc -I../Drivers/STM32L4xx_HAL_Driver/Inc/Legacy -I../Drivers/CMSIS/Device/ST/STM32L4xx/Include -I../Drivers/CMSIS/Include -O0 -ffunction-sections -fdata-sections -Wall -fstack-usage -fcyclomatic-complexity -MMD -MP -MF"Core/Src/system_stm32l4xx.d" -MT"Core/Src/system_stm32l4xx.o" --specs=nano.specs -mfpu=fpv4-sp-d16 -mfloat-abi=hard -mthumb -o "Core/Src/system_stm32l4xx.o"
arm-none-eabi-gcc -o "DisplayCounter.elf" @"objects.list"   -mcpu=cortex-m4 -T"C:\Users\Damian\STM32CubeIDE\workspace_1.18.0\DisplayCounter\STM32L496ZGTX_FLASH.ld" --specs=nosys.specs -Wl,-Map="DisplayCounter.map" -Wl,--gc-sections -static --specs=nano.specs -mfpu=fpv4-sp-d16 -mfloat-abi=hard -mthumb -Wl,--start-group -lc -lm -Wl,--end-group
Finished building target: DisplayCounter.elf
 
arm-none-eabi-size  DisplayCounter.elf 
arm-none-eabi-objdump -h -S DisplayCounter.elf  > "DisplayCounter.list"
   text	   data	    bss	    dec	    hex	filename
   6860	     12	   1572	   8444	   20fc	DisplayCounter.elf
Finished building: default.size.stdout
 
Finished building: DisplayCounter.list
 
01:11:35 **** Build of configuration Debug for project STM32_Base_Project ****
make -j12 all 
arm-none-eabi-gcc -mcpu=cortex-m4 -g3 -DDEBUG -c -x assembler-with-cpp -MMD -MP -MF"Startup/startup_stm32l496zgtx.d" -MT"Startup/startup_stm32l496zgtx.o" --specs=nano.specs -mfpu=fpv4-sp-d16 -mfloat-abi=hard -mthumb -o "Startup/startup_stm32l496zgtx.o" "../Startup/startup_stm32l496zgtx.s"
arm-none-eabi-gcc "../Src/main.c" -mcpu=cortex-m4 -std=gnu11 -g3 -DDEBUG -DSTM32L4 -DSTM32L496ZGTx -DSTM32 -c -I../Inc -O0 -ffunction-sections -fdata-sections -Wall -fstack-usage -fcyclomatic-complexity -MMD -MP -MF"Src/main.d" -MT"Src/main.o" --specs=nano.specs -mfpu=fpv4-sp-d16 -mfloat-abi=hard -mthumb -o "Src/main.o"
arm-none-eabi-gcc "../Src/syscalls.c" -mcpu=cortex-m4 -std=gnu11 -g3 -DDEBUG -DSTM32L4 -DSTM32L496ZGTx -DSTM32 -c -I../Inc -O0 -ffunction-sections -fdata-sections -Wall -fstack-usage -fcyclomatic-complexity -MMD -MP -MF"Src/syscalls.d" -MT"Src/syscalls.o" --specs=nano.specs -mfpu=fpv4-sp-d16 -mfloat-abi=hard -mthumb -o "Src/syscalls.o"
arm-none-eabi-gcc "../Src/sysmem.c" -mcpu=cortex-m4 -std=gnu11 -g3 -DDEBUG -DSTM32L4 -DSTM32L496ZGTx -DSTM32 -c -I../Inc -O0 -ffunction-sections -fdata-sections -Wall -fstack-usage -fcyclomatic-complexity -MMD -MP -MF"Src/sysmem.d" -MT"Src/sysmem.o" --specs=nano.specs -mfpu=fpv4-sp-d16 -mfloat-abi=hard -mthumb -o "Src/sysmem.o"
arm-none-eabi-gcc "../Src/system_stm32l4xx.c" -mcpu=cortex-m4 -std=gnu11 -g3 -DDEBUG -DSTM32L4 -DSTM32L496ZGTx -DSTM32 -c -I../Inc -O0 -ffunction-sections -fdata-sections -Wall -fstack-usage -fcyclomatic-complexity -MMD -MP -MF"Src/system_stm32l4xx.d" -MT"Src/system_stm32l4xx.o" --specs=nano.specs -mfpu=fpv4-sp-d16 -mfloat-abi=hard -mthumb -o "Src/system_stm32l4xx.o"
../Src/main.c:18:10: fatal error: cstdint: No such file or directory
   18 | #include <cstdint>
      |          ^~~~~~~~~
compilation terminated.
make: *** [Src/subdir.mk:28: Src/main.o] Error 1
make: *** Waiting for unfinished jobs....
"make -j12 all" terminated with exit code 2. Build might be incomplete.
01:11:36 **** Build of configuration Debug for project jumpingLight ****
make -j12 all 
arm-none-eabi-gcc "../Drivers/STM32L4xx_HAL_Driver/Src/stm32l4xx_hal.c" -mcpu=cortex-m4 -std=gnu11 -g3 -DDEBUG -DUSE_HAL_DRIVER -DSTM32L496xx -c -I../Core/Inc -I../Drivers/STM32L4xx_HAL_Driver/Inc -I../Drivers/STM32L4xx_HAL_Driver/Inc/Legacy -I../Drivers/CMSIS/Device/ST/STM32L4xx/Include -I../Drivers/CMSIS/Include -O0 -ffunction-sections -fdata-sections -Wall -fstack-usage -fcyclomatic-complexity -MMD -MP -MF"Drivers/STM32L4xx_HAL_Driver/Src/stm32l4xx_hal.d" -MT"Drivers/STM32L4xx_HAL_Driver/Src/stm32l4xx_hal.o" --specs=nano.specs -mfpu=fpv4-sp-d16 -mfloat-abi=hard -mthumb -o "Drivers/STM32L4xx_HAL_Driver/Src/stm32l4xx_hal.o"
arm-none-eabi-gcc "../Drivers/STM32L4xx_HAL_Driver/Src/stm32l4xx_hal_cortex.c" -mcpu=cortex-m4 -std=gnu11 -g3 -DDEBUG -DUSE_HAL_DRIVER -DSTM32L496xx -c -I../Core/Inc -I../Drivers/STM32L4xx_HAL_Driver/Inc -I../Drivers/STM32L4xx_HAL_Driver/Inc/Legacy -I../Drivers/CMSIS/Device/ST/STM32L4xx/Include -I../Drivers/CMSIS/Include -O0 -ffunction-sections -fdata-sections -Wall -fstack-usage -fcyclomatic-complexity -MMD -MP -MF"Drivers/STM32L4xx_HAL_Driver/Src/stm32l4xx_hal_cortex.d" -MT"Drivers/STM32L4xx_HAL_Driver/Src/stm32l4xx_hal_cortex.o" --specs=nano.specs -mfpu=fpv4-sp-d16 -mfloat-abi=hard -mthumb -o "Drivers/STM32L4xx_HAL_Driver/Src/stm32l4xx_hal_cortex.o"
arm-none-eabi-gcc "../Drivers/STM32L4xx_HAL_Driver/Src/stm32l4xx_hal_dma.c" -mcpu=cortex-m4 -std=gnu11 -g3 -DDEBUG -DUSE_HAL_DRIVER -DSTM32L496xx -c -I../Core/Inc -I../Drivers/STM32L4xx_HAL_Driver/Inc -I../Drivers/STM32L4xx_HAL_Driver/Inc/Legacy -I../Drivers/CMSIS/Device/ST/STM32L4xx/Include -I../Drivers/CMSIS/Include -O0 -ffunction-sections -fdata-sections -Wall -fstack-usage -fcyclomatic-complexity -MMD -MP -MF"Drivers/STM32L4xx_HAL_Driver/Src/stm32l4xx_hal_dma.d" -MT"Drivers/STM32L4xx_HAL_Driver/Src/stm32l4xx_hal_dma.o" --specs=nano.specs -mfpu=fpv4-sp-d16 -mfloat-abi=hard -mthumb -o "Drivers/STM32L4xx_HAL_Driver/Src/stm32l4xx_hal_dma.o"
arm-none-eabi-gcc "../Drivers/STM32L4xx_HAL_Driver/Src/stm32l4xx_hal_dma_ex.c" -mcpu=cortex-m4 -std=gnu11 -g3 -DDEBUG -DUSE_HAL_DRIVER -DSTM32L496xx -c -I../Core/Inc -I../Drivers/STM32L4xx_HAL_Driver/Inc -I../Drivers/STM32L4xx_HAL_Driver/Inc/Legacy -I../Drivers/CMSIS/Device/ST/STM32L4xx/Include -I../Drivers/CMSIS/Include -O0 -ffunction-sections -fdata-sections -Wall -fstack-usage -fcyclomatic-complexity -MMD -MP -MF"Drivers/STM32L4xx_HAL_Driver/Src/stm32l4xx_hal_dma_ex.d" -MT"Drivers/STM32L4xx_HAL_Driver/Src/stm32l4xx_hal_dma_ex.o" --specs=nano.specs -mfpu=fpv4-sp-d16 -mfloat-abi=hard -mthumb -o "Drivers/STM32L4xx_HAL_Driver/Src/stm32l4xx_hal_dma_ex.o"
arm-none-eabi-gcc "../Drivers/STM32L4xx_HAL_Driver/Src/stm32l4xx_hal_exti.c" -mcpu=cortex-m4 -std=gnu11 -g3 -DDEBUG -DUSE_HAL_DRIVER -DSTM32L496xx -c -I../Core/Inc -I../Drivers/STM32L4xx_HAL_Driver/Inc -I../Drivers/STM32L4xx_HAL_Driver/Inc/Legacy -I../Drivers/CMSIS/Device/ST/STM32L4xx/Include -I../Drivers/CMSIS/Include -O0 -ffunction-sections -fdata-sections -Wall -fstack-usage -fcyclomatic-complexity -MMD -MP -MF"Drivers/STM32L4xx_HAL_Driver/Src/stm32l4xx_hal_exti.d" -MT"Drivers/STM32L4xx_HAL_Driver/Src/stm32l4xx_hal_exti.o" --specs=nano.specs -mfpu=fpv4-sp-d16 -mfloat-abi=hard -mthumb -o "Drivers/STM32L4xx_HAL_Driver/Src/stm32l4xx_hal_exti.o"
arm-none-eabi-gcc "../Drivers/STM32L4xx_HAL_Driver/Src/stm32l4xx_hal_flash.c" -mcpu=cortex-m4 -std=gnu11 -g3 -DDEBUG -DUSE_HAL_DRIVER -DSTM32L496xx -c -I../Core/Inc -I../Drivers/STM32L4xx_HAL_Driver/Inc -I../Drivers/STM32L4xx_HAL_Driver/Inc/Legacy -I../Drivers/CMSIS/Device/ST/STM32L4xx/Include -I../Drivers/CMSIS/Include -O0 -ffunction-sections -fdata-sections -Wall -fstack-usage -fcyclomatic-complexity -MMD -MP -MF"Drivers/STM32L4xx_HAL_Driver/Src/stm32l4xx_hal_flash.d" -MT"Drivers/STM32L4xx_HAL_Driver/Src/stm32l4xx_hal_flash.o" --specs=nano.specs -mfpu=fpv4-sp-d16 -mfloat-abi=hard -mthumb -o "Drivers/STM32L4xx_HAL_Driver/Src/stm32l4xx_hal_flash.o"
arm-none-eabi-gcc "../Drivers/STM32L4xx_HAL_Driver/Src/stm32l4xx_hal_flash_ex.c" -mcpu=cortex-m4 -std=gnu11 -g3 -DDEBUG -DUSE_HAL_DRIVER -DSTM32L496xx -c -I../Core/Inc -I../Drivers/STM32L4xx_HAL_Driver/Inc -I../Drivers/STM32L4xx_HAL_Driver/Inc/Legacy -I../Drivers/CMSIS/Device/ST/STM32L4xx/Include -I../Drivers/CMSIS/Include -O0 -ffunction-sections -fdata-sections -Wall -fstack-usage -fcyclomatic-complexity -MMD -MP -MF"Drivers/STM32L4xx_HAL_Driver/Src/stm32l4xx_hal_flash_ex.d" -MT"Drivers/STM32L4xx_HAL_Driver/Src/stm32l4xx_hal_flash_ex.o" --specs=nano.specs -mfpu=fpv4-sp-d16 -mfloat-abi=hard -mthumb -o "Drivers/STM32L4xx_HAL_Driver/Src/stm32l4xx_hal_flash_ex.o"
arm-none-eabi-gcc "../Drivers/STM32L4xx_HAL_Driver/Src/stm32l4xx_hal_flash_ramfunc.c" -mcpu=cortex-m4 -std=gnu11 -g3 -DDEBUG -DUSE_HAL_DRIVER -DSTM32L496xx -c -I../Core/Inc -I../Drivers/STM32L4xx_HAL_Driver/Inc -I../Drivers/STM32L4xx_HAL_Driver/Inc/Legacy -I../Drivers/CMSIS/Device/ST/STM32L4xx/Include -I../Drivers/CMSIS/Include -O0 -ffunction-sections -fdata-sections -Wall -fstack-usage -fcyclomatic-complexity -MMD -MP -MF"Drivers/STM32L4xx_HAL_Driver/Src/stm32l4xx_hal_flash_ramfunc.d" -MT"Drivers/STM32L4xx_HAL_Driver/Src/stm32l4xx_hal_flash_ramfunc.o" --specs=nano.specs -mfpu=fpv4-sp-d16 -mfloat-abi=hard -mthumb -o "Drivers/STM32L4xx_HAL_Driver/Src/stm32l4xx_hal_flash_ramfunc.o"
arm-none-eabi-gcc "../Drivers/STM32L4xx_HAL_Driver/Src/stm32l4xx_hal_gpio.c" -mcpu=cortex-m4 -std=gnu11 -g3 -DDEBUG -DUSE_HAL_DRIVER -DSTM32L496xx -c -I../Core/Inc -I../Drivers/STM32L4xx_HAL_Driver/Inc -I../Drivers/STM32L4xx_HAL_Driver/Inc/Legacy -I../Drivers/CMSIS/Device/ST/STM32L4xx/Include -I../Drivers/CMSIS/Include -O0 -ffunction-sections -fdata-sections -Wall -fstack-usage -fcyclomatic-complexity -MMD -MP -MF"Drivers/STM32L4xx_HAL_Driver/Src/stm32l4xx_hal_gpio.d" -MT"Drivers/STM32L4xx_HAL_Driver/Src/stm32l4xx_hal_gpio.o" --specs=nano.specs -mfpu=fpv4-sp-d16 -mfloat-abi=hard -mthumb -o "Drivers/STM32L4xx_HAL_Driver/Src/stm32l4xx_hal_gpio.o"
arm-none-eabi-gcc "../Drivers/STM32L4xx_HAL_Driver/Src/stm32l4xx_hal_i2c.c" -mcpu=cortex-m4 -std=gnu11 -g3 -DDEBUG -DUSE_HAL_DRIVER -DSTM32L496xx -c -I../Core/Inc -I../Drivers/STM32L4xx_HAL_Driver/Inc -I../Drivers/STM32L4xx_HAL_Driver/Inc/Legacy -I../Drivers/CMSIS/Device/ST/STM32L4xx/Include -I../Drivers/CMSIS/Include -O0 -ffunction-sections -fdata-sections -Wall -fstack-usage -fcyclomatic-complexity -MMD -MP -MF"Drivers/STM32L4xx_HAL_Driver/Src/stm32l4xx_hal_i2c.d" -MT"Drivers/STM32L4xx_HAL_Driver/Src/stm32l4xx_hal_i2c.o" --specs=nano.specs -mfpu=fpv4-sp-d16 -mfloat-abi=hard -mthumb -o "Drivers/STM32L4xx_HAL_Driver/Src/stm32l4xx_hal_i2c.o"
arm-none-eabi-gcc "../Drivers/STM32L4xx_HAL_Driver/Src/stm32l4xx_hal_i2c_ex.c" -mcpu=cortex-m4 -std=gnu11 -g3 -DDEBUG -DUSE_HAL_DRIVER -DSTM32L496xx -c -I../Core/Inc -I../Drivers/STM32L4xx_HAL_Driver/Inc -I../Drivers/STM32L4xx_HAL_Driver/Inc/Legacy -I../Drivers/CMSIS/Device/ST/STM32L4xx/Include -I../Drivers/CMSIS/Include -O0 -ffunction-sections -fdata-sections -Wall -fstack-usage -fcyclomatic-complexity -MMD -MP -MF"Drivers/STM32L4xx_HAL_Driver/Src/stm32l4xx_hal_i2c_ex.d" -MT"Drivers/STM32L4xx_HAL_Driver/Src/stm32l4xx_hal_i2c_ex.o" --specs=nano.specs -mfpu=fpv4-sp-d16 -mfloat-abi=hard -mthumb -o "Drivers/STM32L4xx_HAL_Driver/Src/stm32l4xx_hal_i2c_ex.o"
arm-none-eabi-gcc "../Drivers/STM32L4xx_HAL_Driver/Src/stm32l4xx_hal_pwr.c" -mcpu=cortex-m4 -std=gnu11 -g3 -DDEBUG -DUSE_HAL_DRIVER -DSTM32L496xx -c -I../Core/Inc -I../Drivers/STM32L4xx_HAL_Driver/Inc -I../Drivers/STM32L4xx_HAL_Driver/Inc/Legacy -I../Drivers/CMSIS/Device/ST/STM32L4xx/Include -I../Drivers/CMSIS/Include -O0 -ffunction-sections -fdata-sections -Wall -fstack-usage -fcyclomatic-complexity -MMD -MP -MF"Drivers/STM32L4xx_HAL_Driver/Src/stm32l4xx_hal_pwr.d" -MT"Drivers/STM32L4xx_HAL_Driver/Src/stm32l4xx_hal_pwr.o" --specs=nano.specs -mfpu=fpv4-sp-d16 -mfloat-abi=hard -mthumb -o "Drivers/STM32L4xx_HAL_Driver/Src/stm32l4xx_hal_pwr.o"
arm-none-eabi-gcc "../Drivers/STM32L4xx_HAL_Driver/Src/stm32l4xx_hal_pwr_ex.c" -mcpu=cortex-m4 -std=gnu11 -g3 -DDEBUG -DUSE_HAL_DRIVER -DSTM32L496xx -c -I../Core/Inc -I../Drivers/STM32L4xx_HAL_Driver/Inc -I../Drivers/STM32L4xx_HAL_Driver/Inc/Legacy -I../Drivers/CMSIS/Device/ST/STM32L4xx/Include -I../Drivers/CMSIS/Include -O0 -ffunction-sections -fdata-sections -Wall -fstack-usage -fcyclomatic-complexity -MMD -MP -MF"Drivers/STM32L4xx_HAL_Driver/Src/stm32l4xx_hal_pwr_ex.d" -MT"Drivers/STM32L4xx_HAL_Driver/Src/stm32l4xx_hal_pwr_ex.o" --specs=nano.specs -mfpu=fpv4-sp-d16 -mfloat-abi=hard -mthumb -o "Drivers/STM32L4xx_HAL_Driver/Src/stm32l4xx_hal_pwr_ex.o"
arm-none-eabi-gcc "../Drivers/STM32L4xx_HAL_Driver/Src/stm32l4xx_hal_rcc.c" -mcpu=cortex-m4 -std=gnu11 -g3 -DDEBUG -DUSE_HAL_DRIVER -DSTM32L496xx -c -I../Core/Inc -I../Drivers/STM32L4xx_HAL_Driver/Inc -I../Drivers/STM32L4xx_HAL_Driver/Inc/Legacy -I../Drivers/CMSIS/Device/ST/STM32L4xx/Include -I../Drivers/CMSIS/Include -O0 -ffunction-sections -fdata-sections -Wall -fstack-usage -fcyclomatic-complexity -MMD -MP -MF"Drivers/STM32L4xx_HAL_Driver/Src/stm32l4xx_hal_rcc.d" -MT"Drivers/STM32L4xx_HAL_Driver/Src/stm32l4xx_hal_rcc.o" --specs=nano.specs -mfpu=fpv4-sp-d16 -mfloat-abi=hard -mthumb -o "Drivers/STM32L4xx_HAL_Driver/Src/stm32l4xx_hal_rcc.o"
arm-none-eabi-gcc "../Drivers/STM32L4xx_HAL_Driver/Src/stm32l4xx_hal_rcc_ex.c" -mcpu=cortex-m4 -std=gnu11 -g3 -DDEBUG -DUSE_HAL_DRIVER -DSTM32L496xx -c -I../Core/Inc -I../Drivers/STM32L4xx_HAL_Driver/Inc -I../Drivers/STM32L4xx_HAL_Driver/Inc/Legacy -I../Drivers/CMSIS/Device/ST/STM32L4xx/Include -I../Drivers/CMSIS/Include -O0 -ffunction-sections -fdata-sections -Wall -fstack-usage -fcyclomatic-complexity -MMD -MP -MF"Drivers/STM32L4xx_HAL_Driver/Src/stm32l4xx_hal_rcc_ex.d" -MT"Drivers/STM32L4xx_HAL_Driver/Src/stm32l4xx_hal_rcc_ex.o" --specs=nano.specs -mfpu=fpv4-sp-d16 -mfloat-abi=hard -mthumb -o "Drivers/STM32L4xx_HAL_Driver/Src/stm32l4xx_hal_rcc_ex.o"
arm-none-eabi-gcc -mcpu=cortex-m4 -g3 -DDEBUG -c -x assembler-with-cpp -MMD -MP -MF"Core/Startup/startup_stm32l496zgtx.d" -MT"Core/Startup/startup_stm32l496zgtx.o" --specs=nano.specs -mfpu=fpv4-sp-d16 -mfloat-abi=hard -mthumb -o "Core/Startup/startup_stm32l496zgtx.o" "../Core/Startup/startup_stm32l496zgtx.s"
arm-none-eabi-gcc "../Core/Src/main.c" -mcpu=cortex-m4 -std=gnu11 -g3 -DDEBUG -DUSE_HAL_DRIVER -DSTM32L496xx -c -I../Core/Inc -I../Drivers/STM32L4xx_HAL_Driver/Inc -I../Drivers/STM32L4xx_HAL_Driver/Inc/Legacy -I../Drivers/CMSIS/Device/ST/STM32L4xx/Include -I../Drivers/CMSIS/Include -O0 -ffunction-sections -fdata-sections -Wall -fstack-usage -fcyclomatic-complexity -MMD -MP -MF"Core/Src/main.d" -MT"Core/Src/main.o" --specs=nano.specs -mfpu=fpv4-sp-d16 -mfloat-abi=hard -mthumb -o "Core/Src/main.o"
arm-none-eabi-gcc "../Core/Src/stm32l4xx_hal_msp.c" -mcpu=cortex-m4 -std=gnu11 -g3 -DDEBUG -DUSE_HAL_DRIVER -DSTM32L496xx -c -I../Core/Inc -I../Drivers/STM32L4xx_HAL_Driver/Inc -I../Drivers/STM32L4xx_HAL_Driver/Inc/Legacy -I../Drivers/CMSIS/Device/ST/STM32L4xx/Include -I../Drivers/CMSIS/Include -O0 -ffunction-sections -fdata-sections -Wall -fstack-usage -fcyclomatic-complexity -MMD -MP -MF"Core/Src/stm32l4xx_hal_msp.d" -MT"Core/Src/stm32l4xx_hal_msp.o" --specs=nano.specs -mfpu=fpv4-sp-d16 -mfloat-abi=hard -mthumb -o "Core/Src/stm32l4xx_hal_msp.o"
arm-none-eabi-gcc "../Core/Src/stm32l4xx_it.c" -mcpu=cortex-m4 -std=gnu11 -g3 -DDEBUG -DUSE_HAL_DRIVER -DSTM32L496xx -c -I../Core/Inc -I../Drivers/STM32L4xx_HAL_Driver/Inc -I../Drivers/STM32L4xx_HAL_Driver/Inc/Legacy -I../Drivers/CMSIS/Device/ST/STM32L4xx/Include -I../Drivers/CMSIS/Include -O0 -ffunction-sections -fdata-sections -Wall -fstack-usage -fcyclomatic-complexity -MMD -MP -MF"Core/Src/stm32l4xx_it.d" -MT"Core/Src/stm32l4xx_it.o" --specs=nano.specs -mfpu=fpv4-sp-d16 -mfloat-abi=hard -mthumb -o "Core/Src/stm32l4xx_it.o"
arm-none-eabi-gcc "../Core/Src/syscalls.c" -mcpu=cortex-m4 -std=gnu11 -g3 -DDEBUG -DUSE_HAL_DRIVER -DSTM32L496xx -c -I../Core/Inc -I../Drivers/STM32L4xx_HAL_Driver/Inc -I../Drivers/STM32L4xx_HAL_Driver/Inc/Legacy -I../Drivers/CMSIS/Device/ST/STM32L4xx/Include -I../Drivers/CMSIS/Include -O0 -ffunction-sections -fdata-sections -Wall -fstack-usage -fcyclomatic-complexity -MMD -MP -MF"Core/Src/syscalls.d" -MT"Core/Src/syscalls.o" --specs=nano.specs -mfpu=fpv4-sp-d16 -mfloat-abi=hard -mthumb -o "Core/Src/syscalls.o"
arm-none-eabi-gcc "../Core/Src/sysmem.c" -mcpu=cortex-m4 -std=gnu11 -g3 -DDEBUG -DUSE_HAL_DRIVER -DSTM32L496xx -c -I../Core/Inc -I../Drivers/STM32L4xx_HAL_Driver/Inc -I../Drivers/STM32L4xx_HAL_Driver/Inc/Legacy -I../Drivers/CMSIS/Device/ST/STM32L4xx/Include -I../Drivers/CMSIS/Include -O0 -ffunction-sections -fdata-sections -Wall -fstack-usage -fcyclomatic-complexity -MMD -MP -MF"Core/Src/sysmem.d" -MT"Core/Src/sysmem.o" --specs=nano.specs -mfpu=fpv4-sp-d16 -mfloat-abi=hard -mthumb -o "Core/Src/sysmem.o"
arm-none-eabi-gcc "../Core/Src/system_stm32l4xx.c" -mcpu=cortex-m4 -std=gnu11 -g3 -DDEBUG -DUSE_HAL_DRIVER -DSTM32L496xx -c -I../Core/Inc -I../Drivers/STM32L4xx_HAL_Driver/Inc -I../Drivers/STM32L4xx_HAL_Driver/Inc/Legacy -I../Drivers/CMSIS/Device/ST/STM32L4xx/Include -I../Drivers/CMSIS/Include -O0 -ffunction-sections -fdata-sections -Wall -fstack-usage -fcyclomatic-complexity -MMD -MP -MF"Core/Src/system_stm32l4xx.d" -MT"Core/Src/system_stm32l4xx.o" --specs=nano.specs -mfpu=fpv4-sp-d16 -mfloat-abi=hard -mthumb -o "Core/Src/system_stm32l4xx.o"
arm-none-eabi-gcc -o "jumpingLight.elf" @"objects.list"   -mcpu=cortex-m4 -T"C:\Users\Damian\STM32CubeIDE\workspace_1.18.0\jumpingLight\STM32L496ZGTX_FLASH.ld" --specs=nosys.specs -Wl,-Map="jumpingLight.map" -Wl,--gc-sections -static --specs=nano.specs -mfpu=fpv4-sp-d16 -mfloat-abi=hard -mthumb -Wl,--start-group -lc -lm -Wl,--end-group
Finished building target: jumpingLight.elf
 
arm-none-eabi-size  jumpingLight.elf 
arm-none-eabi-objdump -h -S jumpingLight.elf  > "jumpingLight.list"
   text	   data	    bss	    dec	    hex	filename
   6844	    120	   1568	   8532	   2154	jumpingLight.elf
Finished building: default.size.stdout
 
Finished building: jumpingLight.list
 
01:12:39 **** Incremental Build of configuration Debug for project DisplayCounter ****
make -j12 all 
arm-none-eabi-size  DisplayCounter.elf 
   text	   data	    bss	    dec	    hex	filename
   6860	     12	   1572	   8444	   20fc	DisplayCounter.elf
Finished building: default.size.stdout
 
01:12:39 **** Incremental Build of configuration Debug for project STM32_Base_Project ****
make -j12 all 
arm-none-eabi-gcc "../Src/main.c" -mcpu=cortex-m4 -std=gnu11 -g3 -DDEBUG -DSTM32L4 -DSTM32L496ZGTx -DSTM32 -c -I../Inc -O0 -ffunction-sections -fdata-sections -Wall -fstack-usage -fcyclomatic-complexity -MMD -MP -MF"Src/main.d" -MT"Src/main.o" --specs=nano.specs -mfpu=fpv4-sp-d16 -mfloat-abi=hard -mthumb -o "Src/main.o"
../Src/main.c:84:28: error: unknown type name 'uint32_t'
   84 | void initializePinToOutput(uint32_t port, uint16_t pin)
      |                            ^~~~~~~~
../Src/main.c:1:1: note: 'uint32_t' is defined in header '<stdint.h>'; did you forget to '#include <stdint.h>'?
  +++ |+#include <stdint.h>
    1 | /**
../Src/main.c:84:43: error: unknown type name 'uint16_t'
   84 | void initializePinToOutput(uint32_t port, uint16_t pin)
      |                                           ^~~~~~~~
../Src/main.c:84:43: note: 'uint16_t' is defined in header '<stdint.h>'; did you forget to '#include <stdint.h>'?
../Src/main.c:88:27: error: unknown type name 'uint32_t'
   88 | void initializePinToInput(uint32_t port, uint16_t pin)
      |                           ^~~~~~~~
../Src/main.c:88:27: note: 'uint32_t' is defined in header '<stdint.h>'; did you forget to '#include <stdint.h>'?
../Src/main.c:88:42: error: unknown type name 'uint16_t'
   88 | void initializePinToInput(uint32_t port, uint16_t pin)
      |                                          ^~~~~~~~
../Src/main.c:88:42: note: 'uint16_t' is defined in header '<stdint.h>'; did you forget to '#include <stdint.h>'?
../Src/main.c:92:18: error: unknown type name 'uint32_t'
   92 | void enableClock(uint32_t port)
      |                  ^~~~~~~~
../Src/main.c:92:18: note: 'uint32_t' is defined in header '<stdint.h>'; did you forget to '#include <stdint.h>'?
../Src/main.c: In function 'enableVDDIO2':
../Src/main.c:98:20: error: unknown type name 'uint32_t'
   98 |         *(volatile uint32_t *)(VDDIO2) |= (1 << 0);
      |                    ^~~~~~~~
../Src/main.c:49:31: error: 'uint32_t' undeclared (first use in this function)
   49 | #define APB1                ((uint32_t)0x40000000)
      |                               ^~~~~~~~
../Src/main.c:50:30: note: in expansion of macro 'APB1'
   50 | #define PWR                 (APB1 + 0x7000)
      |                              ^~~~
../Src/main.c:51:30: note: in expansion of macro 'PWR'
   51 | #define VDDIO2              (PWR + 0x09)
      |                              ^~~
../Src/main.c:98:32: note: in expansion of macro 'VDDIO2'
   98 |         *(volatile uint32_t *)(VDDIO2) |= (1 << 0);
      |                                ^~~~~~
../Src/main.c:49:31: note: 'uint32_t' is defined in header '<stdint.h>'; did you forget to '#include <stdint.h>'?
   49 | #define APB1                ((uint32_t)0x40000000)
      |                               ^~~~~~~~
../Src/main.c:50:30: note: in expansion of macro 'APB1'
   50 | #define PWR                 (APB1 + 0x7000)
      |                              ^~~~
../Src/main.c:51:30: note: in expansion of macro 'PWR'
   51 | #define VDDIO2              (PWR + 0x09)
      |                              ^~~
../Src/main.c:98:32: note: in expansion of macro 'VDDIO2'
   98 |         *(volatile uint32_t *)(VDDIO2) |= (1 << 0);
      |                                ^~~~~~
../Src/main.c:49:31: note: each undeclared identifier is reported only once for each function it appears in
   49 | #define APB1                ((uint32_t)0x40000000)
      |                               ^~~~~~~~
../Src/main.c:50:30: note: in expansion of macro 'APB1'
   50 | #define PWR                 (APB1 + 0x7000)
      |                              ^~~~
../Src/main.c:51:30: note: in expansion of macro 'PWR'
   51 | #define VDDIO2              (PWR + 0x09)
      |                              ^~~
../Src/main.c:98:32: note: in expansion of macro 'VDDIO2'
   98 |         *(volatile uint32_t *)(VDDIO2) |= (1 << 0);
      |                                ^~~~~~
../Src/main.c:49:40: error: expected ')' before numeric constant
   49 | #define APB1                ((uint32_t)0x40000000)
      |                             ~          ^~~~~~~~~~
../Src/main.c:50:30: note: in expansion of macro 'APB1'
   50 | #define PWR                 (APB1 + 0x7000)
      |                              ^~~~
../Src/main.c:51:30: note: in expansion of macro 'PWR'
   51 | #define VDDIO2              (PWR + 0x09)
      |                              ^~~
../Src/main.c:98:32: note: in expansion of macro 'VDDIO2'
   98 |         *(volatile uint32_t *)(VDDIO2) |= (1 << 0);
      |                                ^~~~~~
../Src/main.c: In function 'initializeGPIO':
../Src/main.c:102:9: warning: implicit declaration of function 'enableClock' [-Wimplicit-function-declaration]
  102 |         enableClock(ENRGPIOB);
      |         ^~~~~~~~~~~
../Src/main.c:42:31: error: 'uint32_t' undeclared (first use in this function)
   42 | #define AHB1                ((uint32_t)0x40020000)
      |                               ^~~~~~~~
../Src/main.c:43:30: note: in expansion of macro 'AHB1'
   43 | #define RCC                 (AHB1 + 0x1000)
      |                              ^~~~
../Src/main.c:44:30: note: in expansion of macro 'RCC'
   44 | #define AHB2ENR             (RCC + 0x4C)
      |                              ^~~
../Src/main.c:45:30: note: in expansion of macro 'AHB2ENR'
   45 | #define ENRGPIOB            (AHB2ENR + 0x01)
      |                              ^~~~~~~
../Src/main.c:102:21: note: in expansion of macro 'ENRGPIOB'
  102 |         enableClock(ENRGPIOB);
      |                     ^~~~~~~~
../Src/main.c:42:31: note: 'uint32_t' is defined in header '<stdint.h>'; did you forget to '#include <stdint.h>'?
   42 | #define AHB1                ((uint32_t)0x40020000)
      |                               ^~~~~~~~
../Src/main.c:43:30: note: in expansion of macro 'AHB1'
   43 | #define RCC                 (AHB1 + 0x1000)
      |                              ^~~~
../Src/main.c:44:30: note: in expansion of macro 'RCC'
   44 | #define AHB2ENR             (RCC + 0x4C)
      |                              ^~~
../Src/main.c:45:30: note: in expansion of macro 'AHB2ENR'
   45 | #define ENRGPIOB            (AHB2ENR + 0x01)
      |                              ^~~~~~~
../Src/main.c:102:21: note: in expansion of macro 'ENRGPIOB'
  102 |         enableClock(ENRGPIOB);
      |                     ^~~~~~~~
../Src/main.c:42:40: error: expected ')' before numeric constant
   42 | #define AHB1                ((uint32_t)0x40020000)
      |                             ~          ^~~~~~~~~~
../Src/main.c:43:30: note: in expansion of macro 'AHB1'
   43 | #define RCC                 (AHB1 + 0x1000)
      |                              ^~~~
../Src/main.c:44:30: note: in expansion of macro 'RCC'
   44 | #define AHB2ENR             (RCC + 0x4C)
      |                              ^~~
../Src/main.c:45:30: note: in expansion of macro 'AHB2ENR'
   45 | #define ENRGPIOB            (AHB2ENR + 0x01)
      |                              ^~~~~~~
../Src/main.c:102:21: note: in expansion of macro 'ENRGPIOB'
  102 |         enableClock(ENRGPIOB);
      |                     ^~~~~~~~
../Src/main.c:42:40: error: expected ')' before numeric constant
   42 | #define AHB1                ((uint32_t)0x40020000)
      |                             ~          ^~~~~~~~~~
../Src/main.c:43:30: note: in expansion of macro 'AHB1'
   43 | #define RCC                 (AHB1 + 0x1000)
      |                              ^~~~
../Src/main.c:44:30: note: in expansion of macro 'RCC'
   44 | #define AHB2ENR             (RCC + 0x4C)
      |                              ^~~
../Src/main.c:46:30: note: in expansion of macro 'AHB2ENR'
   46 | #define ENRGPIOE            (AHB2ENR + 0x04)
      |                              ^~~~~~~
../Src/main.c:103:21: note: in expansion of macro 'ENRGPIOE'
  103 |         enableClock(ENRGPIOE);
      |                     ^~~~~~~~
../Src/main.c:42:40: error: expected ')' before numeric constant
   42 | #define AHB1                ((uint32_t)0x40020000)
      |                             ~          ^~~~~~~~~~
../Src/main.c:43:30: note: in expansion of macro 'AHB1'
   43 | #define RCC                 (AHB1 + 0x1000)
      |                              ^~~~
../Src/main.c:44:30: note: in expansion of macro 'RCC'
   44 | #define AHB2ENR             (RCC + 0x4C)
      |                              ^~~
../Src/main.c:47:30: note: in expansion of macro 'AHB2ENR'
   47 | #define ENRGPIOG            (AHB2ENR + 0x06)
      |                              ^~~~~~~
../Src/main.c:104:21: note: in expansion of macro 'ENRGPIOG'
  104 |         enableClock(ENRGPIOG);
      |                     ^~~~~~~~
../Src/main.c:106:9: warning: implicit declaration of function 'initializePinToOutput' [-Wimplicit-function-declaration]
  106 |         initializePinToOutput(GPIOB, DIGIT_1);
      |         ^~~~~~~~~~~~~~~~~~~~~
../Src/main.c:37:40: error: expected ')' before numeric constant
   37 | #define GPIO                ((uint32_t)0x48000000)
      |                             ~          ^~~~~~~~~~
../Src/main.c:38:30: note: in expansion of macro 'GPIO'
   38 | #define GPIOB               (GPIO + 0x0400)
      |                              ^~~~
../Src/main.c:106:31: note: in expansion of macro 'GPIOB'
  106 |         initializePinToOutput(GPIOB, DIGIT_1);
      |                               ^~~~~
../Src/main.c:21:31: error: 'uint16_t' undeclared (first use in this function)
   21 | #define GPIO_PIN_2          ((uint16_t)0x0004)
      |                               ^~~~~~~~
../Src/main.c:63:17: note: in expansion of macro 'GPIO_PIN_2'
   63 | #define DIGIT_1 GPIO_PIN_2
      |                 ^~~~~~~~~~
../Src/main.c:106:38: note: in expansion of macro 'DIGIT_1'
  106 |         initializePinToOutput(GPIOB, DIGIT_1);
      |                                      ^~~~~~~
../Src/main.c:21:31: note: 'uint16_t' is defined in header '<stdint.h>'; did you forget to '#include <stdint.h>'?
   21 | #define GPIO_PIN_2          ((uint16_t)0x0004)
      |                               ^~~~~~~~
../Src/main.c:63:17: note: in expansion of macro 'GPIO_PIN_2'
   63 | #define DIGIT_1 GPIO_PIN_2
      |                 ^~~~~~~~~~
../Src/main.c:106:38: note: in expansion of macro 'DIGIT_1'
  106 |         initializePinToOutput(GPIOB, DIGIT_1);
      |                                      ^~~~~~~
../Src/main.c:21:40: error: expected ')' before numeric constant
   21 | #define GPIO_PIN_2          ((uint16_t)0x0004)
      |                             ~          ^~~~~~
../Src/main.c:63:17: note: in expansion of macro 'GPIO_PIN_2'
   63 | #define DIGIT_1 GPIO_PIN_2
      |                 ^~~~~~~~~~
../Src/main.c:106:38: note: in expansion of macro 'DIGIT_1'
  106 |         initializePinToOutput(GPIOB, DIGIT_1);
      |                                      ^~~~~~~
../Src/main.c:37:40: error: expected ')' before numeric constant
   37 | #define GPIO                ((uint32_t)0x48000000)
      |                             ~          ^~~~~~~~~~
../Src/main.c:38:30: note: in expansion of macro 'GPIO'
   38 | #define GPIOB               (GPIO + 0x0400)
      |                              ^~~~
../Src/main.c:107:31: note: in expansion of macro 'GPIOB'
  107 |         initializePinToOutput(GPIOB, DIGIT_2);
      |                               ^~~~~
../Src/main.c:22:40: error: expected ')' before numeric constant
   22 | #define GPIO_PIN_3          ((uint16_t)0x0008)
      |                             ~          ^~~~~~
../Src/main.c:64:17: note: in expansion of macro 'GPIO_PIN_3'
   64 | #define DIGIT_2 GPIO_PIN_3
      |                 ^~~~~~~~~~
../Src/main.c:107:38: note: in expansion of macro 'DIGIT_2'
  107 |         initializePinToOutput(GPIOB, DIGIT_2);
      |                                      ^~~~~~~
../Src/main.c:37:40: error: expected ')' before numeric constant
   37 | #define GPIO                ((uint32_t)0x48000000)
      |                             ~          ^~~~~~~~~~
../Src/main.c:38:30: note: in expansion of macro 'GPIO'
   38 | #define GPIOB               (GPIO + 0x0400)
      |                              ^~~~
../Src/main.c:108:31: note: in expansion of macro 'GPIOB'
  108 |         initializePinToOutput(GPIOB, DIGIT_3);
      |                               ^~~~~
../Src/main.c:23:40: error: expected ')' before numeric constant
   23 | #define GPIO_PIN_4          ((uint16_t)0x0010)
      |                             ~          ^~~~~~
../Src/main.c:65:17: note: in expansion of macro 'GPIO_PIN_4'
   65 | #define DIGIT_3 GPIO_PIN_4
      |                 ^~~~~~~~~~
../Src/main.c:108:38: note: in expansion of macro 'DIGIT_3'
  108 |         initializePinToOutput(GPIOB, DIGIT_3);
      |                                      ^~~~~~~
../Src/main.c:37:40: error: expected ')' before numeric constant
   37 | #define GPIO                ((uint32_t)0x48000000)
      |                             ~          ^~~~~~~~~~
../Src/main.c:38:30: note: in expansion of macro 'GPIO'
   38 | #define GPIOB               (GPIO + 0x0400)
      |                              ^~~~
../Src/main.c:109:31: note: in expansion of macro 'GPIOB'
  109 |         initializePinToOutput(GPIOB, DIGIT_4);
      |                               ^~~~~
../Src/main.c:24:40: error: expected ')' before numeric constant
   24 | #define GPIO_PIN_5          ((uint16_t)0x0020)
      |                             ~          ^~~~~~
../Src/main.c:66:17: note: in expansion of macro 'GPIO_PIN_5'
   66 | #define DIGIT_4 GPIO_PIN_5
      |                 ^~~~~~~~~~
../Src/main.c:109:38: note: in expansion of macro 'DIGIT_4'
  109 |         initializePinToOutput(GPIOB, DIGIT_4);
      |                                      ^~~~~~~
../Src/main.c:37:40: error: expected ')' before numeric constant
   37 | #define GPIO                ((uint32_t)0x48000000)
      |                             ~          ^~~~~~~~~~
../Src/main.c:40:30: note: in expansion of macro 'GPIO'
   40 | #define GPIOG               (GPIO + 0x1800)
      |                              ^~~~
../Src/main.c:111:31: note: in expansion of macro 'GPIOG'
  111 |         initializePinToOutput(GPIOG, SEGMENT_A);
      |                               ^~~~~
../Src/main.c:19:40: error: expected ')' before numeric constant
   19 | #define GPIO_PIN_0          ((uint16_t)0x0001)
      |                             ~          ^~~~~~
../Src/main.c:70:19: note: in expansion of macro 'GPIO_PIN_0'
   70 | #define SEGMENT_A GPIO_PIN_0
      |                   ^~~~~~~~~~
../Src/main.c:111:38: note: in expansion of macro 'SEGMENT_A'
  111 |         initializePinToOutput(GPIOG, SEGMENT_A);
      |                                      ^~~~~~~~~
../Src/main.c:37:40: error: expected ')' before numeric constant
   37 | #define GPIO                ((uint32_t)0x48000000)
      |                             ~          ^~~~~~~~~~
../Src/main.c:40:30: note: in expansion of macro 'GPIO'
   40 | #define GPIOG               (GPIO + 0x1800)
      |                              ^~~~
../Src/main.c:112:31: note: in expansion of macro 'GPIOG'
  112 |         initializePinToOutput(GPIOG, SEGMENT_B);
      |                               ^~~~~
../Src/main.c:20:40: error: expected ')' before numeric constant
   20 | #define GPIO_PIN_1          ((uint16_t)0x0002)
      |                             ~          ^~~~~~
../Src/main.c:71:19: note: in expansion of macro 'GPIO_PIN_1'
   71 | #define SEGMENT_B GPIO_PIN_1
      |                   ^~~~~~~~~~
../Src/main.c:112:38: note: in expansion of macro 'SEGMENT_B'
  112 |         initializePinToOutput(GPIOG, SEGMENT_B);
      |                                      ^~~~~~~~~
../Src/main.c:37:40: error: expected ')' before numeric constant
   37 | #define GPIO                ((uint32_t)0x48000000)
      |                             ~          ^~~~~~~~~~
../Src/main.c:40:30: note: in expansion of macro 'GPIO'
   40 | #define GPIOG               (GPIO + 0x1800)
      |                              ^~~~
../Src/main.c:113:31: note: in expansion of macro 'GPIOG'
  113 |         initializePinToOutput(GPIOG, SEGMENT_C);
      |                               ^~~~~
../Src/main.c:21:40: error: expected ')' before numeric constant
   21 | #define GPIO_PIN_2          ((uint16_t)0x0004)
      |                             ~          ^~~~~~
../Src/main.c:72:19: note: in expansion of macro 'GPIO_PIN_2'
   72 | #define SEGMENT_C GPIO_PIN_2
      |                   ^~~~~~~~~~
../Src/main.c:113:38: note: in expansion of macro 'SEGMENT_C'
  113 |         initializePinToOutput(GPIOG, SEGMENT_C);
      |                                      ^~~~~~~~~
../Src/main.c:37:40: error: expected ')' before numeric constant
   37 | #define GPIO                ((uint32_t)0x48000000)
      |                             ~          ^~~~~~~~~~
../Src/main.c:40:30: note: in expansion of macro 'GPIO'
   40 | #define GPIOG               (GPIO + 0x1800)
      |                              ^~~~
../Src/main.c:114:31: note: in expansion of macro 'GPIOG'
  114 |         initializePinToOutput(GPIOG, SEGMENT_D);
      |                               ^~~~~
../Src/main.c:22:40: error: expected ')' before numeric constant
   22 | #define GPIO_PIN_3          ((uint16_t)0x0008)
      |                             ~          ^~~~~~
../Src/main.c:73:19: note: in expansion of macro 'GPIO_PIN_3'
   73 | #define SEGMENT_D GPIO_PIN_3
      |                   ^~~~~~~~~~
../Src/main.c:114:38: note: in expansion of macro 'SEGMENT_D'
  114 |         initializePinToOutput(GPIOG, SEGMENT_D);
      |                                      ^~~~~~~~~
../Src/main.c:37:40: error: expected ')' before numeric constant
   37 | #define GPIO                ((uint32_t)0x48000000)
      |                             ~          ^~~~~~~~~~
../Src/main.c:40:30: note: in expansion of macro 'GPIO'
   40 | #define GPIOG               (GPIO + 0x1800)
      |                              ^~~~
../Src/main.c:115:31: note: in expansion of macro 'GPIOG'
  115 |         initializePinToOutput(GPIOG, SEGMENT_E);
      |                               ^~~~~
../Src/main.c:23:40: error: expected ')' before numeric constant
   23 | #define GPIO_PIN_4          ((uint16_t)0x0010)
      |                             ~          ^~~~~~
../Src/main.c:74:19: note: in expansion of macro 'GPIO_PIN_4'
   74 | #define SEGMENT_E GPIO_PIN_4
      |                   ^~~~~~~~~~
../Src/main.c:115:38: note: in expansion of macro 'SEGMENT_E'
  115 |         initializePinToOutput(GPIOG, SEGMENT_E);
      |                                      ^~~~~~~~~
../Src/main.c:37:40: error: expected ')' before numeric constant
   37 | #define GPIO                ((uint32_t)0x48000000)
      |                             ~          ^~~~~~~~~~
../Src/main.c:40:30: note: in expansion of macro 'GPIO'
   40 | #define GPIOG               (GPIO + 0x1800)
      |                              ^~~~
../Src/main.c:116:31: note: in expansion of macro 'GPIOG'
  116 |         initializePinToOutput(GPIOG, SEGMENT_F);
      |                               ^~~~~
../Src/main.c:24:40: error: expected ')' before numeric constant
   24 | #define GPIO_PIN_5          ((uint16_t)0x0020)
      |                             ~          ^~~~~~
../Src/main.c:75:19: note: in expansion of macro 'GPIO_PIN_5'
   75 | #define SEGMENT_F GPIO_PIN_5
      |                   ^~~~~~~~~~
../Src/main.c:116:38: note: in expansion of macro 'SEGMENT_F'
  116 |         initializePinToOutput(GPIOG, SEGMENT_F);
      |                                      ^~~~~~~~~
../Src/main.c:37:40: error: expected ')' before numeric constant
   37 | #define GPIO                ((uint32_t)0x48000000)
      |                             ~          ^~~~~~~~~~
../Src/main.c:40:30: note: in expansion of macro 'GPIO'
   40 | #define GPIOG               (GPIO + 0x1800)
      |                              ^~~~
../Src/main.c:117:31: note: in expansion of macro 'GPIOG'
  117 |         initializePinToOutput(GPIOG, SEGMENT_G);
      |                               ^~~~~
../Src/main.c:25:40: error: expected ')' before numeric constant
   25 | #define GPIO_PIN_6          ((uint16_t)0x0040)
      |                             ~          ^~~~~~
../Src/main.c:76:19: note: in expansion of macro 'GPIO_PIN_6'
   76 | #define SEGMENT_G GPIO_PIN_6
      |                   ^~~~~~~~~~
../Src/main.c:117:38: note: in expansion of macro 'SEGMENT_G'
  117 |         initializePinToOutput(GPIOG, SEGMENT_G);
      |                                      ^~~~~~~~~
../Src/main.c:119:9: warning: implicit declaration of function 'initializePinToInput' [-Wimplicit-function-declaration]
  119 |         initializePinToInput(GPIOE, JOYSTICK_PUSHED_PIN);
      |         ^~~~~~~~~~~~~~~~~~~~
../Src/main.c:37:40: error: expected ')' before numeric constant
   37 | #define GPIO                ((uint32_t)0x48000000)
      |                             ~          ^~~~~~~~~~
../Src/main.c:39:30: note: in expansion of macro 'GPIO'
   39 | #define GPIOE               (GPIO + 0x1000)
      |                              ^~~~
../Src/main.c:119:30: note: in expansion of macro 'GPIOE'
  119 |         initializePinToInput(GPIOE, JOYSTICK_PUSHED_PIN);
      |                              ^~~~~
../Src/main.c:34:40: error: expected ')' before numeric constant
   34 | #define GPIO_PIN_15         ((uint16_t)0x8000)
      |                             ~          ^~~~~~
../Src/main.c:80:29: note: in expansion of macro 'GPIO_PIN_15'
   80 | #define JOYSTICK_PUSHED_PIN GPIO_PIN_15
      |                             ^~~~~~~~~~~
../Src/main.c:119:37: note: in expansion of macro 'JOYSTICK_PUSHED_PIN'
  119 |         initializePinToInput(GPIOE, JOYSTICK_PUSHED_PIN);
      |                                     ^~~~~~~~~~~~~~~~~~~
make: *** [Src/subdir.mk:28: Src/main.o] Error 1
"make -j12 all" terminated with exit code 2. Build might be incomplete.
01:12:40 **** Incremental Build of configuration Debug for project jumpingLight ****
make -j12 all 
arm-none-eabi-size  jumpingLight.elf 
   text	   data	    bss	    dec	    hex	filename
   6844	    120	   1568	   8532	   2154	jumpingLight.elf
Finished building: default.size.stdout
 
01:12:57 **** Incremental Build of configuration Debug for project DisplayCounter ****
make -j12 all 
arm-none-eabi-size  DisplayCounter.elf 
   text	   data	    bss	    dec	    hex	filename
   6860	     12	   1572	   8444	   20fc	DisplayCounter.elf
Finished building: default.size.stdout
 
01:12:58 **** Incremental Build of configuration Debug for project STM32_Base_Project ****
make -j12 all 
arm-none-eabi-gcc "../Src/main.c" -mcpu=cortex-m4 -std=gnu11 -g3 -DDEBUG -DSTM32L4 -DSTM32L496ZGTx -DSTM32 -c -I../Inc -O0 -ffunction-sections -fdata-sections -Wall -fstack-usage -fcyclomatic-complexity -MMD -MP -MF"Src/main.d" -MT"Src/main.o" --specs=nano.specs -mfpu=fpv4-sp-d16 -mfloat-abi=hard -mthumb -o "Src/main.o"
../Src/main.c:18:10: fatal error: cstdint: No such file or directory
   18 | #include <cstdint>
      |          ^~~~~~~~~
compilation terminated.
make: *** [Src/subdir.mk:28: Src/main.o] Error 1
"make -j12 all" terminated with exit code 2. Build might be incomplete.
01:12:58 **** Incremental Build of configuration Debug for project jumpingLight ****
make -j12 all 
arm-none-eabi-size  jumpingLight.elf 
   text	   data	    bss	    dec	    hex	filename
   6844	    120	   1568	   8532	   2154	jumpingLight.elf
Finished building: default.size.stdout
 
01:15:28 **** Incremental Build of configuration Debug for project DisplayCounter ****
make -j12 all 
arm-none-eabi-size  DisplayCounter.elf 
   text	   data	    bss	    dec	    hex	filename
   6860	     12	   1572	   8444	   20fc	DisplayCounter.elf
Finished building: default.size.stdout
 
01:15:29 **** Incremental Build of configuration Debug for project STM32_Base_Project ****
make -j12 all 
arm-none-eabi-gcc "../Src/main.c" -mcpu=cortex-m4 -std=gnu11 -g3 -DDEBUG -DSTM32L4 -DSTM32L496ZGTx -DSTM32 -c -I../Inc -O0 -ffunction-sections -fdata-sections -Wall -fstack-usage -fcyclomatic-complexity -MMD -MP -MF"Src/main.d" -MT"Src/main.o" --specs=nano.specs -mfpu=fpv4-sp-d16 -mfloat-abi=hard -mthumb -o "Src/main.o"
arm-none-eabi-gcc -o "STM32_Base_Project.elf" @"objects.list"   -mcpu=cortex-m4 -T"C:\Users\Damian\STM32CubeIDE\workspace_1.18.0\STM32_base_project_without_HAL.zip_expanded\STM32_Base_Project\STM32L496ZGTX_FLASH.ld" --specs=nosys.specs -Wl,-Map="STM32_Base_Project.map" -Wl,--gc-sections -static --specs=nano.specs -mfpu=fpv4-sp-d16 -mfloat-abi=hard -mthumb -Wl,--start-group -lc -lm -Wl,--end-group
Finished building target: STM32_Base_Project.elf
 
arm-none-eabi-size  STM32_Base_Project.elf 
arm-none-eabi-objdump -h -S STM32_Base_Project.elf  > "STM32_Base_Project.list"
   text	   data	    bss	    dec	    hex	filename
   1264	      4	   1564	   2832	    b10	STM32_Base_Project.elf
Finished building: default.size.stdout
 
Finished building: STM32_Base_Project.list
 
01:15:30 **** Incremental Build of configuration Debug for project jumpingLight ****
make -j12 all 
arm-none-eabi-size  jumpingLight.elf 
   text	   data	    bss	    dec	    hex	filename
   6844	    120	   1568	   8532	   2154	jumpingLight.elf
Finished building: default.size.stdout
 
02:18:28 **** Incremental Build of configuration Debug for project DisplayCounter ****
make -j12 all 
arm-none-eabi-size  DisplayCounter.elf 
   text	   data	    bss	    dec	    hex	filename
   6860	     12	   1572	   8444	   20fc	DisplayCounter.elf
Finished building: default.size.stdout
 
02:18:28 **** Incremental Build of configuration Debug for project STM32_Base_Project ****
make -j12 all 
arm-none-eabi-gcc "../Src/main.c" -mcpu=cortex-m4 -std=gnu11 -g3 -DDEBUG -DSTM32L4 -DSTM32L496ZGTx -DSTM32 -c -I../Inc -O0 -ffunction-sections -fdata-sections -Wall -fstack-usage -fcyclomatic-complexity -MMD -MP -MF"Src/main.d" -MT"Src/main.o" --specs=nano.specs -mfpu=fpv4-sp-d16 -mfloat-abi=hard -mthumb -o "Src/main.o"
../Src/main.c: In function 'main':
../Src/main.c:128:46: warning: implicit declaration of function 'pow' [-Wimplicit-function-declaration]
  128 |             int digitValue = (current / (int)pow(10, digit)) % 10;
      |                                              ^~~
../Src/main.c:19:1: note: include '<math.h>' or provide a declaration of 'pow'
   18 | #include <stdint.h>
  +++ |+#include <math.h>
   19 | 
../Src/main.c:128:46: warning: incompatible implicit declaration of built-in function 'pow' [-Wbuiltin-declaration-mismatch]
  128 |             int digitValue = (current / (int)pow(10, digit)) % 10;
      |                                              ^~~
../Src/main.c:128:46: note: include '<math.h>' or provide a declaration of 'pow'
../Src/main.c:129:13: warning: implicit declaration of function 'updateDisplay' [-Wimplicit-function-declaration]
  129 |             updateDisplay(digitValue, digit);
      |             ^~~~~~~~~~~~~
../Src/main.c:35:29: warning: conversion from 'short unsigned int' to 'uint8_t' {aka 'unsigned char'} changes value from '32768' to '0' [-Woverflow]
   35 | #define GPIO_PIN_15         ((uint16_t)0x8000)
      |                             ^~~~~~~~~~~~~~~~~~
../Src/main.c:82:29: note: in expansion of macro 'GPIO_PIN_15'
   82 | #define JOYSTICK_PUSHED_PIN GPIO_PIN_15
      |                             ^~~~~~~~~~~
../Src/main.c:134:42: note: in expansion of macro 'JOYSTICK_PUSHED_PIN'
  134 |                 if (readValueGpio(GPIOE, JOYSTICK_PUSHED_PIN) == ON)
      |                                          ^~~~~~~~~~~~~~~~~~~
../Src/main.c: At top level:
../Src/main.c:220:6: warning: conflicting types for 'updateDisplay'; have 'void(int,  int)'
  220 | void updateDisplay(int num, int digit)
      |      ^~~~~~~~~~~~~
../Src/main.c:129:13: note: previous implicit declaration of 'updateDisplay' with type 'void(int,  int)'
  129 |             updateDisplay(digitValue, digit);
      |             ^~~~~~~~~~~~~
arm-none-eabi-gcc -o "STM32_Base_Project.elf" @"objects.list"   -mcpu=cortex-m4 -T"C:\Users\Damian\STM32CubeIDE\workspace_1.18.0\STM32_base_project_without_HAL.zip_expanded\STM32_Base_Project\STM32L496ZGTX_FLASH.ld" --specs=nosys.specs -Wl,-Map="STM32_Base_Project.map" -Wl,--gc-sections -static --specs=nano.specs -mfpu=fpv4-sp-d16 -mfloat-abi=hard -mthumb -Wl,--start-group -lc -lm -Wl,--end-group
Finished building target: STM32_Base_Project.elf
 
arm-none-eabi-size  STM32_Base_Project.elf 
arm-none-eabi-objdump -h -S STM32_Base_Project.elf  > "STM32_Base_Project.list"
   text	   data	    bss	    dec	    hex	filename
   8472	     84	   1876	  10432	   28c0	STM32_Base_Project.elf
Finished building: default.size.stdout
 
Finished building: STM32_Base_Project.list
 
02:18:29 **** Incremental Build of configuration Debug for project jumpingLight ****
make -j12 all 
arm-none-eabi-size  jumpingLight.elf 
   text	   data	    bss	    dec	    hex	filename
   6844	    120	   1568	   8532	   2154	jumpingLight.elf
Finished building: default.size.stdout
 
02:19:42 **** Incremental Build of configuration Debug for project DisplayCounter ****
make -j12 all 
arm-none-eabi-size  DisplayCounter.elf 
   text	   data	    bss	    dec	    hex	filename
   6860	     12	   1572	   8444	   20fc	DisplayCounter.elf
Finished building: default.size.stdout
 
02:19:42 **** Incremental Build of configuration Debug for project STM32_Base_Project ****
make -j12 all 
arm-none-eabi-gcc "../Src/main.c" -mcpu=cortex-m4 -std=gnu11 -g3 -DDEBUG -DSTM32L4 -DSTM32L496ZGTx -DSTM32 -c -I../Inc -O0 -ffunction-sections -fdata-sections -Wall -fstack-usage -fcyclomatic-complexity -MMD -MP -MF"Src/main.d" -MT"Src/main.o" --specs=nano.specs -mfpu=fpv4-sp-d16 -mfloat-abi=hard -mthumb -o "Src/main.o"
../Src/main.c: In function 'updateDisplay':
../Src/main.c:120:1: error: expected '=', ',', ';', 'asm' or '__attribute__' before '{' token
  120 | {
      | ^
../Src/main.c:148:1: error: expected '=', ',', ';', 'asm' or '__attribute__' before '{' token
  148 | {
      | ^
../Src/main.c:154:1: error: expected '=', ',', ';', 'asm' or '__attribute__' before '{' token
  154 | {
      | ^
../Src/main.c:159:1: error: expected '=', ',', ';', 'asm' or '__attribute__' before '{' token
  159 | {
      | ^
../Src/main.c:163:1: error: expected '=', ',', ';', 'asm' or '__attribute__' before '{' token
  163 | {
      | ^
../Src/main.c:167:1: error: expected '=', ',', ';', 'asm' or '__attribute__' before '{' token
  167 | {
      | ^
../Src/main.c:172:1: error: expected '=', ',', ';', 'asm' or '__attribute__' before '{' token
  172 | {
      | ^
../Src/main.c:177:1: error: expected '=', ',', ';', 'asm' or '__attribute__' before '{' token
  177 | {
      | ^
../Src/main.c:182:1: error: expected '=', ',', ';', 'asm' or '__attribute__' before '{' token
  182 | {
      | ^
../Src/main.c:195:1: error: expected '=', ',', ';', 'asm' or '__attribute__' before '{' token
  195 | {
      | ^
../Src/main.c:218:1: error: expected '=', ',', ';', 'asm' or '__attribute__' before '{' token
  218 | {
      | ^
../Src/main.c:222:1: error: expected '=', ',', ';', 'asm' or '__attribute__' before '{' token
  222 | {
      | ^
../Src/main.c:257: error: expected '{' at end of input
make: *** [Src/subdir.mk:28: Src/main.o] Error 1
"make -j12 all" terminated with exit code 2. Build might be incomplete.
02:19:43 **** Incremental Build of configuration Debug for project jumpingLight ****
make -j12 all 
arm-none-eabi-size  jumpingLight.elf 
   text	   data	    bss	    dec	    hex	filename
   6844	    120	   1568	   8532	   2154	jumpingLight.elf
Finished building: default.size.stdout
 
02:19:49 **** Incremental Build of configuration Debug for project DisplayCounter ****
make -j12 all 
arm-none-eabi-size  DisplayCounter.elf 
   text	   data	    bss	    dec	    hex	filename
   6860	     12	   1572	   8444	   20fc	DisplayCounter.elf
Finished building: default.size.stdout
 
02:19:50 **** Incremental Build of configuration Debug for project STM32_Base_Project ****
make -j12 all 
arm-none-eabi-gcc "../Src/main.c" -mcpu=cortex-m4 -std=gnu11 -g3 -DDEBUG -DSTM32L4 -DSTM32L496ZGTx -DSTM32 -c -I../Inc -O0 -ffunction-sections -fdata-sections -Wall -fstack-usage -fcyclomatic-complexity -MMD -MP -MF"Src/main.d" -MT"Src/main.o" --specs=nano.specs -mfpu=fpv4-sp-d16 -mfloat-abi=hard -mthumb -o "Src/main.o"
../Src/main.c: In function 'main':
../Src/main.c:129:46: warning: implicit declaration of function 'pow' [-Wimplicit-function-declaration]
  129 |             int digitValue = (current / (int)pow(10, digit)) % 10;
      |                                              ^~~
../Src/main.c:19:1: note: include '<math.h>' or provide a declaration of 'pow'
   18 | #include <stdint.h>
  +++ |+#include <math.h>
   19 | 
../Src/main.c:129:46: warning: incompatible implicit declaration of built-in function 'pow' [-Wbuiltin-declaration-mismatch]
  129 |             int digitValue = (current / (int)pow(10, digit)) % 10;
      |                                              ^~~
../Src/main.c:129:46: note: include '<math.h>' or provide a declaration of 'pow'
../Src/main.c:35:29: warning: conversion from 'short unsigned int' to 'uint8_t' {aka 'unsigned char'} changes value from '32768' to '0' [-Woverflow]
   35 | #define GPIO_PIN_15         ((uint16_t)0x8000)
      |                             ^~~~~~~~~~~~~~~~~~
../Src/main.c:82:29: note: in expansion of macro 'GPIO_PIN_15'
   82 | #define JOYSTICK_PUSHED_PIN GPIO_PIN_15
      |                             ^~~~~~~~~~~
../Src/main.c:135:42: note: in expansion of macro 'JOYSTICK_PUSHED_PIN'
  135 |                 if (readValueGpio(GPIOE, JOYSTICK_PUSHED_PIN) == ON)
      |                                          ^~~~~~~~~~~~~~~~~~~
arm-none-eabi-gcc -o "STM32_Base_Project.elf" @"objects.list"   -mcpu=cortex-m4 -T"C:\Users\Damian\STM32CubeIDE\workspace_1.18.0\STM32_base_project_without_HAL.zip_expanded\STM32_Base_Project\STM32L496ZGTX_FLASH.ld" --specs=nosys.specs -Wl,-Map="STM32_Base_Project.map" -Wl,--gc-sections -static --specs=nano.specs -mfpu=fpv4-sp-d16 -mfloat-abi=hard -mthumb -Wl,--start-group -lc -lm -Wl,--end-group
Finished building target: STM32_Base_Project.elf
 
arm-none-eabi-size  STM32_Base_Project.elf 
arm-none-eabi-objdump -h -S STM32_Base_Project.elf  > "STM32_Base_Project.list"
   text	   data	    bss	    dec	    hex	filename
   8472	     84	   1876	  10432	   28c0	STM32_Base_Project.elf
Finished building: default.size.stdout
 
Finished building: STM32_Base_Project.list
 
02:19:50 **** Incremental Build of configuration Debug for project jumpingLight ****
make -j12 all 
arm-none-eabi-size  jumpingLight.elf 
   text	   data	    bss	    dec	    hex	filename
   6844	    120	   1568	   8532	   2154	jumpingLight.elf
Finished building: default.size.stdout
 
02:22:40 **** Incremental Build of configuration Debug for project DisplayCounter ****
make -j12 all 
arm-none-eabi-size  DisplayCounter.elf 
   text	   data	    bss	    dec	    hex	filename
   6860	     12	   1572	   8444	   20fc	DisplayCounter.elf
Finished building: default.size.stdout
 
02:22:41 **** Incremental Build of configuration Debug for project STM32_Base_Project ****
make -j12 all 
arm-none-eabi-gcc "../Src/main.c" -mcpu=cortex-m4 -std=gnu11 -g3 -DDEBUG -DSTM32L4 -DSTM32L496ZGTx -DSTM32 -c -I../Inc -O0 -ffunction-sections -fdata-sections -Wall -fstack-usage -fcyclomatic-complexity -MMD -MP -MF"Src/main.d" -MT"Src/main.o" --specs=nano.specs -mfpu=fpv4-sp-d16 -mfloat-abi=hard -mthumb -o "Src/main.o"
../Src/main.c: In function 'main':
../Src/main.c:128:46: warning: implicit declaration of function 'pow' [-Wimplicit-function-declaration]
  128 |             int digitValue = (current / (int)pow(10, digit)) % 10;
      |                                              ^~~
../Src/main.c:19:1: note: include '<math.h>' or provide a declaration of 'pow'
   18 | #include <stdint.h>
  +++ |+#include <math.h>
   19 | 
../Src/main.c:128:46: warning: incompatible implicit declaration of built-in function 'pow' [-Wbuiltin-declaration-mismatch]
  128 |             int digitValue = (current / (int)pow(10, digit)) % 10;
      |                                              ^~~
../Src/main.c:128:46: note: include '<math.h>' or provide a declaration of 'pow'
../Src/main.c:129:13: warning: implicit declaration of function 'updateDisplay' [-Wimplicit-function-declaration]
  129 |             updateDisplay(digitValue, digit);
      |             ^~~~~~~~~~~~~
../Src/main.c: At top level:
../Src/main.c:220:6: warning: conflicting types for 'updateDisplay'; have 'void(int,  int)'
  220 | void updateDisplay(int num, int digit)
      |      ^~~~~~~~~~~~~
../Src/main.c:129:13: note: previous implicit declaration of 'updateDisplay' with type 'void(int,  int)'
  129 |             updateDisplay(digitValue, digit);
      |             ^~~~~~~~~~~~~
arm-none-eabi-gcc -o "STM32_Base_Project.elf" @"objects.list"   -mcpu=cortex-m4 -T"C:\Users\Damian\STM32CubeIDE\workspace_1.18.0\STM32_base_project_without_HAL.zip_expanded\STM32_Base_Project\STM32L496ZGTX_FLASH.ld" --specs=nosys.specs -Wl,-Map="STM32_Base_Project.map" -Wl,--gc-sections -static --specs=nano.specs -mfpu=fpv4-sp-d16 -mfloat-abi=hard -mthumb -Wl,--start-group -lc -lm -Wl,--end-group
Finished building target: STM32_Base_Project.elf
 
arm-none-eabi-size  STM32_Base_Project.elf 
arm-none-eabi-objdump -h -S STM32_Base_Project.elf  > "STM32_Base_Project.list"
   text	   data	    bss	    dec	    hex	filename
   8480	     84	   1876	  10440	   28c8	STM32_Base_Project.elf
Finished building: default.size.stdout
 
Finished building: STM32_Base_Project.list
 
02:22:42 **** Incremental Build of configuration Debug for project jumpingLight ****
make -j12 all 
arm-none-eabi-size  jumpingLight.elf 
   text	   data	    bss	    dec	    hex	filename
   6844	    120	   1568	   8532	   2154	jumpingLight.elf
Finished building: default.size.stdout
 
02:23:14 **** Incremental Build of configuration Debug for project DisplayCounter ****
make -j12 all 
arm-none-eabi-size  DisplayCounter.elf 
   text	   data	    bss	    dec	    hex	filename
   6860	     12	   1572	   8444	   20fc	DisplayCounter.elf
Finished building: default.size.stdout
 
02:23:15 **** Incremental Build of configuration Debug for project STM32_Base_Project ****
make -j12 all 
arm-none-eabi-gcc "../Src/main.c" -mcpu=cortex-m4 -std=gnu11 -g3 -DDEBUG -DSTM32L4 -DSTM32L496ZGTx -DSTM32 -c -I../Inc -O0 -ffunction-sections -fdata-sections -Wall -fstack-usage -fcyclomatic-complexity -MMD -MP -MF"Src/main.d" -MT"Src/main.o" --specs=nano.specs -mfpu=fpv4-sp-d16 -mfloat-abi=hard -mthumb -o "Src/main.o"
../Src/main.c: In function 'main':
../Src/main.c:129:46: warning: implicit declaration of function 'pow' [-Wimplicit-function-declaration]
  129 |             int digitValue = (current / (int)pow(10, digit)) % 10;
      |                                              ^~~
../Src/main.c:19:1: note: include '<math.h>' or provide a declaration of 'pow'
   18 | #include <stdint.h>
  +++ |+#include <math.h>
   19 | 
../Src/main.c:129:46: warning: incompatible implicit declaration of built-in function 'pow' [-Wbuiltin-declaration-mismatch]
  129 |             int digitValue = (current / (int)pow(10, digit)) % 10;
      |                                              ^~~
../Src/main.c:129:46: note: include '<math.h>' or provide a declaration of 'pow'
arm-none-eabi-gcc -o "STM32_Base_Project.elf" @"objects.list"   -mcpu=cortex-m4 -T"C:\Users\Damian\STM32CubeIDE\workspace_1.18.0\STM32_base_project_without_HAL.zip_expanded\STM32_Base_Project\STM32L496ZGTX_FLASH.ld" --specs=nosys.specs -Wl,-Map="STM32_Base_Project.map" -Wl,--gc-sections -static --specs=nano.specs -mfpu=fpv4-sp-d16 -mfloat-abi=hard -mthumb -Wl,--start-group -lc -lm -Wl,--end-group
Finished building target: STM32_Base_Project.elf
 
arm-none-eabi-size  STM32_Base_Project.elf 
arm-none-eabi-objdump -h -S STM32_Base_Project.elf  > "STM32_Base_Project.list"
   text	   data	    bss	    dec	    hex	filename
   8480	     84	   1876	  10440	   28c8	STM32_Base_Project.elf
Finished building: default.size.stdout
 
Finished building: STM32_Base_Project.list
 
02:23:16 **** Incremental Build of configuration Debug for project jumpingLight ****
make -j12 all 
arm-none-eabi-size  jumpingLight.elf 
   text	   data	    bss	    dec	    hex	filename
   6844	    120	   1568	   8532	   2154	jumpingLight.elf
Finished building: default.size.stdout
 
02:23:41 **** Incremental Build of configuration Debug for project DisplayCounter ****
make -j12 all 
arm-none-eabi-size  DisplayCounter.elf 
   text	   data	    bss	    dec	    hex	filename
   6860	     12	   1572	   8444	   20fc	DisplayCounter.elf
Finished building: default.size.stdout
 
02:23:41 **** Incremental Build of configuration Debug for project STM32_Base_Project ****
make -j12 all 
arm-none-eabi-gcc "../Src/main.c" -mcpu=cortex-m4 -std=gnu11 -g3 -DDEBUG -DSTM32L4 -DSTM32L496ZGTx -DSTM32 -c -I../Inc -O0 -ffunction-sections -fdata-sections -Wall -fstack-usage -fcyclomatic-complexity -MMD -MP -MF"Src/main.d" -MT"Src/main.o" --specs=nano.specs -mfpu=fpv4-sp-d16 -mfloat-abi=hard -mthumb -o "Src/main.o"
arm-none-eabi-gcc -o "STM32_Base_Project.elf" @"objects.list"   -mcpu=cortex-m4 -T"C:\Users\Damian\STM32CubeIDE\workspace_1.18.0\STM32_base_project_without_HAL.zip_expanded\STM32_Base_Project\STM32L496ZGTX_FLASH.ld" --specs=nosys.specs -Wl,-Map="STM32_Base_Project.map" -Wl,--gc-sections -static --specs=nano.specs -mfpu=fpv4-sp-d16 -mfloat-abi=hard -mthumb -Wl,--start-group -lc -lm -Wl,--end-group
Finished building target: STM32_Base_Project.elf
 
arm-none-eabi-size  STM32_Base_Project.elf 
arm-none-eabi-objdump -h -S STM32_Base_Project.elf  > "STM32_Base_Project.list"
   text	   data	    bss	    dec	    hex	filename
   8480	     84	   1876	  10440	   28c8	STM32_Base_Project.elf
Finished building: default.size.stdout
 
Finished building: STM32_Base_Project.list
 
02:23:42 **** Incremental Build of configuration Debug for project jumpingLight ****
make -j12 all 
arm-none-eabi-size  jumpingLight.elf 
   text	   data	    bss	    dec	    hex	filename
   6844	    120	   1568	   8532	   2154	jumpingLight.elf
Finished building: default.size.stdout
 
